Artist,Total Streams
"$hirak, Lil Kleine",34414303
"$igmund, Mio Dior",1196
"$kyhook, Morad",20826185
"-M-, Michel Legrand",194480
".Feast, Rayssa Dynta",6680548
"0-600, Neo Pistea, Coqeéin Montana",275630
"070 Shake, Jessie Reyez",3425
"070 Shake, Ralphy River, Hack & Tree",4809452
"1.Cuz, 4yye",348836
"1.Cuz, Aden",726653
"1.Cuz, Asme",1654009
"1.Cuz, Dree Low, Yei Gonzalez",587316
"1.Cuz, Einár, Dree Low",5316903
"1.Cuz, Einár, Matte Caliste",1130444
"1.Cuz, Einár, Yei Gonzalez",5640077
"1.Cuz, Greekazo, Yei Gonzalez",19175015
"1.Cuz, Luk G, Yei Gonzalez",848209
"100 Blaze, Koba LaD",12325944
"100 Blaze, RK",624238
"102 Boyz, 65Goonz, Chapo102, Addikt102",415654
"102 Boyz, Chapo102, Stacks102, Addikt102",183891
"10an, Ant Wan",196909
"16yrold, KILLY",618700
"187 Strassenbande, Bonez MC",1162741
"187 Strassenbande, Bonez MC, Gzuz",17019296
"187 Strassenbande, Bonez MC, LX, Gzuz",1004501
"187 Strassenbande, Bonez MC, RAF Camora, Gzuz, Maxwell",1764673
"187 Strassenbande, Gzuz, Bonez MC",1662242
"187 Strassenbande, Gzuz, Bonez MC, LX",5048569
"187 Strassenbande, LX",925695
"187 Strassenbande, LX, Bonez MC, Maxwell",269649
"187 Strassenbande, LX, Gzuz, Bonez MC",809923
"187 Strassenbande, LX, Maxwell",452437
"187 Strassenbande, LX, Sa4, Maxwell",1567250
"187 Strassenbande, Maxwell",809947
"187 Strassenbande, Sa4",360181
"187 Strassenbande, Sa4, Bonez MC, Gzuz",768794
"187 Strassenbande, Sa4, Gzuz, Bonez MC, LX",1375884
"1Kilo, DoisP",1147779
"1Kilo, Knust, Baviera",79740261
"1MILL, DIAMOND MQT",324795
"1MILL, FIIXD, SUNNYBONE",685120
"2 Chainz, Gucci Mane, Quavo",10299989
"2 Chainz, Travis Scott",25039945
"2 Chainz, Ty Dolla $ign, Trey Songz, Jhené Aiko",47719842
"2 Chainz, YG, Offset",3668553
"21 Savage, Metro Boomin",127061667
"21 Savage, Offset, Metro Boomin, Travis Scott",6991482
"24/7, Birgir Hákon",59736
"24/7, Birnir",11526
"24/7, Drengur",10270
"24/7, Joey Christ, Birnir, Daniil",109723
"24/7, Tommy",8273
"24/7, Yung Nigo Drippin', Gvdjon",18099
"24/7, Ízleifur, Siffi",5631
"24K, Aden, Asme",140537
"24K, Yasin",76044
"24SJU, Asme",1359898
"257ers, Captain Jack",66582
"2J, Tus",45033
"2K, Szpaku",7654066
"2K, Szpaku, Kaz Bałagane",23256
"2K, Szpaku, Young Igi",384427
"2M, Ant Wan",427036
"2Pac, Roger, Dr. Dre",78098
"2Pac, Talent",117232
"2T FLOW, SNOOPO, HANXPOND",1602646
"2T, Văn",2694
"2WEI, Edda Hayes",12136
"2bona, Krisko",29018
"2humanlink, Pablo Martin, Alex Express, Kokeba",1389
"372kaspar, Beebilõust, nublu",173275
"3LAU, Justin Caruso, Iselin",13157
"3robi, Ashafar",1481184
"3robi, Kingsize",52589
"3robi, Kingsize, LouiVos",73420
"3robi, Lacrim",807208
"3robi, LouiVos, Bartofso",111295
"3robi, Mula B",204237
"404Billy, Damso",788398
"4Keus Gang, Kaaris",471486
"4Keus, Leto",99228
"4Keus, No Limit",120052
"4Keus, Q.E Favelas",213584
"4Keus, Sidiki Diabaté",906907
"4Keus, Weei Soldat",30538
"4Korners, Freekill, Alexandria",1586
"50 Cent, Olivia",7218
"5MIINUST, Sass Henno",65637
"5MIINUST, Sass Henno, Jozels",601764
"5MIINUST, Villemdrillem",612955
"5MIINUST, nublu",1289891
"5MIINUST, nublu, PLUUTO",793996
"5NAPBACK, Daniël Busser",86165
"612, KingSkurkOne, Moggger, Lille Leon, T_boyofficial",12175
"6150, EPK",22805
"6LACK, Love Renaissance (LVRN)",7767
"6iant, Velet, #SS",22855
"6ix9ine, A Boogie Wit da Hoodie",47484951
"6ix9ine, Anuel AA",709490074
"6ix9ine, Bobby Shmurda",121319558
"6ix9ine, DJ SpinKing",93364103
"6ix9ine, Fetty Wap, A Boogie Wit da Hoodie",20934928
"6ix9ine, Gunna",10422992
"6ix9ine, Kanye West",17477197
"6ix9ine, Lil Baby",101435720
"6ix9ine, Nicki Minaj, Kanye West",84726011
"6ix9ine, Nicki Minaj, Murda Beatz",119836981
"6ix9ine, Off Set",292074
"6ix9ine, Rarri",434148
"6ix9ine, Tory Lanez",227690274
"6ix9ine, Tory Lanez, Young Thug",10678507
"6ix9ine, TrifeDrew",4203694
"7Bantai'Z, D'Evil, DIVINE",43435
"7liwa, 3robi",50433
"7liwa, Balti",2472
"7liwa, DJ Hamida",1119
"8 Kambarys, Niko",165341
"808milli, Jacin Trill, Cry",181018
"808x, A-Reece, The Big Hash",2222
"831, A-Lin",55611
"88GLAM, NAV",163780
"88rising, Jackson Wang, Higher Brothers",21116
"88rising, Joji",42571
"88rising, Joji, BlocBoy JB",345361
"88rising, Joji, Don Krez",95415
"88rising, Joji, Jackson Wang",1672626
"88rising, Joji, Rich Brian, Higher Brothers, AUGUST 08",32512895
"88rising, NIKI",15243669
"88rising, NIKI, Phum Viphurit",35900
"88rising, NIKI, Rich Brian",102371
"88rising, Phum Viphurit, Higher Brothers",214299
"88rising, Rich Brian",5146405
"88rising, Rich Brian, CHUNG HA",497757
"88rising, Stephanie Poetri, Jackson Wang",246056
"914, Mike the Menace",8009
"9m88, Leo Wang",393953
"9m88, Leo王",59590
"@LMK ~ LoveMusic""Kindness",4418
"A Banca Records, Lourena, Azzy, Mazin, Black",20740552
"A Boogie Wit da Hoodie, Paulo Londra",8149891
"A Great Big World, Christina Aguilera",259055
"A Touch Of Class, Pete Konemann",38031
"A$AP Rocky, Gucci Mane, 21 Savage",8682456
"A-Lin, J.Sheon",110946
"A-Mei Chang, E-SO",206384
"A-Mei Chang, Eve Ai, LaLa Hsu",333417
"A-Mei Chang, Jam Hsiao",21265
"A-Mei Chang, Jerry Lin",8187
"A-Mei Chang, Jerry Lin, Premium Studio",6819
"A-Reece, Wordz",3512
"A.B. Quintanilla III Y Los Kumbia Kings, Ricardo Muñoz",4293
"A.J., Sauce Walka",1014
"A.R. Rahman, Arijit Singh",8188127
"A.R. Rahman, Badshah, Tanishk Bagchi, Shashaa Tirupati, Jubin Nautiyal",4739847
"A.R. Rahman, Chinmayi, Murtuza Khan, Qadir Khan",16195
"A.R. Rahman, Javed Ali, Mohit Chauhan",1304712
"A.R. Rahman, Mayssa Karaa, thoughtsfornow",20496
"A.R. Rahman, Naresh Iyer",5086
"A.R. Rahman, Shashaa Tirupati",185433
"A.R. Rahman, Sreekanth Hariharan, Madhura Dhara Talluri",130874
"A.R. Rahman, Thalapathy Vijay",1755464
"A/DA 阿達, Chun Feng, Ming Wei Yang",2543
"ACRU, WOS",4218002
"ACTART, Wonderframe",125902
"ADAAM, D50",5335731
"ADAAM, DnoteOnDaBeat",474141
"ADAAM, Einár",92757
"ADAAM, Jamkid",191796
"ADAAM, VC Barre",496607
"ADF Samski, ADF Ricky",641412
"ADF Samski, p.APE",31489
"ADHD, Rasmus Paludan",3107966
"ADL, Choice, Negra Li, Djonga, Menor do Chapa",1453408
"AG, Beebilõust",2233
"AGA, Gin Lee",1384032
"AI, Kanna",89465
"AI, 頑童Mj116",38239
"AJ Mitchell, Ava Max",111047
"AJ Tracey, KSI",688214
"AJ Tracey, Skepta",3122072
"AJ Tracey, Z.E",450440
"AJ, Deno",20992935
"AJ, Geko, Ard Adz, Koomz",363123
"AJR, Rivers Cuomo",15156083
"AK AUSSERKONTROLLE, Bonez MC",16105032
"AK AUSSERKONTROLLE, Fux Ausserkontrolle",3072462
"AK AUSSERKONTROLLE, Kontra K",75412
"AK AUSSERKONTROLLE, Sa4",336429
"AK AUSSERKONTROLLE, Shindy",4061848
"AK AUSSERKONTROLLE, Veysel",9837703
"AK-47, Noggano",1548
"AKA, JR",1213
"AKA, KDDO",2008
"AKA, Kwesta",2284
"AKA, L-Tido",7553
"AKA, Okmalumkoolkat, JR",2498
"AKA, Stogie T",1409
"AKA, Yanga Chief",1940
"AKA, YoungstaCPT",35605
"AKASA, Neeti Mohan, Kamaal Khan",335830
"AKASA, Neeti Mohan, Kamaal Khan, Vishal-Shekhar",47706
"AKKOGORILLA, Taichi Mukai",48530
"AKLO, JAY'ED",47325
"ALKØ, Valdís",1251
"ALLMO$T, L.A. GOON$, Peso Mercado",13361219
"ALMA, MØ",69417
"ALMA, Tove Lo",410350
"ALMA, Tove Styrke",724044
"ALREADY DEADD, FIIXD, YOUNGOHM",46304
"ALYPH, SonaOne",1669615
"AM La Scampia, Lacrim",3132086
"AMEE, B Ray",29217
"AMEE, Ricky Star",16341
"AMEE, Viruss",2991
"AMO98, Casanova",3594
"ANAVITÓRIA, Atitude 67",57909
"ANAVITÓRIA, Diogo Piçarra",853288
"ANAVITÓRIA, Matheus & Kauan",70418366
"ANAVITÓRIA, OUTROEU",2297746
"ANAVITÓRIA, Tiago Iorc",55142909
"ANAVITÓRIA, Vitor Kley",72827521
"ANNA, MadMan, Gemitaiz",1915208
"ARON, Moonkey, MYGAL",82392
"ARmusicHIT, DB Gad, Dyler",79065
"ATC Taff, ATC Toro",2995
"ATYPISK, Gilli",1449545
"AWAY, Midoca",9968
"Aaron Kwok, Beta Soul",2811
"Aaron Tveit, Eddie Redmayne, Students, Les Misérables Cast",38127
"Aastha Gill, Sachin Sanghvi, Jigar Saraiya, Divya Kumar",2586259
"Abdullah Al Farwan, Abdullah Al Mukhles",5720
"Abdullah Al Mukhles, Abdullah Al Farwan",74899
"Abdullah Al Mukhles, Fahed Bin Fasla",702319
"Abdullah Alshahe, Haya Ahmed",387657
"Abel Pintos, Beatriz Luengo",34201
"Abel de Jong, Malik Montana, Mr. Polska",29729
"Abel de Jong, Mr. Polska, Malik Montana",127512
"Abhay Jodhpurkar, Ajay-Atul",210868
"Abhay Jodhpurkar, Anjana Ankur Singh",18095
"Abhijeet Srivastava, Vishal-Shekhar",8265964
"Abidaz, Einár, HAVAL",195136
"Abidaz, Rami",96802
"Abidaz, Yung Lean",133091
"Abo El Anwar, ARSENIK",36811
"Abou Debeing, Dadju",3975960
"Abou Debeing, Imen Es",217199
"Above The Hood, Hawk, Pepe Frantik, Long3, Smuggler, Sapranov, Spine",488781
"Above The Hood, Hawk, Spine, Long3, Pepe Frantik, Sapranov",428959
"Above The Hood, Sapranov, Hawk, Smuggler, Pepe Frantik, Long3, Spine",84442
"Above The Hood, Sapranov, Hawk, Smuggler, Pepe Frantik, Spine, Long3",50829
"Above The Hood, Smuggler, Pepe Frantik, Spine, Hawk, Sapranov, Long3",18238
"Abra, Chito Miranda of Parokya Ni Edgar",338367
"Abraham Mateo, 50 Cent, Austin Mahone",9020110
"Abraham Mateo, CNCO",3651977
"Abraham Mateo, Farruko, Christian Daniel",34021335
"Abraham Mateo, Manuel Turizo",1927067
"Abraham Mateo, Sofía Reyes",22541727
"Abraham Mateo, Yandel, Jennifer Lopez",2224729
"Abraham Vazquez, T3R Elemento, Los de la O",53373
"Abyusif, Abo El Anwar",612718
"Achee Flips, Lani Mo, Omar X",978753
"Achille Lauro, Boss Doms",41522804
"Achille Lauro, Boss Doms, Gemitaiz",10697727
"Achille Lauro, Coez",465851
"Achille Lauro, Gow Tribe, Boss Doms",532712
"Achille Lauro, Simon P",204428
"Achtabahn, Wincent Weiss",170415
"Adam Mišík, Dorian",1703711
"Adam Mišík, Sofian Medjmedj, SKiNNY BARBER",7835
"Adam Port, &ME, Rampa",1005
"Addal, Henri PFR",71986
"Addikt102, Stacks102, 102 Boyz",67007
"Adel Tawil, KC Rebell, Summer Cem",2903948
"Adel, Aden",1955472
"Adel, Aj B",29719
"Adel, Armin",856275
"Adel, Asme, Dree Low",62361
"Adel, Dani M",27050
"Adel, DnoteOnDaBeat",326415
"Adel, Dree Low",12918069
"Adel, Einár",1262149
"Adel, HAVAL",53511
"Adel, P.J",4415057
"Adelén, Kapla y Miky",112116
"Aden x Asme, Aden, Asme",11471861
"Aden, Asme",630450
"Adera, Nadiya Rawil",2929519
"Adesse, Sido",107640
"Adi L Hasla, Elias Gould",266379
"Adi L Hasla, IKE",41510
"Adi L Hasla, Mäkki, Kube",113937
"Adi L Hasla, Pihlaja",9854056
"Adi Nowak, DZIARMA",2112161
"Adi Nowak, The Returners",72305
"Adje, Architrackz",136488
"Adje, Architrackz, Crooks",24033
"Adje, Architrackz, Josylvio",83832
"Adje, roselilah, Geechi, Frsh",368716
"Adnan Sami, Lo Jill, Kunaal Vermaa",179066
"Adolf Fredriks Musikklasser, Stockholms Musikgymnasium",244431
"Adolf Fredriks Ungdomskör, Adolf Fredriks Flickkör",74375
"Adolphe Adam, John Williams",330904
"Adoo, SAMI",125218
"Ados, Şanışer",139227
"Ados, Şanışer, Sokrat St",159759
"Adrian Khalif, Dipha Barus",6021
"Adrian Sellevoll, NonStop Music",383413
"Adrian Sellevoll, Snow Boyz",230899
"Adriel Favela, Código FN",29286290
"Adriel Favela, Javier Rosas",53530863
"Adrijana, Z.E",450597
"Ae Jirakorn, วิน รัตนพล",1524
"Aeh Syndrome, MVL",18324
"Aerozen, Tussin",241063
"African Elvis, Lyrick Litani",33419
"Afro Bros, Finest Sno",217416
"Afro Bros, Finest Sno, Kalibwoy, Darr3n",100980
"Afro Bros, Kalibwoy",160165
"Afro Bros, Supergaande",40966
"Afro Brotherz, Prince Kaybee, Lady Zamar",1971
"Afrojack, David Guetta, Ester Dean",1060065
"Afrojack, Jewelz & Sparks",62345
"Afrojack, Luis Fonsi",165326
"Afrojack, Stanaj",132448
"Agam Buhbut, Gal Adam",577746
"Agapornis, El Villano",6884
"Agapornis, Hernan y La Champion's Liga, Lauro",13822871
"Agatha, Max Vangeli",15305
"Agir, Ana Moura",49948
"Agir, Carolina Deslandes, Diogo Piçarra",182956
"Agir, Diogo Piçarra",409680
"Agir, Papillon",176904
"Agnes Nunes, Xamã",3753066
"Agus Padilla, Ecko",6793922
"Agus Padilla, Papichamp",33958
"Agust D, MAX",2990146
"Agust D, NiiHWA",2937527
"Agust D, RM",3261663
"Agust D, SURAN",2959
"Agust D, Yankie",2730
"Agustín Casanova, Abraham Mateo, Mau y Ricky",160054
"Agustín Casanova, Chyno Miranda",301480
"Ahdam, Parana",449358
"Ahmad Amin, The Cratez",346303
"Aitana, Amaia",1516606
"Aitana, Ana Guerra",52525859
"Aitana, Ana Guerra, Greeicy, TINI",3376364
"Aitana, Cali Y El Dandee",34730236
"Aitana, Lele Pons",4165421
"Aitana, Lola Indigo",27036420
"Aitana, Reik",4422111
"Aitch, AJ Tracey, Tay Keith",25824255
"Aitch, MoStack",770336
"Aivovuoto, Ex Tuuttiz",7746
"Aiza Seguerra, Juris, Yeng Constantino, Carol Banawa",189778
"Ajay-Atul, Ajay Gogavale",41114
"Ajda Pekkan, Bahadır Tatlıöz",88858
"Ajey Nagar (CarryMinati), Yash Nagar (Wily Frenzy)",519432
"Akhil Sachdeva, Antara Mitra, Arijit Singh, Benny Dayal, Dhvani Bhanushali, Karan Sehmbi, Nikhita Gandhi, Rahat Fateh Ali Khan, Sachet Tandon, Shreya Ghoshal, Tulsi Kumar, A.R. Rahman, Amaal Mallik, Goldboy, Mithoon, Pritam, Rochak Kohli, Sachet-Parampara, Sandesh Shandilya, Sourav Roy, Tanishk Bagchi, DJ Yogii",3398118
"Akhil Sachdeva, Mansheel Gujral",1355057
"Akhil Sachdeva, Tulsi Kumar",21489074
"Akhil, Dhvani Bhanushali",3051110
"Akhil, Dhvani Bhanushali, Abhijit Vaghani, Bob",22260305
"Akhil, Manni Sandhu",99785
"Aki Starr, Willie Valentin",7211
"Akim, Chamaco",147220
"Akim, Farruko, Ankhal",209561
"Akim, SECH",1437158
"Akon, Eminem",27787
"Akram Hosny, Ahmed Fahmi",3062
"Aku, Nikke Ankara, Jussi Kuoma",9544
"Akáty, Přehmaty",3511
"Al Gear, Farid Bang, Kollegah",47642
"Al James, Rjay Ty, Lexus",3796980
"Aladin 135, PLK",52383
"Alan Gomez, Bebo Yau",695619
"Alan Gomez, Jona Mix",1456542
"Alan Menken, Tim Rice, Lea Salonga, Brad Kane",392756
"Alan Walker, A$AP Rocky, Kameron",4868601
"Alan Walker, Au/Ra, Tomine Harket",185249265
"Alan Walker, Ava Max",173420165
"Alan Walker, David Whistle",1062823
"Alan Walker, Gavin James",22708984
"Alan Walker, Hans Zimmer",141735
"Alan Walker, Julie Bergan",517444
"Alan Walker, Julie Bergan, K-391, SEUNGRI",6145582
"Alan Walker, K-391, Emelie Hollow",64961986
"Alan Walker, K-391, Sofia Carson",7049682
"Alan Walker, Noah Cyrus, Digital Farm Animals",113095544
"Alan Walker, Ruben",4185366
"Alan Walker, Sabrina Carpenter, Farruko",329893084
"Alan Walker, Sophia Somajo",97234705
"Alan Walker, Sorana",16121442
"Alan Walker, Steve Aoki",644594
"Alan Walker, Trevor Guthrie",37708
"Alba Reche, Carlos Right",420872
"Alba Reche, Natalia Lacunza, Julia Medina",217309
"Alba Reche, Noelia Franco",545843
"Alba Reche, Pol Granch",56938
"Albatraoz, Ture Brute",7460943
"Albert Dyrlund, Niklas",87035
"Albert Dyrlund, Sidney Lee, Jesu Brødre",1680991
"Albin Johnsén, Gontevas",18583
"Albin Myers, ODZ",1709118
"Albo Inaczej, Mrozu",15874
"Albo Inaczej, Piotr Ziola",8331
"Alda Dis, Unglingalandsliðið",1043
"Alda Dis, Unglingalandsliðið, Ýmsir",2382
"AldoRanks, Dubosky",1086
"Ale Mendoza, Tayl G, Sartiboy, Fracisco Paez, Ale Puga, Yessie, Sunday Funday, Pedro Cuevas, Hancer, ZELAYA",2203
"Alejandro Balbis, Emiliano Muñoz",2204
"Alejandro Fernández, Christian Nodal",103438
"Alejandro Fernández, Los Tigres Del Norte",329991
"Alejandro Fernández, Morat",39728687
"Alejandro Fernández, Sebastian Yatra",21610856
"Alejandro Sanz, Camila Cabello",26790150
"Alejandro Sanz, Judit Neddermann",85079
"Alejandro Sanz, Marc Anthony",12180786
"Alejandro Sanz, Nicky Jam",4578299
"Alejandro Sanz, Residente",161086
"Alekna, Otreya",20916
"Aleman, Dee, Fntxy, Yoga Fire, Muelas De Gallo",177243
"Aleman, Natanael Cano",460048
"Aleman, Yoga Fire, Cozy Cuz, Fntxy, Dee",720431
"Alessia Cara, Sebastian Kole",254577
"Alesso, Anitta",2393449
"Alesso, Tove Lo",8456
"Alex Ceesay, Ant Wan, Gee Dixon, Salle, Black Ghost",92372
"Alex Ceesay, Salle",23452
"Alex Fong, Stephy Tang",81067
"Alex Gaudino, Crystal Waters",166450
"Alex Lustig, Akacia",3071
"Alex Mattson, Damon Sharpe",292162
"Alex Mattson, RØRY",248788
"Alex R., Lenny T.",400601
"Alex Rose, Almighty",328478
"Alex Rose, Casper Magico, Ñengo Flow, Bryant Myers, Noriel, Juhn Allstar, Miky Woodz, Jhay Cortez, Myke Towers",13301755
"Alex Rose, Cazzu, Lenny Tavárez, Lyanno, Rauw Alejandro",1249950
"Alex Rose, Cazzu, Rauw Alejandro, Lenny Tavárez",209879232
"Alex Rose, Dalex",172439
"Alex Rose, Jory Boy",17460
"Alex Rose, Lenny Tavárez, Cazzu, Rauw Alejandro, Lyanno",1237983
"Alex Rose, Lenny Tavárez, Chris Wandell, Quimico Ultra Mega",1176982
"Alex Rose, Lyanno",1054853
"Alex Rose, Myke Towers",1243707
"Alex Rose, Myke Towers, Miky Woodz, Jory Boy, J Alvarez",1941798
"Alex Rose, Rafa Pabön",138859091
"Alex Rose, Rauw Alejandro",190717
"Alex Rose, Rauw Alejandro, Lenny Tavárez, Cazzu, Lyanno",1133886
"Alex Rose, Rauw Alejandro, Miky Woodz, Jd Pantoja, Juhn",1806592
"Alex Rose, Raw Alejandro, Miky Woodz, Jd Pantoja, Juhn",348476
"Alex Sensation, Anitta, Luis Fonsi",707311
"Alex Sensation, Bad Bunny",2215905
"Alex Sensation, Gente De Zona",380350
"Alex Sensation, Myke Towers, Jhay Cortez, Arcangel, De La Ghetto, Darell",1712750
"Alex Sensation, Nicky Jam",5948915
"Alex Sensation, Ozuna",81496634
"Alex Skrindo, KLARA",13969
"Alex Velea, Jador",148162
"Alexander Oscar, SVEA",8882518
"Alexandra Stan, Mohombi, Marc Mysterio",2720
"Alexis y Fido, Fonseca, Kevin Roldan",296296
"Alexis y Fido, Franco ""El Gorilla""",30571
"Alexis y Fido, Nacho",5218486
"Alextbh, Sam Rui",4630
"Aleyna Tilki, Emrah Karaduman",18462743
"Aleyna Tilki, Tolga Kahraman",49808
"Alfa, Yanomi",76542656
"Alfonso La Cruz, Sabela",120700
"Alfred García, Amaia",374918
"Alfred García, Carlos Sadness",140864
"Alfred García, Pavvla",263765
"Alfred García, Santi Balmes",100726
"Alfred Sim, Tay Kewei",14588
"Alfredo Gutierrez, Los Corraleros De Majagual",34089
"Ali As, Falco",51432
"Ali As, Juju",516084
"Ali B, Cheb Rayan, R3HAB",1201943
"Ali B, Lexxxus, Stiekz",141545
"Ali B, Lijpe, Ismo",168631
"Ali B, Mula B, Dopebwoy",71072
"Ali B, Numidia",13933582
"Ali B, RedOne",2819466
"Ali Majid, Ali Jassim",40364
"Ali Samara, Ahmed Ezzat",461175
"Ali, SomeArabGuy",24513
"Alida, Robin Schulz",68435012
"Aliento, Julio Melgar, Yvonne Muñoz",13088
"Alif Satar, Raihan",1350120
"Alif Satar, Siti Nordiana",369846
"Aliff Aziz, Mira Filzah",3511
"Alina Eremia, Nane",14418
"Alisia, Boris Soltariyski",2114
"Alisson Shore, Kiyo",12380720
"Aliyah, Architrackz",1435068
"Aliyah, Architrackz, Henkie T",208222
"Aliyah, Bryan Mg",314234
"Aliyah, SBMG",1744130
"Alka Yagnik, Arijit Singh",5073416
"Alkilados, Bonny Lovy",3364527
"Alkilados, Espinoza Paz",5650
"Alkilados, Maluma",1880621
"Alkilados, Nicky Jam, J Alvarez, El Roockie",173192
"All Saints, Unknown",50116
"Allame, 9 Canlı, Eypio, Yener Çevik",35168
"Allame, Ados",139815
"Allame, Defkhan",42806
"Allame, Kezzo",13871
"Allame, Neşet Ertaş",18140
"Allame, Tahribad-ı İsyan",15183
"Allan Johanson, Gardemusikken",46649
"Allan Johanson, THE STAFF BAND OF THE NORWEGIAN ARMED FORCES",10908
"Alle Farben, ILIRA",31827538
"Alle Farben, James Blunt",468658
"Alle Farben, Janieck",3731371
"Alle Farben, RHODES",15813098
"Alle Farben, Younotus",194368
"Alle Farben, Younotus, Kelvin Jones",17564625
"Alligatoah, Felix Brummer",930072
"Ally Brooke, Matoma",107873
"Almighty, Alex Rose, Rafa Pabön",30896
"Almighty, De La Ghetto, Cosculluela",36681
"Almighty, Miky Woodz, Juhn El All Star",25008
"Almighty, Noriel",30154
"Almighty, Oneill",26788
"Almighty, Rauw Alejandro, Lyanno, Myke Towers",3382860
"Almighty, Ñengo Flow",24041
"Almklausi, Specktakel",3146998
"Aloe Blacc, JID",4710
"Alok, Bhaskar",9329321
"Alok, Bhaskar, Jetlag Music, André Sarate",706641
"Alok, Bruno Martini, Zeeba",203650756
"Alok, Cecilia Krull",7593914
"Alok, Dynoro",26397756
"Alok, Felix Jaehn, The Vamps",29764443
"Alok, Ina Wroldsen",66346023
"Alok, Liu",3383789
"Alok, Luan Santana",10094179
"Alok, Mario Bautista",1339243
"Alok, Matheus & Kauan",5759353
"Alok, Mathieu Koss",22029053
"Alok, Rooftime, Dubdogz",501052
"Alok, Selva",6516274
"Alok, Sevenn",36573
"Alok, THRDL!FE",5098480
"Alok, Yves V",1417831
"Alok, Zeeba, Bruno Martini, Marcos Zeeba",13850505
"Alok, Zeeba, iRO",52436147
"Alok, iRO",2296912
"Alonzo, Dadju",52123
"Alonzo, Dj Spike Miller",2016286
"Alonzo, Jul",93410
"Alonzo, Koba LaD",87767
"Alonzo, MHD",1447208
"Alonzo, Ninho",13070308
"Alpha 5.20, Sofiane",477318
"Alpha Wann, Infinit'",41400
"Alpha Wann, Sneazzy",46038
"Alvaro Rod, Amy Gutierrez",211969
"Alvaro Soler, Emma",34733
"Alvaro Soler, Monika Lewczuk",229988
"Alvaro, Faustix",612323
"Alyssa Mendonsa, Ravi Mishra, Shankar Mahadevan, Shankar-Ehsaan-Loy",27702
"Alyssa Reid, Likewise",238343
"AmPm, Ayden",14518
"AmPm, Haneri",15182
"AmPm, Michael Kaneko",142663
"AmPm, Nao Kawamura",1633
"AmPm, Shel Bee",3586
"Amaal Mallik, Arijit Singh, Tulsi Kumar",883804
"Amaal Mallik, Armaan Malik",12087333
"Amaia, Alfred García",7313917
"Amaia, Roi Méndez",472697
"Amanda Seyfried, Christine Baranski, Julie Walters",954746
"Amanda Seyfried, Dominic Cooper",3025320
"Amanda Seyfried, Lily James, Meryl Streep",157772
"Amarill, NEIMY",262758
"Amedeo Preziosi, Gabry Ponte, DJ Matrix",46201
"Amedeo Preziosi, Riccardo Dose, Awed",1601114
"Amelia Monét, EO",1154209
"Amenazzy, Arcangel, De La Ghetto, Noriel",533330
"Amenazzy, Bad Bunny, Lito Kirino",5465
"Amenazzy, Don Miguelo",35598
"Amenazzy, Don Omar",2444982
"Amenazzy, El Alfa, Lexingthon",28487
"Amenazzy, Lary Over",7199809
"Amenazzy, Myke Towers",1155812
"Amenazzy, Nicky Jam, Farruko",112870418
"Amenazzy, Noriel",713099
"Amenazzy, Shadow Blow",425311
"America, George Martin",1168
"Amero, WOXX",2392
"Ami Faku, Blaq Diamond",1654
"Ami Mishra, Shreya Ghoshal",638726
"Aminata, Tautumeitas",1808
"Amindi, Tessellated, Valleyz",118062
"Aminux, 7liwa",1331
"Aminé, Kehlani",93703
"Aminé, Offset",18337
"Amir Dadon, Shuli Rand",977483
"Amir Ve Ben, Jane Bordeaux",3285
"Amit Trivedi, Kavita Seth, Amitabh Bhattacharya",2931038
"Amit Trivedi, Nikhil D'Souza, Neuman Pinto",80103
"Amitabh Bachchan, Sukhwinder Singh, Alka Yagnik, Udit Narayan",33009
"Amitabh Bachchan, Yajat Garg, Anuj Garg",26498
"Ammy The Bottom Blues, D Gerrard",169791
"Ammy Virk, Sargun Mehta",5643
"Ammy Virk, Shahid Mallya",2902646
"Ammy Virk, Sonam Bajwa",3231010
"Ammy Virk, Sunny Vik",1000706
"Amr Diab, Jana Diab",52140
"Amr Diab, Marshmello",213650
"Amr Diab, R3HAB",13933
"Amrit Maan, Jasmine Sandlas",36487
"Amrita Singh, Ankit Tiwari, Asees Kaur, Ash King, Atif Aslam, Badshah, Dhvani Bhanushali, Guru Randhawa, Himesh Reshammiya, Jubin Nautiyal, Karan Sehmbi, Neha Kakkar, Palak Muchhal, Sachin-Jigar, Shruti Pathak, Sunidhi Chauhan, Tony Kakkar, Aman Hayer, Bappi Lahiri, Goldboy, Gourov-Roshin, Haji Springer, Harsh Upadhyay, Mithoon, Rajat Nagpal, Rochak Kohli, Sandesh Shandilya, Sanjeev Darshan, Tanishk Bagchi, Kedrock, Sd Style",3806745
"Amruta Fadnavis, Akhil Sachdeva",257639
"Amuly, Connect-R",46603
"Amuly, Ian",400079
"Amuly, Oscar",6330
"Amuly, PRNY, Ian, Azteca",7095
"Amylea, Kaer",1886102
"Américo Young, El Polaco, Martín Piña",22103
"Ana Guerra, Cepeda",41833
"Ana Guerra, Juan Magán",46061131
"Ana Guerra, Mike Bahía",58163
"Ana Mena, Becky G, De La Ghetto",18007317
"Ana Mena, CNCO",2243331
"Ana Mena, DELLAFUENTE",973442
"Ana Mena, Omar Montes",2074944
"Ana Tijoux, Shadia Mansour",33258
"Ana Vilela, Luan Santana",1202672
"Analaga, João Gustavo e Murilo",11316499
"Ananda, Joker Beats",28137985
"Anastasio, Don Joe",23223049
"Anbu, Jacin Trill, Jiri11, Bokoesam",121123
"Anders Hemmingsen, H1tmakers",8079
"Anderson .Paak, Justin Timberlake",41158
"Anderson, Susanne Louise",79717
"Andi Bernadee, Ismail Izzani",1591865
"Andrea Babierra, Jem Cubil",125298
"Andrea Bocelli, Natalie Cole",178945
"Andrea Bocelli, aMEI",104554
"Andreas Aleman, Cooper Phillip",84334
"Andrew Gold, Alyssa Bonagura",39070
"Andrew Rayel, Garibay, Jake Torrey",240687
"Andrzej Krzywy, Jacek Skubikowski & Paweł Kukiz",29344
"Andrés Cepeda, Cali Y El Dandee",8360796
"Andrés Cepeda, Dayhan Díaz",7107
"Andrés Cepeda, Fonseca",1208001
"Andrés Cepeda, Jesse & Joy",485900
"Andrés Cepeda, Morat",4121966
"Andrés Cepeda, Sebastian Yatra",10536445
"Andy Hui, 車婉婉",2805
"Andy Lau, Louis Koo",7788
"Andy Rivera, Dalmata",19573
"Andy Rivera, Feid",616732
"Andy Rivera, Jhonny Rivera, Jessi Uribe",9057929
"Andy Rivera, Justin Quiles, Mackie",1636384
"Anett, Fredi",18927
"Angela Hui, Phil Lam",190860
"Angelica Vale, Marco Antonio Solís",10984
"Angelo King, Babel-Ish",203341
"Angemi, Becko",326667
"Angèle, Kiddy Smile",1158101
"Angèle, Roméo Elvis",62258206
"Animal Dcccvi, Asa Rivera",12635
"Anirudh Ravichander, Arivu",96153
"Anirudh Ravichander, Dhvani Bhanushali, Tanishk Bagchi",8669
"Anirudh Ravichander, Gana Balachandar",1021731
"Anirudh Ravichander, Inno Genga",3083858
"Anirudh Ravichander, S. P. Balasubrahmanyam",168409
"Anirudh Ravichander, Shakthisree Gopalan, Brodha V",18094
"Anirudh Ravichander, Sid Sriram",125647
"Anirudh Ravichander, Thalapathy Vijay",1179015
"Anirudh Ravichander, Yuvan Shankar Raja",45180
"Anis Don Demina, Mad Kings",1580156
"Anis Don Demina, Nils-Pontus",120128
"Anitta, Alesso",1807800
"Anitta, Becky G",3996016
"Anitta, Caetano Veloso",1170701
"Anitta, Chris Marshall",1873019
"Anitta, DJ Luian, Mambo Kingz",1922273
"Anitta, Gloria Groove",65199
"Anitta, J Balvin",231509117
"Anitta, Jetlag Music",882479
"Anitta, LUDMILLA, Snoop Dogg",67281127
"Anitta, Lexa, Luísa Sonza",105652837
"Anitta, MC Cabelinho",13058715
"Anitta, MC Kevinho",53780560
"Anitta, Marília Mendonça",75469037
"Anitta, Mc Zaac, Maejor",70252595
"Anitta, Melim",1067509
"Anitta, Prince Royce",2166825
"Anitta, Psirico",3017216
"Anitta, Swae Lee",4937767
"Anjulie, Oskar Flood",768289
"Ankhal, Farruko, Guaynaa, KEVVO",1403990
"Ankit Tiwari, Dhvani Bhanushali",4649551
"Ankit Tiwari, Vishal Mishra",62669
"Ankur Tewari, Mikey McCleary",11513
"Ankur Tewari, Prateek Kuhad, Dhruv Bhola, Nikhil Vasudevan",154768
"Anna Järvinen, Olavi Uusivirta",7277
"Anna Kendrick, Justin Timberlake",1440080
"Anna Naklab, Alle Farben, Younotus",3951
"Anna Puu, Olavi Uusivirta",2035912
"Anne Brændeland, Camilla Trøen",29115
"AnnenMayKantereit, Amilli",76080
"AnnenMayKantereit, Giant Rooks",1900038
"Annet X, Ben Cristovao",4164
"Annet X, Pil C",12237
"Annie Lennox, African Children's Choir",149327
"Annika Herlitz, AURORA",74723
"Ano, Samra",1283964
"Ano, Seyed",72517
"Ano, Summer Cem",651131
"Anonimus, Arcangel",48367
"Anonimus, Marvel Boy, Pablo Chill-E, KEVVO, Juanka",2847679
"Anssi Kela, Yona",51046
"Anstandslos & Durchgeknallt, Laurenz",366589
"Antara Mitra, Javed Ali, TUSHAR JOSHI",69076
"Anthony Santos, Romeo Santos",413801
"Anthony, Enzo Dong",255246
"Antis, Leon Somov & Jazzu",5037
"Anton Powers, Pixie Lott",40741
"Antonio José, Cali Y El Dandee",3550179
"Antonio José, Diogo Piçarra",52715
"Antonio José, Juan Magán",3797667
"Antonio Orozco, KAROL G",11398635
"Antti Railio, Tommi Salmela, Kimmo Blom",19818
"Anuel AA, Almigthy",1785
"Anuel AA, Bad Bunny",90977458
"Anuel AA, Cardi B, Black Jonas Point, Secreto ""El Famoso Biberon"", Liro Shaq",4643584
"Anuel AA, Daddy Yankee, KAROL G, J Balvin, Ozuna",1198667314
"Anuel AA, Daddy Yankee, KAROL G, Ozuna, J Balvin",32414730
"Anuel AA, Darell",201735
"Anuel AA, Farruko, Zion",4058569
"Anuel AA, Haze",463832910
"Anuel AA, Jory Boy",72548
"Anuel AA, KAROL G",729751019
"Anuel AA, Kendo Kaponi",21383
"Anuel AA, Kendo Kaponi, Yandel, Ñengo Flow",2461395
"Anuel AA, Lil Wayne",2901397
"Anuel AA, Mariah Angeliq",3302991
"Anuel AA, Ozuna",35632336
"Anuel AA, Romeo Santos",594002569
"Anuel AA, Sinfonico, Farruko, Ñengo Flow, Casper Magico, Darell, Bad Bunny, Lil Geniuz",727059
"Anuel AA, Tego Calderon",14201386
"Anuel AA, Travis Barker",1706555
"Anuel AA, Wisin",14564838
"Anuel AA, Zion",223640324
"Anuel AA, Ñengo Flow",5322863
"Anuel AA, Ñengo Flow, Sinfonico",163486
"Anuradha Paudwal, Kavita Paudwal",22522
"Anurag Kulkarni, Mahati Swara Sagar",106280
"Anurag Kulkarni, Mangli, Thaman S",4733302
"Anurag Kulkarni, Ramya Behra",152703
"Anys, Stormy",168641
"Anıl Piyancı, Dianz",556893
"Anıl Piyancı, Ezhel",35782021
"Anıl Piyancı, Kaan Boşnak",1448496
"Anıl Piyancı, Perdenin Ardındakiler",4875680
"Anıl Piyancı, Zeynep Bastık",34455346
"Aof Pongsak, Tattoo Colour",36438
"Apocalyptica, SANNI, TIPPA",883395
"Apollo G, Garry",1433493
"Arash Buana, raissa anggiani",579737
"Arash, Snoop Dogg",79938
"Arcade Fire, Mavis Staples",1583
"Arcangel, Anuel AA",1173
"Arcangel, Bad Bunny",135192100
"Arcangel, De La Ghetto",1428560
"Arcangel, J Balvin",24226
"Arcangel, Jay Menez, Jon Z, Bryant Myers, El Alfa, DJ Luian, Mambo Kingz, Mozart La Para",102771
"Arcangel, La Exce",1661
"Arcangel, Manuel Turizo",810529
"Arcangel, Mark B., De La Ghetto, Bad Bunny, Amenazzy",309631
"Arcangel, Myke Towers",2504984
"Arcangel, Ozuna",32864
"Arcangel, Sech, Romeo Santos",49607958
"Arcangel, Tory Lanez",3017
"Arce, Omar Montes",1826030
"Architechs, Nay Nay",97399
"Architrackz, Adje",310425
"Architrackz, Bryan Mg",2495608
"Architrackz, CHO, Equalz",9929016
"Architrackz, Kempi",1799743
"Architrackz, LouiVos, Mula B",133057
"Architrackz, WAWA",23058
"Architrackz, WAWA, Bryan Mg",426188
"Ardian Bujupi, Capital T",41812
"Ardian Bujupi, Elvana Gjata",814377
"Ardian Bujupi, Farruko, Master HP",90768
"Ardian Bujupi, Fero47",24966475
"Ardian Bujupi, Hooss",100913
"Ardian Bujupi, Moe Phoenix",773461
"Ardian Bujupi, Xhensila, Master HP",10083835
"Ares, S10",33553
"Aretuza Lovi, Pabllo Vittar, Gloria Groove",969182
"Ari Lasso,Bunga Citra Lestari",206851
"AriBeatz, Ardian Bujupi, Ozel",178102
"AriBeatz, Fero47, YL",1872311
"AriBeatz, Nimo, Lacrim",2332508
"AriBeatz, Veysel, Mula B",1172296
"Aria, Alisia",58328
"Ariadna, NIA",32841
"Ariana Grande, Future",42677586
"Ariana Grande, Iggy Azalea",81958
"Ariana Grande, John Legend",19577018
"Ariana Grande, Liz Gillies",77569344
"Ariana Grande, Mac Miller",494998
"Ariana Grande, Nathan Sykes",2740415
"Ariana Grande, Nicki Minaj",161628038
"Ariana Grande, The Weeknd",57701
"Ariana Grande, Zedd",1570222
"Ariel Camacho y Los Plebes Del Rancho, Gerardo Ortiz",280437
"Ariel, Dea, NEV+",12693
"Arif, EHI",99874
"Arif, Kapteinen",60840
"Arif, Musti",116941
"Arif, Natnael",40371
"Arif, Snow Boyz, Eben Jr., Sølvguttene",147646
"Arif, Store P",67459
"Arif, Unge Ferrari",2466373
"Ariff Bahran, Sarah Suhairi",1715577
"Arijit Singh, Alyssa Mendonsa",216622
"Arijit Singh, Amaal Mallik",361760
"Arijit Singh, Asad Khan",416934
"Arijit Singh, Asees Kaur",24092750
"Arijit Singh, B Praak",17457828
"Arijit Singh, Bohemia, Sachin-Jigar",2693747
"Arijit Singh, Dhvani Bhanushali, Amartya Bobo Rahut",108763
"Arijit Singh, Mithoon",35467821
"Arijit Singh, Neeti Mohan",7123424
"Arijit Singh, Neha Kakkar, Meet Bros.",215021
"Arijit Singh, Nikhita Gandhi",9412367
"Arijit Singh, Parampara Tandon",20593296
"Arijit Singh, Rochak Kohli",229621
"Arijit Singh, Sachet-Parampara",11813869
"Arijit Singh, Shadab, Altamash Faridi",288089
"Arijit Singh, Shilpa Rao",29240512
"Arijit Singh, Sruthy Sasidharan",16089
"Arijit Singh, Tanishk Bagchi",8313833
"Arik Einstein, Miki Gavrielov",1076
"Arik Einstein, Shalom Hanoch",201340
"Arjun Kanungo, Momina Mustehsan",595923
"Arjun Kanungo, Prakriti Kakar, M Ajay Vaas",1047326
"Arjun, Mickey Singh",27240
"Arkatech Beatz, Raekwon",4378
"Arko, Arijit Singh",793116
"Arko, B Praak",8094580
"Arko, Parineeti Chopra",378299
"Arko, Tulsi Kumar, Neha Kakkar",160894
"Armaan Malik, Amaal Mallik",42857
"Armaan Malik, Neeti Mohan",2568698
"Armaan Malik, Rochak Kohli, Bappi Lahiri",5416667
"Armaan Malik, Songster",564440
"Armaan Malik, Thaman S",7761315
"Armando Hernandez, El Combo Caribe",162562
"Armin van Buuren, AVIAN GRAYS",929891
"Armin van Buuren, AVIAN GRAYS, Jordan Shaw",671613
"Armin van Buuren, Bonnie McKee",30178
"Armin van Buuren, Brennan Heart",509964
"Armin van Buuren, Garibay",49580
"Armin van Buuren, Garibay, Olaf Blackwood",3520094
"Armin van Buuren, James Newman",11298048
"Armin van Buuren, Lucas & Steve, Josh Cumbee",77939
"Armin van Buuren, Sam Martin",142772
"Armoo, Justice Toch",270331
"Armoo, KM",139425
"Armoo, Kwaaivines, Mokadrumz",2065615
"Arnar Úlfur, Kjartan Lauritzen, Helgi Sæmundur",1617
"Arnar Úlfur, Kött Grá Pjé",1075
"Aron Can, Friðrik Dór",470927
"Aron Hannes, Siris",47711
"AronChupa, Little Sis Nora",4758291
"Arquero, Julián Kartún",1896
"Arsy Widianto, Brisia Jodie",54471913
"Art Storm, Schneebastian",569656
"Artem x Yonas, Vilma Alina",11869
"Artistic Raw, Justice Toch, Elias Chainboy",230326
"Arturo ""Zambo"" Cavero, Oscar Avilés",148476
"Arturs Skrastins, Marts Kristians Kalniņš, L. Kalniņa, K. Stirāne",6042
"Arutz Hakibud, Lidoy, Astma, Shaked Ferrera",4643
"Arutz Hakibud, Shalom Michaelshwilli",2055
"Arutz Hakibud, Shekel",99444
"Asa, Dj Polarsoul, Elastinen",12277
"Asa, Dj Polarsoul, Kube, Otto Puska",8359
"Asaf Avidan, The Mojos",34808
"Aseel Hameem, Hussain Al Ghazal",2020637
"Aseel Hameem, Mohammed Hassan",24903
"Asees Kaur, Jubin Nautiyal, Tanishk Bagchi",91663
"Asees Kaur, Ved Sharma",4724037
"Ash King, Monali Thakur",477647
"Ash King, Sachin-Jigar",4652548
"Ash King, Shashaa Tirupati",12836
"Ashafar, Henkie T",32610
"Ashafar, Josylvio",4674617
"Ashafar, KA",132888
"Ashafar, Kevin",4418783
"Ashafar, Larry",1007450
"Ashafar, Riffi",1588636
"Ashafar, Sevn Alias",244287
"Aska Yang, Zhang Bichen",827992
"Aslag Haugen, Ingebjørg Bratland, Hver gang vi møtes",10159
"Asme, Aden, Aden x Asme",1801117
"Asme, BL",110738
"Aspova, Ceg",27415
"Aspova, Motive",24007
"Aspova, Tanerman",1557447
"Aspova, Şanışer",1761973
"Aste, Irina",184836
"AstralKid22, Karlo, Nik Tendo",12874
"AstralKid22, LUISA",4208
"AstralKid22, Slimso",20281
"AstralKid22, Tisci",2361
"Astrid S, Brett Young",3301710
"Astro本地圈艺人, DJ",30091
"At' Fat, Dubosky, Yemil",258583
"Atanas Kolev, Boro Purvi",15137
"Atar Mayner, Dor3",1120
"Athliens, Kid Young, Moose, Crazie E, Musah, Daree",3141
"Athliens, Kid Young, Moose, Negros Tou Moria, Daree",5941
"Ati242, Ceg",2342429
"Ati242, Patron",74872
"Ati242, Stabil",26682
"Ati242, Zen-G",2178641
"Ati242, Şehinşah",1340220
"Atif Aslam, Arko",6079347
"Atif Aslam, Nusrat Fateh Ali Khan, Rochak Kohli",7197920
"Atif Aslam, Shiraz Uppal",448113
"Atif Aslam, Shirley Setia, Dj Chetas",712676
"Atif Aslam, Tanishk Bagchi",769348
"Atif Aslam, Tulsi Kumar, Rochak Kohli",9029246
"Atip, Ploychompoo",177816
"Atle, Lisa Ajax",10833
"Atom Chanakan, บุรินทร์ Groove Riders",105770
"Atomi Otro Way, Lirico",17141
"Atomic Otro Way, J Alvarez, Secreto ""El Famoso Biberon""",20854
"Atômico Mc, Alf Bs",8160
"Au/Ra, Alan Walker, Death Stranding: Timefall",475966
"Au/Ra, CamelPhat",13227416
"Austin Mahone, Pitbull",52310
"Austin McBroom, Ace Fam",20750
"Austyn Johnson, Cameron Seely, Hugh Jackman",8085183
"Auður, Mezzoforte",14512
"Av. Larco, la película",409545
"Avelino, Not3s",6947942
"Avi Panel, ZEHAVA",15439
"Avicii, Agnes, Vargas & Lagola",42740811
"Avicii, Aloe Blacc",350458296
"Avicii, B & B And Choir",1197
"Avicii, Lenny Kravitz",113788
"Avicii, MishCatt",1288416
"Avicii, Rita Ora",290538
"Avicii, Sandro Cavazza",2557247
"Avicii, Sebastien Drums",38072
"Aviv Geffen, Idan Raichel",359847
"Aviões do Forró, Wesley Safadão",2693863
"Avril Lavigne, Nicki Minaj",66932
"Awave, Asme",249246
"Awich, Young Juju",82873
"Axel Caram, Fer Palacio",795948
"Axos, John Lui",39664
"Axos, Side Baby, Don Joe",161361
"Axwell /\ Ingrosso, Kid Ink",32153715
"Axwell /\ Ingrosso, RØMANS",5444517
"Axwell, Shapov",9943
"Aya Nakamura, Naza",183495
"Ayax y Prok, Ayax, Cookin Soul",33814
"Ayax y Prok, Blasfem",262376
"Ayax y Prok, Daniela, Blasfem",43680
"Ayax y Prok, Dj Keru",76998
"Ayax y Prok, Hazhe",24690
"Ayax y Prok, J.D.O., Blasfem",26767
"Ayax y Prok, Jrliske",27234
"Ayax y Prok, Juancho Marqués, Sceno",23498
"Ayax y Prok, Prok, Blasfem",26650
"Ayda Jebat, Adi Priyo",96801
"Ayden, Ronnie Flex",63470
"Aydın Kurtoğlu, Murat Joker",43877
"Ayla Çelik, Beyazıt Öztürk",48208
"Aylek$, Rarri",54168
"Aylin Coşkun, Hande Yener",2907492
"Aynur Aydın, Damla Yıldız",175225
"Ayo97, 阿涵",828842
"Ayoub Maach, Kes, Ali B",2019078
"Ayushmann Khurrana, Ikka, Bappi Lahiri, Tanishk Bagchi",22815
"Ayushmann Khurrana, Tanishk-Vayu",7783214
"Ayşegül Aldinç, Gökhan Türkmen",42331
"Ayọ, Michel Legrand",115163
"Azad, CALO",335067
"Azad, Calo",39003
"Azad, Jeyz, Adel Tawil",73938
"Azad, Kool Savas",64141
"Azad, Samra",1568020
"Azet, Miami Yacine",459789
"Azet, Nash",266392
"Azet, Noizy, Zuna",8905527
"Azet, RAF Camora",19858167
"Azet, Tokyo",735913
"Azet, Zuna",124330122
"Azet, Zuna, Miami Yacine",1209163
"Azet, Zuna, Nash",599432
"Azet, Zuna, Noizy",3527432
"Azet, Zuna, RAF Camora",1820835
"Azteca, Amuly",38412
"Azteca, Calinacho",72016
"Azteca, Devid, Ferea",24167
"Azteca, Ian",758565
"Azteca, Ian, Amtilb",22411
"Azteca, Ian, Nane, Sapte",30067
"Azteca, Nane",723093
"Azteca, Pba",37112
"Azteca, Sapte",39247
"Azteca, StellarRhapsody",79998
"Azteca, Thetrapman",8163
"Azzi Memo, Capo",6236852
"Azzi Memo, Eno",3455292
"Azzi Memo, Luciano",309242
"Azzi Memo, Nimo",12568107
"Azzi Memo, Sinan-G",1925122
"Azzi Memo, Soufian",34375
"Azzi Memo, Yung Kafa & Kücük Efendi",697763
"Aşkın Nur Yengi, Mehmet Erdem",708018
"B Jones, Jürgen Slowing",1005
"B Praak, Akshay Kumar & Nupur Sanon",12223761
"B Praak, Harrdy Sandhu, Swasti Mehul",8037549
"B Praak, Sachet-Parampara",2049982
"B-Boy Myhre, Cezinando",56897
"B-Heart, Firwan Johan",7248
"B., Bert Malcom",2742
"B.Baby, ADAAM, Buddha Vybez",1023223
"B.R.O, Merghani",10177
"B.U.G. Mafia, Cheloo",5222
"B.U.G. Mafia, Mario V",5286
"B.U.G. Mafia, Sergiu Ferat",17242
"BABYMETAL, F.HERO",10047
"BACALL, Malo",358068
"BACALL, Malo, Prince Osito",248814
"BAEKHYUN, Beenzino",126672
"BANKK CA$H, Da Endorphine",25911
"BANKK CA$H, Endorphine",94231
"BARBEL, Kevin, Anyuri, Vyron, VITALI",138160
"BATE, Blake Rose, Radio 3000",951075
"BATE, Blake Rose, Radio3000",4601
"BATE, Simon Webbe",277875
"BCA, Sech",517811
"BCW, Jia Jia",146974
"BECKA, OHMYMEITING",46345
"BEGE, EFESAVAGE",14596126
"BEGE, Nova Norda",27277229
"BEK & Moberg, Boujee",246446
"BEK & Wallin, Mo$$Berg",33034
"BEK & Wallin, Moberg",613842
"BENEE, Gus Dapperton",442904081
"BENI, IO",4691
"BENIM, Radoz",1024227
"BENNETT, Fricky",27680
"BESS, F",259130
"BESS, Møtions",698427
"BHZ, Big Pat, Ion Miles",88341
"BHZ, Dead Dawg, Ion Miles, Longus Mongus",117329
"BHZ, Ion Miles, Big Pat, Longus Mongus",823862
"BHZ, Ion Miles, Monk",111902
"BHZ, Longus Mongus, Dead Dawg, Monk, Big Pat",247545
"BHZ, Longus Mongus, Monk, Dead Dawg",6817720
"BHZ, Monk, Big Pat",122216
"BHZ, Monk, Big Pat, Ion Miles",193881
"BHZ, Monk, Ion Miles, Big Pat",319627
"BHZ, Monk, Ion Miles, Dead Dawg",113225
"BIW, castleurbano",1987
"BK, JXNV$",63213
"BK, Mr. Saik",27387
"BK, Mr. Saik, Akim",441696
"BKO, Alta Gracia",103386
"BKO, Amg Domina",96365
"BKO, Seffelinie",23657
"BL, Aden x Asme, Dree Low, Einár",1149219
"BL, Aden",17925
"BLACHA, Bedoes",2111223
"BLACHA, Chivas",96379
"BLACHA, Kuqe",117245
"BLR, Rave & Crave",166785
"BLØF, Geike Arnaert",13908345
"BLØF, Typhoon",533107
"BMYE, Naza, Keblack, Youssoupha, Hiro, Jaymax, DJ Myst",599480
"BORCREW, Gedz",46488
"BORCREW, Gedz, Sarius, Paluch, Kobik, Lipa, Joda, Onek87, Szpaku",53572
"BORCREW, Joda",18697
"BORCREW, Paluch, Sarius",89049
"BORCREW, Paluch, Szpaku, Kobik, Gedz",44227
"BORCREW, Paluch, Worek",1090498
"BORCREW, Sarius, Gedz, Onek87, Paluch, Szpaku, Lipa, Joda, Kobik",418971
"BORCREW, Sarius, Paluch",408446
"BORCREW, Szpaku",2160342
"BORCREW, Szpaku, Onek87, Paluch, Joda, Kobik, Lipa, Gedz, Sarius",74277
"BORCREW, Szpaku, Paluch, Joda, Sarius",684348
"BOUA, Citybois",387243
"BOXING樂團, A-Mei Chang, Power Station",13774
"BRADO, MEL",690894
"BRADO, MERO",10793586
"BRÍET, palmi., Aron Can",578386
"BTK Villeion, Brandoshis",2946
"BTS, Charli XCX",32227864
"BTS, Frants",53150
"BTS, Juice WRLD",5183116
"BTS, Nicki Minaj",36723661
"BTS, Steve Aoki",22225392
"BTS, Zara Larsson",9685377
"BUMKEY, D Gerrard",197049
"BURNS, Maluma, Rae Sremmurd",253329
"BZ, DIBSET",23598
"Baani Sandhu, Gur Sidhu",10524536
"Baauer, Miquela",3569
"Baba Zula, Mad Professor",48845
"Baby Bino, ATL PETE, Michael Williams",29645
"Baby Shima, Floor 88",6439
"Bacilos, Alejandro González",1797
"Baco Exu do Blues, 1LUM3",26914210
"Baco Exu do Blues, Deekapz, Bibi Caetano",558266
"Baco Exu do Blues, Tim Bernardes",1094497
"Baco Exu do Blues, Tuyo",1500814
"Bad Bunny, Almighty, Denyerkin, Quimico Ultra Mega, El Fother",23801
"Bad Bunny, Anuel AA",60109097
"Bad Bunny, Bryant Myers",5409643
"Bad Bunny, Daddy Yankee",219627352
"Bad Bunny, Diplo, Nitti Gritti",16614156
"Bad Bunny, Don Omar",81503304
"Bad Bunny, Duki, Pablo Chill-E",60049880
"Bad Bunny, El Alfa",45046859
"Bad Bunny, Farruko, DJ Luian, Mambo Kingz",1190455
"Bad Bunny, Gabriela",12798684
"Bad Bunny, Héctor ""El Father""",329294
"Bad Bunny, Jowell & Randy, Ñengo Flow",415238142
"Bad Bunny, Kendo Kaponi, Arcangel",32691098
"Bad Bunny, Kevin Roldan, Noriel, Bryant Myers, Almighty",455379
"Bad Bunny, Mambo Kingz, DJ Luian, Arcangel, Almighty, Bryant Myers, Noriel, Baby Rasta, Brytiago",6953765
"Bad Bunny, Mora",53926725
"Bad Bunny, Myke Towers",34084805
"Bad Bunny, Nfasis",32013
"Bad Bunny, Nicky Jam",55333897
"Bad Bunny, Ozuna, Farruko, Arcangel, Ñengo Flow, DJ Luian, Mambo Kingz",58420
"Bad Bunny, Prince Royce, J Balvin, Mambo Kingz, DJ Luian",189543878
"Bad Bunny, Sech",375789434
"Bad Bunny, Tainy",1153259157
"Bad Bunny, Yaviah",83360205
"Bad Bunny, Zion & Lennox",45870663
"Bad Bunny, Ñejo, Pj Sin Suela, DJ Nelson",26994235
"Bad Bunny, Ñengo Flow",54623544
"Bad Gyal, Govana, Dj Papis",29863
"Baddiel, Skinner & Lightning Seeds",7587354
"Bader AlShuaibi, Bashar Al Shati",84446
"Bader AlShuaibi, Hadi Khamis",107845
"Badjer, Timal, Boumso",196106
"Badshah, Amaal Mallik, Fazilpuria, Sukriti Kakar, Neha Kakkar",1985270
"Badshah, Asees Kaur, Jubin Nautiyal",3900328
"Badshah, Diljit Dosanjh, Aastha Gill",14388046
"Badshah, Fotty Seven",1216374
"Badshah, Harrdy Sandhu, Lisa Mishra, Asees Kaur",6564349
"Badshah, Kamaal Khan, Mamta Sharma",15726
"Badshah, Kamaal Khan, Mamta Sharma, Sajid-Wajid",45895
"Badshah, Neeti Mohan",6944266
"Badshah, Neha Kakkar",16200807
"Badshah, Sunanda Sharma",10605
"Badshah, Tulsi Kumar, Abhijeet, Chandra Dixit",3528960
"Badshah, Tulsi Kumar, Abhijeet, Chandra Dixit, Tanishk Bagchi, Anand-Milind",1760022
"Badshah, Uchana Amit",5752689
"Bae Lin, Nana Ou-Yang",19537
"Baggalútur, Friðrik Dór",118843
"Baggalútur, Svala",11891
"Baghdad, Long3, Trtl",6067
"Bailey May, Ylona Garcia",235744
"Bakermat, Kiesza",1358446
"Bakhaw, GOULAG, Mansly, Benzo, Sofiane, Kalash Criminel",54180
"Balken, Ude Af Kontrol",32718
"Balti, Hamouda",400616
"Bambini Di Praga, kapela Hradišťan, Jirí Pavlica",50008
"Banda El Recodo, Wisin",890866
"Banda MS de Sergio Lizárraga, Snoop Dogg",16225727
"Bang Bang Bang, Grace",26981
"BangBros, Hef, Murda, Bizzey",233675
"Bantu, Jonas Blue",36419
"Banx & Ranx, Ella Eyre",83485138
"Bappi Lahiri, Anuradha Paudwal, Badshah",31006
"Bappi Lahiri, Dev Negi, Jonita Gandhi, Tanishk Bagchi",22835
"Barloe Team, KHEA, Duki",82071
"Barnens favoriter, Barnmusik, Svenska barnsånger",44836
"Barry Chen, SOPHY",49625
"Basim, Benny Jamz",1824179
"Basim, Gilli",1251838
"Bass Santana, Cooliecut, Kin$oul",241041
"Bass Santana, XXXTENTACION, Cooliecut, Kin$oul",225426
"Bass Santana, XXXTENTACION, Ski Mask The Slump God",1757415
"Bastille, Alessia Cara",619834
"Bastille, London Contemporary Orchestra",1153685
"Bausa, Bozza",1429260
"Bausa, Zuna",3965397
"Bea Miller, 6LACK",21965
"Bea Miller, Jessie Reyez",182581
"Bearson, Nat Dunn",2268
"Beatriz Luengo, Mala Rodríguez",576128
"Because, John Roa",347966
"Becky G, Bad Bunny",125193328
"Becky G, Maluma",40923210
"Becky G, Myke Towers",55743384
"Becky G, Natti Natasha",705026736
"Becky G, Paulo Londra",520261249
"Becky G, Prince Royce, DJ Luian, Mambo Kingz, Anuel AA",300638664
"Becky G, Zion & Lennox, Farruko",490024
"Becky Hill, WEISS",7994583
"Bedo, Ati242",870077
"Bedoes, Kubi Producent",24919648
"Bedoes, Kubi Producent, Białas, Eldo",1456117
"Bedoes, Kubi Producent, Blacha 2115, Kuqe 2115, Flexxy 2115",297790
"Bedoes, Kubi Producent, GOLEC UORKIESTRA",4562547
"Bedoes, Kubi Producent, Koldi, Young Multi, Beteo",11489508
"Bedoes, Kubi Producent, Rafonix",8282879
"Bedoes, Kubi Producent, Solar",247130
"Bedoes, Kubi Producent, Taco Hemingway",21001662
"Bedoes, Lanek",78631296
"Bedoes, Lanek, BLACHA",1361920
"Bedoes, Lanek, Białas, Taco Hemingway",1939791
"Bedoes, Lanek, DJ Johny",10181428
"Bedoes, Lanek, Flexxy 2115, Kuqe 2115",2670580
"Bedoes, Lanek, Kosa, White 2115",7801050
"Bedoes, Lanek, Kuqe 2115",2548540
"Bedoes, Lanek, Malik Montana",2467991
"Bedoes, Lanek, Mr. Polska",417228
"Bedoes, Lanek, Pressa",4437793
"Bedoes, Lanek, Smxkey Nunno",777139
"Bedoes, Lanek, Taco Hemingway",19815
"Beginner, Gzuz, Gentleman",3053948
"Beginner, Samy Deluxe",1250738
"Beko, Leprom",13538
"Beko, Marco Rahim",951137
"Bell Size Park, Vimana Shastra",2647
"Bell Supol, Panadda Ruangwut",15830
"Belly Squad, Headie One",932433
"Belly, Meek Mill, M.I.A.",565357
"Belly, NAV",1338035
"Belly, The Weeknd",3141984
"Belly, YG",371543
"Belén Aguilera, Raoul Vázquez",36538
"Bembe Orquesta, Farik Grippa",11575335
"Ben Bizzy, 1MILL, Diamond",6166
"Ben Cristovao, Mária Čírová",749036
"Ben Cristovao, The Glowsticks",388134
"Ben DJ, Eon Melka",195354
"Ben Fero, Anıl Piyancı",2929096
"Ben Fero, Ceza, Ezhel, Killa Hakan",1399007
"Ben Mitkus, Chris Willis",50327
"Ben Platt, Lin-Manuel Miranda",432626
"Ben Sihombing, Cindercella",829477
"Ben&Ben, HARV",4200092
"Benab, Maes",2034876
"Benash, Booba",3495286
"Benash, Shay, Damso",917904
"Benjamin Ingrosso, FELIX SANDMAN",11811722
"Benjamin Ingrosso, Julie Bergan",3431255
"Benji & Fede, B3N, Federico Rossi",69674230
"Benjin, Br0med",1061
"Benny Anderssons Orkester, Helen Sjöholm",3895074
"Benny Anderssons Orkester, Tommy Körberg",47735
"Benny Dayal, Vibha Saraf",108794
"Benzooloo, Zizi Kirana, Sandra Dianne",340930
"Bereczki Zoltán, Dóra Szinetár",21394
"Bergsveinn, Magni, Hreimur, Grettiskórinn",109116
"Berk Coşkun, Kubilay Karça",1390216
"Berry Sakharof, Balkan Beat Box",103559
"Beryl Davis, The Geraldo Strings",62186
"Bet Bet, Jāzepa Mediņa Mūzikas Skolas Zēnu Koris",11079
"Beteo, Reto",3178041
"Beteo, White 2115",1066798
"Beteo, Żabson",124271
"Bethel Music, Jonathan David Helser, Melissa Helser",6658
"BeverleeBanx, HollyOnDemand",2984
"Beyoncé, Childish Gambino, Billy Eichner, Seth Rogen",4323146
"Beyoncé, JAY-Z, Childish Gambino",20396536
"Beyoncé, Jacky Cheung",4856
"Beyoncé, Kendrick Lamar",231904
"Beyoncé, Megan Thee Stallion",175744253
"Beyoncé, Shatta Wale, Major Lazer",72404
"Bhavi, Duki",3550556
"Bhavi, Ecko",7754572
"Bhavi, Ecko, Omar Varela",1744905
"Bhavi, KHEA, Omar Varela",9094059
"Bhavi, Paco Amoroso, Halpe",131528
"Bhavi, Seven Kayne",8434967
"Bhavi, Trueno, Halpe",7861503
"Biagio Antonacci, Laura Pausini",43852
"Białas, ADM",350832
"Białas, Bedoes, Lanek",2103564
"Białas, Beteo, Lanek",321392
"Białas, Lanek",8942045
"Białas, Lanek, Bedoes",416161
"Białas, Lanek, Malik Montana",118224
"Białas, Lanek, Quebonafide",2201784
"Białas, Marek Dyjak, Anna Radziejewska, Falcon1, Lanek",281957
"Białas, Mata, Lanek",6148446
"Białas, Szpaku",423764
"Białas, Szpaku, Deemz",604648
"Białas, Tom B., Wac Toja, Solar, Koldi",123388
"Białas, White 2115",452715
"Białas, Zui",12930
"Bich Phuong, Bình Gold",19134
"Bich Phuong, Phuc Du",419402
"Bich Phuong, traitimtrongvang",1254146
"Bickram Ghosh, Iman Chakraborty, Shovan Ganguly",4200
"Big Boy, Angel Lopez",1397706
"Big Fish, Jake La Furia",49193
"Big Fish, Nitro, Nerone",49602
"Big Hookz, Remo the Hitmaker",13172
"Big Sean, Chance the Rapper, Jeremih",2345001
"Big Sean, Eminem",24521400
"Big Sean, Hit-Boy",15176313
"Big Sean, Migos",2727957
"Big Toe, Bonez MC",715633
"Big Tony, Elii",8689
"Big Zulu, Cassper Nyovest, MusiholiQ",1515
"Big2, Lijpe",27074
"BigDaddy, Emily",3661871
"Bigflo & Oli, Black M, Soprano",443459
"Bigflo & Oli, Kacem Wapalek, Naâman",240032
"Bigflo & Oli, Tryo",194543
"Biggie Juke, Rami",141075
"Bii, 陳彥允, 李玉璽",4894
"Biigo, Colz",16532
"Bilal Hancı, Özgün Uğur",21986
"Bilal Hancı, Özkan Meydan",330779
"Bilal Saeed, Momina Mustehsan",6207354
"Bilal Sonses, Bengü",9190334
"Bilal Sonses, Derya Bedavacı",706398
"Bilal Sonses, Reynmen",4105930
"Bilal Sonses, Seda Tripkolic",3821308
"Bilal Sonses, Tuğçe Kandemir",8404846
"Bilal Wahib, Bizzey",7934012
"Bilge Nihan, Bahadır Tatlıöz",414366
"Billie Eilish, Khalid",405110802
"Billkin, JAYLERR",1333601
"Billy Crawford, Marcus Davis, James Reid",13327282
"Billy Eichner, Seth Rogen, JD McCrary",2082
"Billy Sio, Light",402507
"Billy Sio, Mad Clip",2287892
"Billy Sio, VLOSPA",3200
"Bing Crosby, David Bowie, London Symphony Orchestra",63311
"Bing Crosby, Ken Darby Singers, John Scott Trotter & His Orchestra",155519587
"Bing Crosby, The Andrews Sisters",16403775
"Bing Crosby, The Andrews Sisters, Vic Schoen & His Orchestra",69206
"Binz, Phuong Ly",830454
"Binz, Touliver",949135
"Birgir Hákon, 24/7",22445
"Birgir Hákon, Bæsi",19543
"Birgir Hákon, Herra Hnetusmjör",20907
"Birgir Hákon, Ingi Bauer",113179
"Birgir Hákon, M Can, Tommy",138704
"Birgir Hákon, Þorri",98135
"Birnir, Herra Hnetusmjör",1002555
"Birnir, Lil Binni",523766
"Birnir, Lil Binni, Ferrari Aron, Whyrun",19316
"Birnir, Lil Binni, Whyrun",140490
"Bitamina, Dawid Podsiadło",4992262
"Bizarrap, Aczino",113349
"Bizarrap, Aleman",33302278
"Bizarrap, Axel Fiks",5397958
"Bizarrap, Big Soto",847806
"Bizarrap, Blunted Vato",1805571
"Bizarrap, C.R.O",5275509
"Bizarrap, CA7RIEL",1390420
"Bizarrap, Dani Ribba",8499376
"Bizarrap, Dillom",7354013
"Bizarrap, Don Patricio",5978470
"Bizarrap, Frijo, Hot Plug Beats",19454253
"Bizarrap, Homer El Mero Mero",1065354
"Bizarrap, John C",9571433
"Bizarrap, Kiddo Toto",12092054
"Bizarrap, Kinder Malo",1293665
"Bizarrap, L-Gante",55878
"Bizarrap, LOUTA",1351585
"Bizarrap, Lalo Ebratt",1318829
"Bizarrap, Lucho SSJ",1865149
"Bizarrap, Mesita",5614334
"Bizarrap, Neutro Shorty",33092
"Bizarrap, Nicki Nicole",70461017
"Bizarrap, Paco Amoroso, Axel Fiks",57748
"Bizarrap, Pekeño 77",5310305
"Bizarrap, Polimá Westcoast",2275220
"Bizarrap, Trueno",45142071
"Bizarrap, Zanto, Rxdri",1572
"Bizi, Cledos",421208
"Bizi, Gracias",68215
"Bizi, TIPPA",82416
"Bizzey, 3robi",291733
"Bizzey, Ashafar, Ramiks",446283
"Bizzey, Bilal Wahib, Ronnie Flex, Ramiks",2000868
"Bizzey, Boef",32371514
"Bizzey, Broertje, D-Double",443344
"Bizzey, Caza",42196
"Bizzey, Chivv",316391
"Bizzey, Donnie, Poke",1410216
"Bizzey, Dopebwoy",230982
"Bizzey, Frenna, Diquenza, Dovgh, Ramiks",79324
"Bizzey, Frenna, KM, Ramiks",28570828
"Bizzey, Idaly",1044134
"Bizzey, Jayh",238598
"Bizzey, Jonna Fraser",418399
"Bizzey, Jonna Fraser, Jayh",88588
"Bizzey, Josylvio",477001
"Bizzey, Josylvio, YOUNGBAEKANSIE",1035325
"Bizzey, Josylvio, Yung Felix",394722
"Bizzey, Jozo, Kraantje Pappie",13282111
"Bizzey, Jozo, YOUNGBAEKANSIE",349787
"Bizzey, Kevin",2292616
"Bizzey, Kevin, LouiVos, Yung Felix",2964532
"Bizzey, Kraantje Pappie, Chivv, Yung Felix",12364669
"Bizzey, Kraantje Pappie, Jonna Fraser, Ramiks",25153727
"Bizzey, Moonkey",38198
"Bizzey, Mr. Polska, DJEZJA",344643
"Bizzey, Mula B, LouiVos",7010075
"Bizzey, Mula B, Louis",779217
"Bizzey, Poke, Tony Tony",257142
"Bizzey, Prince Ehis",33242
"Bizzey, Ramiks",5855031
"Bizzey, Ronnie Flex, $hirak",10801418
"Bizzey, SFB",11706340
"Bizzey, SXTEEN",40618
"Bizzey, Sjaak",78374
"Bizzey, Sterre",631746
"Bizzey, Tellem, Poke",80518
"Bizzey, Yung Felix, Josylvio, 3robi",3113102
"Bizzey, Yung Felix, Josylvio, Rockywhereyoubeen",4014813
"Bizzey, Yung Felix, Jozo, Adje, YOUNGBAEKANSIE",1856450
"Bizzey, Yung Nnelg",94268
"Björgvin Halldórsson, Eivør",209760
"Björgvin Halldórsson, Eyjólfur Kristjánsson",61273
"Black Coffee, David Guetta",1434236
"Black Coffee, David Guetta, Delilah Montagu",5167
"Black Coffee, Karyendasoul, Zhao",2224
"Black Coffee, Mbuso Khoza",1067
"Black Coffee, Mondli Ngcobo",1252
"Black Coffee, Msaki",11808
"Black Coffee, Sabrina Claudio",8712
"Black Coffee, Samthing Soweto",3562
"Black Coffee, Usher",116432
"Black Eyed Peas, El Alfa",67607
"Black Eyed Peas, J Balvin",922467002
"Black Eyed Peas, Maluma",2728238
"Black Eyed Peas, Ozuna, J. Rey Soul",143207841
"Black Moose, Danny Saucedo, Einár",1185873
"Black Motion, Afro’traction, Mot",1740
"BlackRoy, Carlitos Junior, Yiordano Ignacio",1194296
"Blacka, Qlas & Blacka, Jonna Fraser",76254
"Blackstreet, Dr. Dre, Queen Pen",294141
"Blacksy, Marucci",5032
"Blade Brown, K-Trap",53158
"Blak, Jimilian",1045431
"Blanke, Godlands",3153
"Blanquito Man, Control Machete, Celso Piña",103014
"BlazRoca, XXX Rottweiler hundar, Ragnar Bjarnason",1031
"Ble Patumrach R Siam, Kong Huayrai",13626
"Bleache, Prince Fendi, Birnir",1386
"Bleak Purdy, Cozie",12909
"Blen, AKI",18213
"Blewbird, Sleo",3207
"Bligg, Marc Sway",1005212
"Blizzy, Denz, Yasin, Rigo, Aki, Dree Low, Jacco, Hasti B",18413
"Blizzy, Dree Low",571759
"Blizzy, K27",329703
"Blizzy, Kapten Röd",1104556
"BlocBoy JB, 21 Savage",5686910
"Bloody Hawk, Troufone",3115
"Blow, Frsh",309992
"Blow, Frsh, De Fellas",294199
"Blow, Frsh, Geechi, De Fellas",38909
"Blue Ivy, SAINt JHN, Beyoncé, WizKid",20916856
"Blue Swede, Björn Skifs",127209
"Blueface, Gunna",616695
"Blunted Vato, Ecko, Muerejoven, John C",2258326
"Bob Marley & The Wailers, LVNDSCAPE, Bolier",32967
"Bob Sinclar, Gary Pine",9159
"Bob Varo, Violetta Collaco",2114
"Bobby ""Boris"" Pickett",807732
"Bobby ""Boris"" Pickett, The Crypt-Kickers",4925741
"Bobby Cruz, Ricardo ""Richie"" Ray",27897
"Bobo & Gileus, Kapten Röd",35569
"Bobo Vieri, Nicola Ventola, Lele Adani",53090
"Bobo, Real Phantom, Japanese, Livity Crew",400594
"Bodybangers, DJ Muscleboy",16352
"Bodyslam, F.HERO",84834
"Bodyslam, Joey Boy",58268
"Bodyslam, Palmy",704628
"Bodyslam, Potato, Da Endorphine",2277
"Boef, Ali B",3413901
"Boef, Ashafar",4584513
"Boef, Chivv",3638958
"Boef, Ismo, Lijpe",1379428
"Boef, Lijpe",18613
"Boef, Lil Kleine",3026766
"Boef, Paramocro",1449829
"Boef, Ronnie Flex",1497873
"Boef, Sevn Alias",5923371
"Boef, Soufiane Eddyani",4308700
"Bohemia, Sidhu Moose Wala",6684968
"Boity, Nasty C",12301
"Bokke8, Ashafar, Lucass",307083
"Bokke8, Lucass, Philly, Sevn Alias",143142
"Bokke8, Sevn Alias",770567
"Bokoesam, $hirak",670797
"Bokoesam, Boef",451867
"Bokoesam, CHO",614098
"Bokoesam, Chivv",161022
"Bokoesam, Jacin Trill",109467
"Bokoesam, Jonna Fraser",80151
"Bokoesam, Young Ellens, Jiri11, Esko",259581
"Bokoesam, Yung Nnelg",137788
"Bolier, Arem Ozguc, Arman Aydin, NBLM",812019
"Bollebof, Chivv, Young Ellens",2478782
"BollyKex, Arijit Singh, Alka Yagnik",2667009
"Bolémvn, Koba LaD",12050163
"Bolémvn, Landy",942996
"Bolémvn, Maes",5030109
"Bolémvn, RK",2907343
"Bomba Estéreo, Systema Solar",8044
"Bombotunes, Buble y Neto, Diego Villacis DVM, Bebo Yau, I.N.R.I, Jammal Sánchez",34408
"Bomby, Donkirap",454669
"Bon Entendeur, Isabelle Pierre",16864622
"Bonez MC, Gzuz",468607
"Bonez MC, Gzuz, Kontra K",1033774
"Bonez MC, Javada",642059
"Bonez MC, LX, Maxwell, Sa4",1351785
"Bonez MC, RAF Camora",326632734
"Bonez MC, RAF Camora, Bausa",3278025
"Bonez MC, RAF Camora, Gzuz",88238683
"Bonez MC, RAF Camora, Hanybal",9996690
"Bonez MC, RAF Camora, Kontra K",4965040
"Bonez MC, RAF Camora, Maxwell",67928353
"Bonez MC, RAF Camora, Sa4",573253
"Bonez MC, RAF Camora, Trettmann, KitschKrieg",7021216
"Bonny Lovy, Mike Bahía",74613
"Bonobo, Innov Gnawa",11142
"Bonobo, Nick Murphy",29521
"Bonobo, Nicole Miglis",11382
"Bonobo, Rhye",220691
"Bonus RPK, Białas",109657
"Bonus RPK, Quebonafide, Borixon, Kizo",181863
"Booba, Benash",421958
"Booba, Damso",1461090
"Booba, Kaaris",123484
"Booba, Niska, Sidiki Diabaté",69984
"Booba, Zed",11887833
"Boomdabash, Alessandra Amoroso",60533329
"Boomdabash, Loredana Bertè",20107911
"Boon Hui Lu, GBOYSWAG",74588
"Bootsyano, Wiz Khalifa",7687
"Borgardætur, Ragnar Bjarnason",2787
"Boris Ayson, Estie",1563
"Borixon, Kękę",776583
"Borixon, Reto",93230
"Boro Boro, Don Joe, MamboLosco",60658872
"Boro Boro, LGND",270509
"Boro Boro, YOUNGGUCCI, LGND",16058850
"Boro Purvi, Mom4eto",1249
"Boro Purvi, Tita",117196
"Bossy, Şehinşah",1277245
"Bosx1ne, John Roa, Skusta Clee, Emcee Rhenn, Flow G, Bullet-D, Kent Mnl",982871
"Boy Sompob, แคชชี่",24305
"Boy Wonder CF, Tito ""El Bambino""",66865
"Boy Wonder, DJ Fatte, Katka Ščevlíková",1241
"Boyce Avenue, Bea Miller",86360
"Boyd Kosiyabong, Pongsit Kampee",3079
"Boyd Kosiyabong, Two Popetorn",54506
"Boza, Akim",795597
"Boza, Faster",4967685
"Bozza, Gzuz",827842
"Brainstorm, Daddy Was a Milkman",12925
"Bramsito, Booba",36570289
"Bramsito, Soprano",658141
"Branco, Gilli",50317291
"Branco, Stepz",990667
"Brandon Beal, Jimilian",116893
"Brandon Beal, Lukas Graham",24976
"Branko, Ana Moura, Conan Osíris",19421
"Branko, Mallu Magalhães",3926
"Brasco, Blow, De Fellas",38131
"Brasco, Blow, Getit, De Fellas",29793
"Brasco, Frsh, Geechi, De Fellas",1242856
"Brasco, Getit, Frsh, Geechi, De Fellas",35839
"Brasco, Spens, De Fellas",31760
"Brasco, Spens, Geechi, De Fellas",30573
"Breathe Carolina, Dropgun, Kaleena Zanders",7015
"Breathe Carolina, Robert Falcon",47277
"Breiðablik, Herra Hnetusmjör",104614
"Brihang, Ntrek",13451
"Bring Me The Horizon, Death Stranding: Timefall",446238
"Britz, Eddy & Zino",13522
"Britz, Jonas Benyoub",13793
"Bro, BasedBoys",486594
"Brodka, A_GIM",4839093
"Brodka, The Dumplings",63099
"Broederliefde, Afrojack",894135
"Broederliefde, Big2",281276
"Broederliefde, Broertje",35683
"Broederliefde, Candy Dulfer",283066
"Broederliefde, Dongo",2893754
"Broederliefde, Emms",5459822
"Broederliefde, Frenna",25633405
"Broederliefde, Glennis Grace",1008686
"Broederliefde, Jandro",407352
"Broederliefde, Josylvio",793263
"Broederliefde, Kalibwoy, SBMG",255161
"Broederliefde, Memphis Depay",259361
"Broederliefde, Nelson Freitas",2662657
"Broederliefde, Poke",2353554
"Broederliefde, Poke, Bryan Mg, Adje, Mula B, Sevn Alias",526236
"Broederliefde, Ronnie Flex",2944773
"Broederliefde, Royki",2459702
"Broederliefde, Shary-An",490599
"Broederliefde, Snelle, Kempi",315614
"Broertje, Bizzey",191117
"Broertje, Hansie, Jermaine Niffer",115202
"Broertje, JoeyAK, Stijco",220147
"Broertje, Josylvio",2540826
"Broertje, Lijpe",794774
"Broiler, Bekuh Boom",59249
"Broiler, Kurt Nilsen",1663665
"Broiler, Lovespeake",21982
"Broiler, Trevis",28423
"Broiler, Voli",296000
"Broken Back, Henri PFR",34746
"Broken Back, Klingande",1766
"Brookz, Robbz",1886597
"Brooze, Laco&senior",2049
"Bru-C, Simula",4441
"Bruce Hornsby, The Range",106949
"Brudi030, Olexesh",71286
"Brudi030, Sa4",154883
"Bruninho & Davi, Luan Santana",511591
"Bruno & Marrone, Jorge & Mateus",18690860
"Bruno Alves, Anne Lukin",35460
"Bruno Martini, Isadora",3355192
"Bruno Martini, Timbaland, Johnny Franco",616645
"Bryan Mg, Architrackz",10576007
"Bryan Mg, Architrackz, Equalz",653461
"Bryan Mg, Architrackz, Priceless, Latifah",1398680
"Bryan Mg, DYSTINCT",322459
"Bryan Mg, Frenna",12977067
"Bryant Mayers, Jon Z, Alfa",2974
"Bryant Myers, Alex Rose",11280945
"Bryant Myers, Anuel AA",22014303
"Bryant Myers, Bad Bunny",26744604
"Bryant Myers, Cosculluela",3375738
"Bryant Myers, De La Ghetto, Darell, Almighty",9337
"Bryant Myers, Farruko",1327
"Bryant Myers, Gigolo Y La Exce, Jon Z",1315
"Bryant Myers, Gigolo Y La Exe, Jon Z",26661
"Bryant Myers, Kevin Roldan",71494
"Bryant Myers, MOLY",22095
"Bryant Myers, Messiah, Black Jonas Point",28964
"Bryant Myers, Miky Woodz",1722947
"Bryant Myers, Miky Woodz, Justin Quiles",28140864
"Bryant Myers, Miky Woodz, Myke Towers",4093
"Bryant Myers, Nicky Jam",2222041
"Bryant Myers, Plan B",3637095
"Bryant Myers, Quimico Ultra Mega, Secreto, Black Jonas Point, Mark B.",4691787
"Bryant Myers, Rauw Alejandro, Lyanno",2209470
"Bryant Myers, Secreto ""El Famoso Biberon"", Mark B.",353706
"Bryant Myers, Ñejo",508185
"Brytiago, Anuel AA",35054312
"Brytiago, Bad Bunny",5137270
"Brytiago, Barloe Team, Darell",6172335
"Brytiago, Daddy Yankee, Nicky Jam",2434164
"Brytiago, Daddy Yankee, Ozuna, Darell, Anuel AA",187611424
"Brytiago, Dalex, Lenny Tavárez",656921
"Brytiago, Darell",212301591
"Brytiago, Darell, Arcangel, Ñengo Flow, Farruko, De La Ghetto",103093
"Brytiago, Darell, Arevi",12777815
"Brytiago, Darell, Barloe Team",12475325
"Brytiago, Farruko, Lary Over",2501399
"Brytiago, Jhay Cortez",421107
"Brytiago, Jon Z",1017482
"Brytiago, Myke Towers",4411433
"Brytiago, Rafa Pabön",8506425
"Brytiago, Rafa Pabön, Barloe Team",188663
"Brytiago, Rafa Pabön, Sech, Myke Towers, Cazzu, Rauw Alejandro",14841328
"Brytiago, Rauw Alejandro",247023
"Brytiago, Wisin",81921
"Brädi, Frans Harju",241014
"Brädi, Illi",980116
"Brädi, Irina",1345343
"Brädi, Juha Tapio",129670
"Brädi, Kalle Kinos, Särre",18323
"Brädi, Kasmir",421225
"Brädi, Redrama",1080758
"Bsw, RICO, Miss Mood",2495
"Bubbi Morthens, Katrín Halldóra Sigurðardóttir",70451
"Buddha Bless, เกรียน Peace",2520342
"Bulin 47, Ceky Viciny",439121
"Bulova, Liro 100, R1 La Esencia, Baraka Ataka",5151
"Bunbury, Andrés Calamaro",1495
"Bunga Cinta Lestari, Ari Lasso",10447
"Bunga Citra Lestari, JFlow",1436251
"Burak Yeter, Cecilia Krull",9740891
"Burak Yeter, Danelle Sandoval",108883699
"Burhan G, Frida Brygmann",5004900
"Burna Boy, Stormzy",91117964
"Burry Soprano, Ilkay Sencan",7234894
"Burry Soprano, Mert",63467
"Bushido, Animus",24991033
"Bushido, M.O.030",669316
"Bushido, Samra",6879311
"Busta Flex, Shone, Sofiane, Nakk Mendosa",188894
"Busta K, Cat Delphi",2042
"Busta Rhymes, The Pussycat Dolls",89549
"Butrint Imeri, Gjiko",5751
"Butrint Imeri, Nimo",3561090
"Buunkin, Matstubs",30017
"Bvcovia, Amuly, Oscar, 2americani, Scuze",21043
"Bvcovia, Azteca",12474
"Bvcovia, Dhali, Scuze",4722
"Bvcovia, Jo Klass, Marko Glass, Renvto",11748
"Bvcovia, Lino Golden",10665
"Bvcovia, Marko Glass",15338
"Bvcovia, Oscar",1473
"Bvcovia, Yakki",5194
"Bvlgarich, Italian Somali",1493
"ByeAlex és a Slepp, Dannona",277445
"ByeAlex és a Slepp, Giajjenno",976534
"ByeAlex és a Slepp, Halott Pénz",3295
"ByeAlex és a Slepp, Hiro",1124130
"ByeAlex és a Slepp, LUCA",3383
"ByeAlex és a Slepp, Manuel",475777
"Bùlù, Meloyah",6806
"Büyük Ev Ablukada, Ezhel",1336163
"Bāze 7, Olga",4105
"C-BooL, Giang Pham",360521
"C. Tangana, Becky G",64860860
"C. Tangana, Darell",2104505
"C. Tangana, Duki, Neo Pistea, Polimá Westcoast",977624
"C. Tangana, Natti Natasha",5433696
"C. Tangana, Niño de Elche",8791658
"C. Tangana, Paloma Mami",62734406
"C. Tangana, ROSALÍA",35351390
"C. Tangana, Sky Rompiendo",27378
"C. Tangana, Take A Daytrip",37753
"C.Gambino, Aden",434623
"C.R.O, Cazzu",1595290
"C.R.O, Duki",11608656
"C.R.O, Duki, Chulu",19132
"C.R.O, Neo Pistea",525849
"C0PIK, Tymek",409259
"CA$HANOVA BULHAR, Don Chain",2747
"CA$HANOVA BULHAR, ICY L",4521
"CA$HANOVA BULHAR, LUISA",10714
"CA$HANOVA BULHAR, Labello",1470934
"CA$HANOVA BULHAR, Labello, TK27",4489
"CA$HANOVA BULHAR, Pil C",40282
"CA$HANOVA BULHAR, Samer Issa",109940
"CA$HANOVA BULHAR, TK27",6851
"CA7RIEL, Paco Amoroso",9861255
"CAMO, Sleiman",97590
"CAMO, Sleiman, Jesper Livid, Q",465175
"CAZZETTE, JONES",26282
"CAZZETTE, Leo Stannard",25249
"CB Records Music, J.Mastermix",199130
"CHANYEOL, Punch",5021983
"CHANYEOL, SEHUN",115215
"CHEN, Punch",13132
"CHF, How To Loot Brazil",12256
"CHITSWIFT, OG-ANIC",73609
"CHO, Abigail Johnson",651548
"CHO, Adje",36859
"CHO, April Alice",33783
"CHO, BKO, Jandro, Sevn Alias",233995
"CHO, ENVR",36309
"CHO, Idaly",538909
"CHO, Jayh",35148
"CHO, JoeyAK",288368
"CHO, Kalibwoy",39693
"CHO, Latifah",120167
"CHO, Sevn Alias",1825956
"CHUNG HA, pH-1",34348
"CJaye, Kwaaivines, Frenchie B",998869
"CLMD, Madcon",3994056
"CLMD, Tungevaag",20704172
"CLiQ, Caitlyn Scarlett, Kida Kudz, Double S",12634
"CMC$, GRX, Icona Pop",31885
"CNCO, Little Mix",13142528
"CNCO, Manuel Turizo",3181681
"CNCO, Meghan Trainor, Sean Paul",4932406
"CNCO, Natti Natasha",1103396
"CNCO, Prince Royce",25142781
"CNCO, Yandel",72117263
"CORSAK, Robinson",4556
"CORSAK, 马吟吟",3865
"CXB, Pueblo Boliviano",59207
"CYANIDE, Lazyloxy",1132469
"CYANIDE, Ninja",1061576
"CYANIDE, OG SMITH, NICECNX",9666
"Caater, Mari-Liis",1019
"Caballero & JeanJass, Alkpote",128749
"Caballero & JeanJass, Bigflo & Oli",128062
"Caballero & JeanJass, Chilla",51380
"Caballero & JeanJass, Di-Meh",67862
"Caballero & JeanJass, Hamza",166345
"Caballero & JeanJass, ICO",131887
"Caballero & JeanJass, ISHA",48246
"Caballero & JeanJass, Krisy",206657
"Caballero & JeanJass, Lefa",50698
"Caballero & JeanJass, Lomepal",54410
"Caballero & JeanJass, Lorenzo",70371
"Caballero & JeanJass, Luv Resval",276211
"Caballero & JeanJass, Mister V",72775
"Caballero & JeanJass, Oxmo Puccino, Swing",107587
"Caballero & JeanJass, Rim'K",234598
"Caballero & JeanJass, Roi Heenok",46953
"Caballero & JeanJass, Roméo Elvis",512376
"Caballero & JeanJass, Roméo Elvis, Slimka",282964
"Caballero & JeanJass, Shayfeen, Madd",5669
"Caballero & JeanJass, Sofiane",276838
"Caballero & JeanJass, Youv Dee",54874
"Cadet, Deno",40497814
"Cage The Elephant, Beck",224737
"Caiiro, Black Motion",1064
"Cairokee, Abdelrahman Roshdy",4217
"Cakra Khan, Hael Husaini",717384
"Cali Y El Dandee, Greeicy, Jhay Cortez",18285
"Cali Y El Dandee, Juan Magán, Sebastian Yatra",8253379
"Cali Y El Dandee, Mike Bahía",112806
"Cali Y El Dandee, Piso 21",4371355
"Cali Y El Dandee, Rauw Alejandro",3052027
"Cali Y El Dandee, Reik",4455406
"Cali Y El Dandee, Sebastian Yatra",18986136
"Cali Y El Dandee, Shaggy",34285168
"Calin, Ben Cristovao",464997
"Calin, Kvítek",104121
"Calin, SKiNNY BARBER",756539
"Calin, STEIN27",4025695
"Calin, Viktor Sheen",56962
"Calinacho, Foreign Boys",46971
"Calinacho, Foreign Boys, Azteca",15412
"Calinacho, Foreign Boys, TRE",4935
"Calinacho, Foreign Boys, TRE, Yung Foe",5819
"Calinacho, Foreign Boys, Yung Foe",5197
"Callalily, Yeng Constantino",5290442
"Calum Scott, Leona Lewis",4285686
"Calvin Harris, Disciples",265960
"Calvin Harris, Funk Wav",483357508
"Calvin Harris, Jessie Reyez",977846435
"Calvin Harris, Rag'n'Bone Man",8932
"Calvin Harris, Sam Smith",21842
"CamelPhat, Cristoph, Jem Cooke",7479789
"CamelPhat, Elderbrook",16860626
"CamelPhat, Jake Bugg",3122579
"CamelPhat, Jem Cooke",2246176
"CamelPhat, Yannis, Foals",121935
"Cami, Antonio José",16470295
"Cami, WOS",2230123
"Camila Cabello, Daddy Yankee",27595290
"Camila Cabello, Swae Lee",5687947
"Camila Cabello, Young Thug",50440517
"Camila Loures, MC WM",474236
"Camilo, Christian Nodal",13845946
"Camilo, El Alfa",56699
"Camilo, Evaluna Montaner",51478350
"Camilo, Pedro Capó",506842723
"Camilo, Shakira, Pedro Capó",12488439
"Cammy-Kun, Kensei Abbot, Toxicanna",3580
"Can Bonomo, Ceza",11923
"Can Yildiz, C4NR0S",18100
"Can Yüce, Umut Kumaş",334855
"Canbay & Wolker, Decrat",720356
"Canesecco, 3D",31372
"Cannabis Club ATL, Metro Boomin",7887
"Canozan, Sedef Sebüktekin",47912
"Canozan, Şenceylik",190837
"Canta Bille, Peno",1245
"Canto dos Estádios, Buchecha",99083
"CantoParaBailar, Lucas Sugo",1587242
"Capi, JWolfy",1143
"Capi, Jesus Aguilar, Jacoboi",1145
"Capital Bra, AK AUSSERKONTROLLE",3693615
"Capital Bra, Bausa",515749
"Capital Bra, Bozza",14785603
"Capital Bra, Capital T",25062593
"Capital Bra, Farid Bang",2532008
"Capital Bra, Joshi Mizu",534828
"Capital Bra, KAY AY",448300
"Capital Bra, KC Rebell",3058205
"Capital Bra, King Khalil",27328577
"Capital Bra, LX",272926
"Capital Bra, Loredana",18436298
"Capital Bra, Nash",6021280
"Capital Bra, Nimo",18692090
"Capital Bra, RAF Camora, Joshi Mizu",14175811
"Capital Bra, Samra",307817842
"Capital Bra, Samra, Kalazh44",2145030
"Capital Bra, Samra, LEA",149508883
"Capital Bra, Samra, SANTOS",7920069
"Capital Bra, Summer Cem, KC Rebell",58081456
"Capital Bra, Ufo361",89956679
"Capital T, King Khalil, Trippie Boi, M.O.030, Lil Lano",1068921
"Capital T, Ledri Vula",101457
"Capo Plaza, AVA",43886102
"Capo Plaza, AVA, Mojobeatz",2055500
"Capo, Nimo",1230008
"Captain Cuts, Digital Farm Animals",120499
"Captain Cuts, Zookëper, Georgia Ku",1057
"Caracol Televisión, Manuel Turizo",34454
"Carakukly, Maor Edri",115601
"Cardellino, Arquero",1522
"Cardi B, Bad Bunny, J Balvin",1680832375
"Cardi B, Bruno Mars",259497489
"Cardi B, YG",11279047
"Carina Dahl, Adrian Jørgensen",463332
"Carina Dahl, Åge Sten Nilsen",280689
"Carl Brave x Franco126, Coez",1201839
"Carl Brave, Bipuntato",1121192
"Carl Brave, Franco126",923207
"Carl Brave, Luche",1190368
"Carl Brave, Mara Sattei, tha Supreme",10478076
"Carl Brave, Max Gazzé",1544612
"Carl-Bertil Agnestig, Nacka Girls Choir, Nacka Music Class",28767
"Carla's Dreams, Deliric",58415
"Carlitos Junior, El Futuro Fuera De Orbita",3203203
"Carlitos Junior, Pablo Chill-E, El Futuro Fuera De Orbita",40706
"Carlos Baute, Alexis y Fido",5243228
"Carlos Baute, Marta Sánchez",182747
"Carlos Montesquieu, Bulin 47",33598
"Carlos Right, Juan Magán",130467
"Carlos Right, Marilia Monzón",28980
"Carlos Right, Miki Núñez",983225
"Carlos Right, Sabela",139009
"Carlos Rivera, Becky G, Pedro Capó",15078628
"Carlos Rivera, Reik, Pandora, Matisse, Natalia Jiménez, Yuri, Ventino, Arthur Hanlon, Manuel Medrano",85154
"Carlos Sadness, Manuel Medrano",159742
"Carlos Vives, Alejandro Sanz",175463
"Carlos Vives, Kombilesa Mi",25255
"Carlos Vives, Manuel Turizo",22774
"Carlos Vives, Martin Elías",33634
"Carlos Vives, Peter Manjarrés",9376
"Carlos Vives, Sebastian Yatra",153701475
"Carlos Vives, Shakira",79408987
"Carlos Vives, Wisin",758981
"Carly Pearce, Lee Brice",5207885
"Carlão, Bruno Ribeiro",13960
"Carmon, Jamaika",240640
"Carmon, Stepz",1090986
"Carnage, Tyga, OHGEESY, Takeoff",171679
"Caro Emerald, Metropole Orkest",47141
"Carola, Christer Sjögren",52449
"Carolina Deslandes, António Zambujo",4338
"Carolina Deslandes, MARO",4194
"Carolina Deslandes, Rui Veloso",483826
"Carolina Durante, Amaia",1241098
"Carpark North, Samu Haber",10359
"Cartel De Santa, Millonario",14483828
"Carterboy Global, James Hinton",7129
"Casa Worship, Julliany Souza, Léo Brandão",18478108
"Cash Cash, Digital Farm Animals",419689
"Cash Cash, ROZES",217769
"Cash Cash, Sofía Reyes",175876
"CashLord Mess, Kafani, Yhung T.O., Smurf Hicks",7413
"Cashcity, J3rr, Mario Cash",32884
"Cashmere Cat, Starrah, 2 Chainz, Tory Lanez",2115
"Casper Magico, Anuel AA",58261504
"Casper Magico, Bryant Myers, Alex Rose, Juhn",8828749
"Casper Magico, La Kikada, Atomic Otro Way, Dk La Melodia",7466
"Casper Magico, Nio Garcia, Cosculluela, Jennifer Lopez, Wisin, Yandel",27346
"Casper Magico, Nio Garcia, Darell",831445
"Casper Magico, Rauw Alejandro",1852138
"Casper, Dennis Okkerstrøm, Futte Fynbo",8130
"Cassper Nyovest, Boskasie",2422
"Cassper Nyovest, DJ Sumbody",2460
"Cassper Nyovest, Frank Casino",3509
"Cassper Nyovest, Shwi Nomtekhala",3114
"Cassper Nyovest, Tweezy",19280
"Cast of ""Hag Li"", Shlomo Artzi, Oshik Levi",3070
"Cat Dealers, Bruno Martini, Joy Corporation",806384
"Cat Dealers, LOthief, Santti",7637940
"Cat Dealers, Le Dib",1848517
"Cat Power, Lana Del Rey",16744
"Cauty, Brytiago",81592
"Cauty, Brytiago, Darell, Cosculluela, Rafa Pabön, Chencho Corleone",82835825
"Cauty, Lenny Tavárez, Jay Wheeler, Noriel, Alex Rose",3382673
"Cauty, Rafa Pabön",3188296
"Cavallini & Shrty, Gettomasa",2102572
"Cavallini & Shrty, Gettomasa, Cavallini",387962
"Cavallini & Shrty, JVG",113920
"Caza, Bizzey",22009302
"Caza, Famke Louise",21355837
"Caza, Ronnie Flex",1187365
"Caza, SXTEEN",79808
"Cazzu, Duki, KHEA, Duki & Cazzu",214782
"Cazzu, Duki, Neo Pistea, YSY A",4452346
"Cazzu, Lyanno, Rauw Alejandro, Dalex",11526076
"Cazzu, Maikel Delacalle",3044888
"Cazzu, Myke Towers",26414
"CeCe Rogers, Mood Life",1102
"Ceaese, Polimá Westcoast, Young Cister",1392948
"Ceaese, Utopiko, DrefQuila, THAT",23762623
"Ceaese, Utopiko, Polimá Westcoast, Young Cister",25730860
"Ceaese, Utopiko, Polimá Westcoast, Young Cister, Akapellah, Stailok",2911098
"Cedric Gervais, Digital Farm Animals, Dallas Austin",4263
"Ceg, Anıl Piyancı",5154017
"Ceg, Aspova",10170
"Ceg, Server Uraz, Hidra",47565
"Ceky Vicini, Secreto",29859
"Ceky Viciny, Bulin 47, El Mayor Clasico",36561
"Ceky Viciny, El Cherry Scom",3450
"Ceky Viciny, El Mayor Clasico",66420
"Celestal, Rachel Pearl, Grynn",615621
"Celo & Abdi, Falco",41859
"Celo & Abdi, Olexesh, Nimo",167672
"Cem Adrian, Halil Sezai, Hayko Cepkin",31085
"Cem Adrian, Hande Mehan",21048759
"Cem Karaca, Dervişan",28388
"Cepeda, Aitana",3046704
"Cepeda, Antonio José",34128
"Cess, Benjamin",4304707
"Ceza, Sayedar, Önder Şahin",391370
"Chad Cooper, Robaer",47827
"Chadia Rodriguez, Big Fish, Jake La Furia",859625
"Chamaco, Boza",655874
"Chamaco, El Tachi",42396
"Chamaco, Yemil",59495
"Champion J.R, Erik Emanuel",24163
"Chance the Rapper, BJ The Chicago Kid, Lili K",313204
"Chance the Rapper, Calboy",1160129
"Chance the Rapper, Childish Gambino",832043
"Chance the Rapper, DIXSON, Nicki Minaj",303775
"Chance the Rapper, Death Cab for Cutie",8667245
"Chance the Rapper, En Vogue, Ari Lennox, Kierra Sheard",2533106
"Chance the Rapper, Francis and the Lights",1684735
"Chance the Rapper, Gucci Mane",1665638
"Chance the Rapper, Joey Purp",1604005
"Chance the Rapper, John Legend",7150112
"Chance the Rapper, Knox Fortune",1578000
"Chance the Rapper, Lil Durk, Nicki Minaj",3331503
"Chance the Rapper, MadeinTYO, DaBaby",102834959
"Chance the Rapper, Megan Thee Stallion",6505308
"Chance the Rapper, Nate Fox",262934
"Chance the Rapper, Noname",244472
"Chance the Rapper, Nosaj Thing",243884
"Chance the Rapper, Randy Newman",1133679
"Chance the Rapper, SWV, Pretty Vee",303042
"Chance the Rapper, Shawn Mendes",3276377
"Chance the Rapper, Smino",4345879
"Chance the Rapper, Supa Bwe, Forever Band",2244384
"Chance the Rapper, Taylor Bennett, CocoRosie",2383572
"Chance the Rapper, TisaKorean, Murda Beatz",26163042
"Chance the Rapper, VIC MENSA, Twista",1168635
"Chancellor, TAEYEON",3686
"Chani Livne, Effi Ben Israel",5361
"Chano, Karen Méndez",3027
"Chantel Jeffries, BlocBoy JB, Vory",1586
"Chantel Jeffries, Jeremih",46038
"Chara, YUKI",94799
"Charlene Choi, Pakho Chau",89519
"Charles Aznavour, Richard Galliano, Eddie Louiss",263846
"Charli XCX, Christine and the Queens",1528726
"Charli XCX, Starrah, RAYE",26687
"Charli XCX, Troye Sivan",80691456
"Charlie Charles, Izi, Rkomi, Sfera Ebbasta, Tedua, Ghali",2464837
"Charlie Charles, Sfera Ebbasta, Ghali",46520428
"Charlotte Lawrence, Nina Nesbitt, Sasha Sloan",128207
"Charlotte Qvale, Marte Wulff",19656
"Charly Black, Daddy Yankee",61371161
"Chase & Status, Masicka",57030
"Chase & Status, Tom Grennan",308977
"Chase Anthony, BlazRoca",62009
"Chase Anthony, JóiPé",414827
"Chase Anthony, Páll Óskar",11325
"Cheat Codes, CADE",3146531
"Cheat Codes, DVBBS",26507
"Cheat Codes, Daniel Blume",94480
"Cheat Codes, Danny Quest, Ina Wroldsen",1311
"Cheat Codes, Kim Petras",19113
"Cheat Codes, Kris Kross Amsterdam",13909862
"Cheat Codes, Nicky Romero",1443415
"Cheat Codes, Sofía Reyes, Willy William",146407
"Cheba Souad, Hichem Smati",58203
"Chebaleba, RicoWamos",32920
"Chebaleba, Ruma",13237
"Chelsea Cutler, Alexander 23",245877
"Chelsea Cutler, Jeremy Zucker",584922
"Chen Aharoni, האולטראס",11472
"Chencho Corleone, Miky Woodz",2769620
"Chencho Corleone, Natti Natasha, Justin Quiles, Wisin, Miky Woodz",489016
"Cher, Andy Garcia",2313567
"Cher, Meryl Streep, Christine Baranski, Julie Walters, Pierce Brosnan, Colin Firth, Stellan Skarsgård, Andy Garcia, Amanda Seyfried, Dominic Cooper, Lily James, Jessica Keenan Wynn, Alexa Davies, Josh Dylan, Jeremy Irvine, Hugh Skinner",1493542
"Cheriimoya, Sierra Kidd",174167
"Cherrie, Janice, Sikai",32122
"Cherrie, K27",210229
"ChiChi Peralta, Jandy Feliz",8187683
"Chica Sobresalto, Maialen",59423
"Chicco Jerikho, Rio Dewanto",6339
"Chico Buarque, MPB4, Quarteto Em Cy",83940
"Chico Rose, 71 Digits",636249
"Chico da Tina, tripsyhell",4280
"Childish Gambino, John Kani",1884
"ChildsPlay, AfroTura",16808
"ChildsPlay, Donnie",31143
"ChildsPlay, Frsh",12319562
"ChildsPlay, Frsh, Young Ellens, Geechi, Spens",948614
"ChildsPlay, Geechi, Young Ellens",1003845
"ChildsPlay, IliassOpDeBeat",528204
"ChildsPlay, Jonna Fraser, Eves Laurent",244031
"ChildsPlay, Jozo, Kempi",21169
"ChildsPlay, ValsBezig",30585
"Chillinit, Lil Dijon",80916
"Chimbala, Chucky 73, Fetti031",207545
"Chimbala, Juan Magán, Omar Montes, PV Aparataje",6790206
"Chinaski, Katarina Knechtova",23037
"Chino & Nacho, Daddy Yankee",62881467
"Chino & Nacho, Daddy Yankee, Don Omar, Wisin",1505285
"Chino & Nacho, Farruko, Arbise González",218634
"Chip Charlez, Jairzinho",17404647
"Chip Charlez, Jairzinho, KM",52369
"Chip Charlez, Nielson",28222
"Chip Charlez, Young Ellens",188123
"Chip, Giggs",59761
"Chivv, Ayden, Hef",36889
"Chivv, Boef, SRNO",1757015
"Chivv, Bryan Mg",221737
"Chivv, Diquenza",17392422
"Chivv, Djaga Djaga",146436
"Chivv, Frenna",2589038
"Chivv, Henkie T",82936
"Chivv, Jonna Fraser",462781
"Chivv, King Promise",1046809
"Chivv, Kojo Funds",171353
"Chivv, Latifah",202454
"Chivv, Lijpe",2173625
"Chivv, Lil Kleine, Frsh",8353279
"Chivv, NAVI",1897475
"Chivv, Ronnie Flex, JoeyAK",1083694
"Chivv, Sevn Alias, Chardy",3313869
"Chivv, Sevn Alias, D-Double",4837399
"Chivv, Tabitha",1770514
"Chivv, Zefanio",353434
"Chloe x Halle, Swae Lee",1795
"ChocQuibTown, Becky G",2820920
"ChocQuibTown, Nicky Jam",51279
"ChocQuibTown, Zion & Lennox, Farruko",124696141
"Choclock, Cazzu, Rels B",41966
"Chris Brown, Nicki Minaj, G-Eazy",263139
"Chris Brown, Young Thug",43261332
"Chris Haugan, Mad.S ",23678
"Chris Holsten, Frida Ånnevik",2365428
"Chris Holsten, Hver gang vi møtes",70779
"Chris Jedi, J Balvin, Ozuna, Arcangel",100710644
"Chris Jedi, J Balvin, Ozuna, Cardi B, Offset, Anuel, Arcangel",4916707
"Chris Jedi, Ozuna, Brytiago",59067729
"Chris Lee, 吳青峰",108788
"Chris Tamayo, Dimelo Supra",19722
"Chris Tamayo, Tamayo Boss Ent",24530
"Chris Tomlin, We The Kingdom",21119
"Chris Tyson, Navé Monjo",53955
"Chris Viz, Young Vene",43482854
"ChrisTheGlove, Keak Da Sneak",3963
"Christian Löffler, Mohna",32553
"Christian Nava, Young Eiby",13707
"Christian Nodal, David Bisbal",4553417
"Christian Nodal, Sebastian Yatra",107687
"Christina Aguilera, Lil' Kim, Mýa, P!nk",170031
"Christine Baranski, Julie Walters, Amanda Seyfried",3481732
"Christine and the Queens, DāM-FunK",464839
"Christoph Ernst Friedrich Weyse, Elias Blix, Den Norske Studentersangforening",10848
"Christoph Ernst Friedrich Weyse, Elias Blix, Forsvarets Stabsmusikkorps, Schola Cantorum, THE STAFF BAND OF THE NORWEGIAN ARMED FORCES, Ingar Bergby, Tone Bianca Sparre Dahl",39763
"Christoph Ernst Friedrich Weyse, Forsvarets Stabsmusikkorps, Schola Cantorum, THE STAFF BAND OF THE NORWEGIAN ARMED FORCES, Ingar Bergby, Tone Bianca Sparre Dahl",10587
"Christophe, Juliette Armanet",49479
"Christopher Jackson, Rachel House, Nicole Scherzinger, Auli'i Cravalho, Louise Bush",27967
"Christopher Wong, Ian Rees",2464
"Christopher, Kelly Pan",52334
"Christos Mastoras, Dimitris Basis",208053
"Chriz & Heino, Ude Af Kontrol",82674
"Chriz, Heino",17816
"Chromeo, Shelley FKA DRAM",7855
"Chucho Flash, Juan Miguel",5612
"Chucky73, Fetti031",486579
"Chucky73, Fetti031, Dglo73, Youngkilla73",3352
"Chucky73, Fetti031, Mc73",273915
"Chucky73, Mc73, Fetti031",210142
"Chunkz, Yung Filly",1506479
"Chyi Chin, Karen Mok",66503
"Chyno Miranda, J Balvin",39797
"Chyno Miranda, Mau y Ricky",48352
"Chyno Miranda, Wisin, Gente De Zona",2680180
"Chyno Miranda, Zion & Lennox",171253
"Cihan Mürtezaoğlu, Ceylan Ertem",315091
"Cinco, Lucass, Sevn Alias",296767
"Cisilia, Hasan Shah",993530
"Citybois, Skinz",4723180
"Clairmont, Wonder The Boy",28379
"Clambake, Rav3era",6111
"Clandistino, Numidia",1287738
"Claptone, Ben Duffy",3205
"Clau, Cortesia Da Casa, Haikaiss",77634542
"Claude Debussy, Víkingur Ólafsson",1155
"Claver Gold, Murubutu, Giuliano Palma",87600
"Claydee, Eleni Foureira",604376
"Claydee, Mente Fuerte",84402
"Clean Bandit, Jess Glynne",81453
"Cleber & Cauan, Jorge",4830249
"Cledos, Bizi, MD$",19131
"Cledos, Mikael Gabriel",1777690
"Cledos, TIPPA, Gracias, MD$, Bizi, Mikael Gabriel",2493607
"Cledos, TheoFuego",35621
"Cleo, Mesajah",11541
"Clicherik & Mäx, Karl Killing",72690
"Clicherik & Mäx, McLord",1376
"Clicherik & Mäx, Reket",2003
"Club Dogo, Vincenzo, Marracash",84193
"ClubDub, Ra:tio",3764892
"ClubDub, Ra:tio, Aron Can",672484
"ClubDub, Whyrun",8661
"Clueless Swede, Emilush, Anjo, Vilda Väsby",122421
"Cláudia Pascoal, Isaura",279621
"CoCo, Luche",214749
"Cocktail, เจ๋ง Big Ass",1660
"Coez, Gemello",20691
"Cohen, Michael Swissa",1899
"Cokah Mulan, Murda Mook, Fatman Scoop",7336
"Coldplay, Big Sean",421633
"Coldplay, Rihanna",34140
"Colin Firth, Stellan Skarsgård, Amanda Seyfried, Christine Baranski, Julie Walters, Pierce Brosnan",1532459
"Columbine, Lujipeka, Chaps",246945
"Comethazine, A$AP Rocky",240755
"Complex, Hatemost, Styl Mo, dwmnd",2330
"Computer Games, Darren Criss",3150
"Contiez, Treyy G",31455
"Contra, Anıl Piyancı",10170734
"Contra, Anıl Piyancı, Emrah Karakuyu",627833
"Cooliecut, Craig Xen, Killstation",335215
"Coolio, L.V.",2479580
"Corey Mekell, Eric Bellinger",2221
"Coro Infantil ""Los Campanilleros""",78144
"Corr, Khontkar",30808
"Coscu, Bizarrap, FMK, Ale Zurita, Renzo Luca",1818405
"Cosculluela, Anuel AA",211914
"Cosmo's Midnight, Ruel",207731
"Costa Gold, Haikaiss",10534858
"Costa Gold, Haitam",212210
"Costa Gold, Luccas Carlos, Don L",2235706
"Costa Titch, Boity",2083
"Costa Titch, Riky Rick",3941
"Costa, Bebe, MYGAL",6661042
"Coucheron, Sval",14623
"Count Basie Orchestra, Johnny Mathis",49097
"Cr7z, Kool Savas",87538
"Craig David, Sigala",133540
"Crazy Cousinz, M.O",2432395
"Crazy Design, Bulin 47, Ceky Viciny",202188
"Crazy Design, Kiko el Crazy",664988
"Cream Soda, HLEB",3130
"Creep Hyp, 谷口鮪",36290
"Cris Cab, J Balvin",72987
"Criss Blaziny, Connect-R, Bvcovia",11458
"Cro, Trettmann, KitschKrieg",3876070
"Croni-K, Yei",778218
"Crudo Means Raw, DJ Dmoe",7226
"Cruz Cafuné, Aissa",51338
"Cruz Cafuné, Alba Reche",38610
"Cruz, Sammy Notez",26538
"Curtis Dayne, Nawlage, MeYan, Div 1",1066
"Curtis Waters, Harm Franklin",3553794
"Cuurley, Kayda",5662
"Cyndi Wang, 伍嘉成",4368
"Cynthia Luz, Cacife Clandestino",5376454
"Cynthia Luz, Mc Davi, Gaab, Pedro Lotto, Paiva Prod",23746269
"Céline Dion, Andrea Bocelli",621463
"Cœur De Pirate, Michel Legrand",60219
"D Gerrard, Jennifer Kim",115557
"D Gerrard, แก้ม วิชาญาณี",106118
"D Rose, Dee Gomes",3981
"D-Block Europe, AJ Tracey",318395
"D-Block Europe, Chip",291062
"D-Block Europe, Dave",3503977
"D-Block Europe, Jack Boy",299491
"D-Block Europe, K-Trap",81447
"D-Block Europe, Krept & Konan",145969
"D-Block Europe, Lil Baby",7038442
"D-Block Europe, M Huncho",649743
"D-Block Europe, Nafe Smallz, M Huncho, Lil Pino",287701
"D-Block Europe, Young Adz, Dirtbike Lb, Lil Pino",5831254
"D-Block Europe, Yxng Bane",4700157
"D-Double, Hef",23401
"D-Double, Henkie T, Hef, DJEZJA",228135
"D-Double, Kempi",27650
"D-Double, Kevin, Lijpe",356835
"D-Double, Kevin, Snelle, Broertje",227026
"D-Double, Pietju Bell",240361
"D-Double, SBMG",31770
"D-Double, Sevn Alias",55429
"D-Double, Sevn Alias, Vic9",31339
"D-Double, ValsBezig",2616665
"D-Rashid, Hef, Kevin",237073
"DABOYWAY, Radio3000",2713
"DABOYWAY, Sunaree",10925
"DABOYWAY, Twopee Southside",291163
"DABOYWAY, Violette Wautier",125414
"DABOYWAY, Wonderframe",82209
"DABOYWAY, YOUNGOHM",70755
"DAOKO, Kenshi Yonezu",26635272
"DAOKO, Yasutaka Nakata",74900
"DB Omerta, Kodak Black",1416850
"DEAN, SULLI, Rad Museum",13633
"DELLAFUENTE, C. Tangana",26095864
"DELLAFUENTE, LOWLIGHT, Cazzu",239447
"DELLAFUENTE, Maka",68158
"DELLAFUENTE, Mala Rodríguez",935363
"DELLAFUENTE, Morad",1003971
"DELLAFUENTE, Novedades Carminha",46146
"DELLAFUENTE, Pepe : Vizio",72850
"DELLAFUENTE, Rels B",1599333
"DEM, PistePiste, Maiki",493704
"DEN, 孙盛希",6881
"DENIS TEOFIKOV, Malkata",41810
"DENNIS, Bruno Martini, Vitin",6565878
"DENNIS, Cantini",5618039
"DENNIS, Jerry Smith",1534976
"DENNIS, Lexa",1847284
"DENNIS, MC G15",80343245
"DENNIS, MC Kevin o Chris",223217
"DENNIS, MC Kevinho",94968532
"DENNIS, MC Nandinho, Nego Bam",3231057
"DENNIS, Matheus & Kauan, MC Koringa",2052769
"DENNIS, Mc Don Juan",59762718
"DENNIS, Mc Leléto, Mc Maromba",6845629
"DENNIS, Mc Livinho",4526302
"DENZO, Koba LaD",378094
"DIAMOND MQT, YOUNGOHM, FIIXD, Younggu",443190
"DIMA, Erika Sirola",22284
"DIMA, Teddy Sky",21111
"DIVINE, Aavrutti, D'Evil, Shah Rule",718850
"DIVINE, Dave East",699618
"DIVINE, KR$NA",106368
"DIVINE, Major C",2041701
"DIVINE, Shah Rule",1124110
"DIVINE, Sid Sriram, Sanjoy",215499
"DIVINE, Sikander Kahlon",121201
"DJ Adel, Faycel Sghir, Maya",10438
"DJ Alex, Papichamp, Ecko",816178
"DJ Antoine, Sibbyl",39419
"DJ Antoine, Sido, Moe Phoenix",6082590
"DJ Anton, Staysman, Staysman & Lazz",165970
"DJ Babs, 4Keus",10861830
"DJ Big Sky, LuuDeDeejay, Sbhanga",237965
"DJ Clock, Kimosabe",1145
"DJ D-Train, JoeyAK, Massief",123127
"DJ DS, Mc Levin",976521
"DJ DYLVN, Hansie",31047
"DJ DYLVN, Hansie, Tabitha",8726736
"DJ DYLVN, I am Aisha, Jayh, Jandro, Zefanio",44462
"DJ DYLVN, Ronnie Flex, Jonna Fraser",333375
"DJ Diddy, Lil Xxel",348249
"DJ Didilong, Wanfang",205625
"DJ Dollynho Da Lapa, OIK",8747656
"DJ Durel, Migos",2541253
"DJ Erise, Aya Nakamura",4632487
"DJ Erise, Naza",536726
"DJ Fatte, Paulie Garand",5159
"DJ Felipe Único, Mc Dricka, Mc Topre",5448647
"DJ Fistmagnet, Staysman",33696
"DJ Fresh, Diplo, Selah Sue, Craig David, R. City",4165
"DJ Ganyani, Nomcebo",2436
"DJ Goozo, Massianello, Susan Díaz",61473
"DJ HASEBE, Maki Nomiya",14912
"DJ HASEBE, SALU, SIRUP",7695
"DJ HK, Mc Marcelo Gaúcho",3909
"DJ Hamida, Cheb Bello, Balti",40396
"DJ Hamida, Lartiste",536895
"DJ Kadr, True Gabe",592728
"DJ Kayz, RK",1497844
"DJ Kayz, Wassila, Scridge",1713414
"DJ Kbz, Axel Caram",385814
"DJ Kendo, Eshconinco",15792
"DJ Kendo, Shadley",57597
"DJ Kendo, Vershon",2658
"DJ Kendo, Ward 21",6404
"DJ Khaled, Beyoncé, JAY-Z",289193
"DJ Khaled, JAY-Z",16348487
"DJ Khaled, Justin Bieber, Quavo, Chance the Rapper",497520807
"DJ Khaled, Justin Bieber, Quavo, Chance the Rapper, Lil Wayne",41206510
"DJ LYAN, Serel",405350
"DJ Lag, Shekhinah",1826
"DJ Luian, Mambo Kingz, Anuel AA, Nicky Jam, Darell, Brytiago",538111080
"DJ Luian, Mambo Kingz, Farruko, Wisin, Myke Towers, Darell, Arcangel",12562235
"DJ Luian, Mambo Kingz, Ozuna, De La Ghetto, Arcangel, Anuel AA, Daddy Yankee, Nicky Jam, Farruko, J Balvin, Zion",368929
"DJ Luian, Ozuna, Mambo Kingz, Ñengo Flow",5437851
"DJ Maphorisa, DJ Raybel",62446
"DJ Maphorisa, Kabza De Small, Cassper Nyovest, Qwestakufet",95771
"DJ Maphorisa, Kabza De Small, MaWhoo, Myztro",4971
"DJ Maphorisa, Kabza De Small, Mhaw Keys",329224
"DJ Maphorisa, Kabza De Small, Moonchild Sanelly, Leehleza",6514
"DJ Maphorisa, Kabza De Small, Nokwazi, Vigro Deep",789455
"DJ Maphorisa, Kabza De Small, Samthing Soweto, Mfr Souls",798670
"DJ Maphorisa, Kabza De Small, Sandy Mrd, Vigro Deep",44362
"DJ Maphorisa, Kabza De Small, Sha Sha",25649
"DJ Matrix, Amedeo Preziosi",51567
"DJ Matrix, Carolina Marquez, Ludwig, Gabry Ponte",7998078
"DJ Maurice, Snollebollekes",105958
"DJ Mshega, Holly Rey",1420
"DJ Mshega, Lady Zamar",1062
"DJ Mshega, Ziyon",1238
"DJ Muscleboy, Sverrir Bergmann",353314
"DJ Nelson, De La Ghetto, Brytiago, Darell",2520269
"DJ Oku Luukkainen, Elli",1045102
"DJ Oku Luukkainen, HesaÄijä",6204596
"DJ Oku Luukkainen, Pasi ja Anssi, Portion Boys",4766345
"DJ Oku Luukkainen, Pasi ja Anssi, Portion Boys, Kimmo 'K-System' Kauppinen",7701
"DJ Pedro Fuentes, Mad Fuentes",10812026
"DJ Pernambuco, Mc Elvis, MC Ingryd",1010741
"DJ Project, AMI",51509
"DJ Project, Andia",541478
"DJ Rusty, Robin Zoot, Hasan",7393
"DJ Rusty, Robin Zoot, Jickson",5246
"DJ Rusty, Robin Zoot, Koky",4754
"DJ Rusty, Robin Zoot, Yzomandias, Nik Tendo",256321
"DJ SODA, Walshy Fire",3465
"DJ Selecta, AVA",338802
"DJ Sem, Marwa Loud",2212527
"DJ Smaaland, Håndballgutta",174405
"DJ Snake, Bipolar Sunshine",19950255
"DJ Snake, Eptic",73068
"DJ Snake, J Balvin",814671563
"DJ Snake, J Balvin, Tyga",5512569
"DJ Snake, Justin Bieber",235893735
"DJ Snake, Lil Jon",11897
"DJ Snake, Niniola",18516
"DJ Snake, Sean Paul, Anitta, Tainy",74662
"DJ Stephan, Ivan Greko",3022
"DJ Stephan, Lil Koni, Gosei",40110
"DJ Stephan, Lil Koni, Richi",27024
"DJ Stephan, MG",533645
"DJ Stephan, Mad Clip, Tyga",770667
"DJ Stephan, Mad Clip, iLLEOo",645544
"DJ Stephan, Oge, Sophia",59041
"DJ Stephan, Ripen",18424
"DJ Stephan, Ripen, Nore Pierre",28009
"DJ Stephan, Scar, Lil Barty",27716
"DJ Stephan, Ypo, Sophia",740266
"DJ Sumbody, Cassper Nyovest, Thebe, Veties",98338
"DJ Sumbody, M'Du",5612
"DJ Tarkan, Sagopa Kajmer",20374030
"DJ Tira, Joocy",82310
"DJ Travesura, Jarol Miranda",50579
"DJ Vetkuk, Mahoota, Kwesta",1323
"DJ Wale, Chivv",110341
"DJ Wich, 7krat3",7449
"DJ Wich, Martin Svatek",15106
"DJ Wich, Troublegang",4274
"DJ Zinhle, Dr Duda, Lucille Slade",7491
"DJ Zinhle, Mvzzle, Rethabile",579645
"DJ Zullu, Anitta, MC G15",12435976
"DJDURAN, Katty S.",60131
"DJEZJA, Rockywhereyoubeen",202588
"DMN, OLEK",40533
"DMS, Dame, Separ",87370
"DMS, Kali",147432
"DMS, Lvcas Dope",78330
"DMS, Nerieš",140442
"DMS, Nik Tendo",344077
"DMS, Strapo",132343
"DMS, Yzomandias",496794
"DNA, Ñengo Flow",74137
"DNCE, Luis Fonsi, Nicki Minaj",27094
"DNCE, Nicki Minaj",3126933
"DOC, Deliric, Vlad Dobrescu",3608
"DOC, Guess Who",1152
"DOC, Vlad Dobrescu",1131
"DODO, 73depijp",367876
"DODO, Jairzinho, Chip Charlez",581302
"DODO, Young Ellens, JayMoreLife",144871
"DOLF, Weird Genius, Rochelle",190536
"DON V, Lokal",51317
"DON V, Remi Young",29298
"DR BRS, Fekete Vonat, Halott Pénz, Monkeyneck",2230625
"DR BRS, T. Danny, Kkevin, Monkeyneck, Kiraly Linda",3366
"DR BRS, Varga Viktor, Heincz Gábor 'Biga'",16173
"DTF, N.O.S",9760596
"DTim, Delly Kavalli, Juandisi",28168
"DUDA BEAT, Mateus Carrilho, Jaloo",78335
"DVBBS, CMC$",28593201
"DVBBS, blackbear",3934100
"Da Capo, Batundi",2662
"DaVido, Chris Brown",157594
"Dabs, Sofiane",324788
"Dada, Lovespeake",2802
"Daddy Yankee, Anuel AA",397980168
"Daddy Yankee, Bad Bunny",42071842
"Daddy Yankee, Katy Perry, Snow",31357354
"Daddy Yankee, Natti Natasha",2126641
"Daddy Yankee, Natti Natasha, Becky G, Bad Bunny",269865400
"Daddy Yankee, Ozuna",127666120
"Daddy Yankee, R.K.M & Ken-Y, Arcangel",53196489
"Daddy Yankee, Randy",154095
"Daddy Yankee, Sech",88051664
"Daddy Yankee, Snow",1426145058
"Daddy Yankee, Wisin & Yandel",179871523
"Daddy Yankee, Zion & Lennox",98685
"Dadju, Alonzo, GIMS",425622
"Dadju, Alonzo, MHD, Naza, Vegedream",597327
"Dadju, Burna Boy",299340
"Dadju, DaVido",107786
"Dadju, Damso",1777485
"Dadju, Franglish",19133176
"Dadju, GIMS",13116187
"Dadju, Kalash",399718
"Dadju, Kaly, Soolking, Aymane Serhani",2905321
"Dadju, Koba LaD",5803577
"Dadju, Nekfeu",3528690
"Dadju, Ninho",3580647
"Dadju, Niska",6002937
"Dadju, Sofiane",2270830
"Dadju, Tayc",527042
"Dadju, WizKid",110035
"Dadá Boladão, Tati Zaqui, OIK",123197769
"Daffy, Flipperachi",245911
"Dagny, Steve Aoki",2310686
"Dalex, Dímelo Flow, Justin Quiles",9659
"Dalex, Dímelo Flow, Sech",80550
"Dalex, Farruko, Yemil",156432
"Dalex, Gigolo Y La Exce",45306
"Dalex, Jay Wheeler",40307
"Dalex, Justin Quiles",24265
"Dalex, Justin Quiles, Sech",2415785
"Dalex, Lenny Tavárez",121180170
"Dalex, Lenny Tavárez, Anitta, Natti Natasha, Farruko, Justin Quiles",211204757
"Dalex, Lenny Tavárez, Chencho Corleone, Juhn, Dímelo Flow",474962739
"Dalex, Lyanno, Sech, Justin Quiles, Rauw Alejandro",5675821
"Dalex, Nicky Jam, Justin Quiles, Sech, Lenny Tavárez, Feid, Rafa Pabön",317256299
"Dalex, Rafa Pabön, Cauty",11171
"Dalex, Rafa Pabön, KHEA, Sech, Cazzu, Feid, Lenny Tavárez",234091460
"Dalex, Rafa Pabön, KHEA, Sech, Feid, Cazzu, Lenny Tavárez",446502194
"Dalex, Sech",40855871
"Dalex, Sech, Justin Quiles",7189235
"Dalex, Sech, Miky Woodz",296079
"Dalmata, Zion & Lennox",1516
"Dalyb, Dara Rolins",268809
"Dalyb, Ego",83788
"Dalyb, Gleb",167409
"Dalyb, Nik Tendo",1031028
"Dalyb, Porsche Boy",288897
"Dalyb, SNUBBS",69087
"Dalyb, Samey, Zayo, Ego",187846
"Dalyb, Saul",301305
"Dalyb, bizza, mirez",1014
"Damas Gratis, El Viejo Marquez",6676585
"Damas Gratis, Viru Kumbieron",103615978
"Dame 5, Agustín Casanova",395416
"Dame 5, Papichamp",798583
"Dame, Separ, Nerieš",1799
"Damion Frost, Sabela",40085
"Damion Frost, África",193519
"Damso, Angèle",8269792
"Damso, Booba",2549714
"Damso, Youri",392985
"Dan Bárta, Ozon",51150
"Dan Caplen, Macklemore",353901
"Dan Lemaire, Saks",2610
"Dan Nguyen, Hoang Thuc Linh",23779
"Dane Amar, Jereena Montemayor",140816
"Dani M, Abidaz",361914
"Dani M, Einár, Simon Superti",3827574
"Dani M, Jacco",3771086
"Dani M, Jireel",593793
"Dani M, Linda Pira",2066995
"Dani M, Simon Superti",22179687
"Dani M, Simon Superti, Aden x Asme",4205972
"Dani M, Z.E",1702820
"Dani Martín, Juanes",212900
"Dani Mocanu, Costi",87802
"Dani Russo, POCAH, Naiara Azevedo",9425349
"DaniLeigh, Chris Brown",797185
"Daniel Adams-Ray, Miriam Bryant",109032
"Daniel Bedingfield, D'N'D Productions",206478
"Daniel Caesar, Brandy",3572742
"Daniel Caesar, John Mayer",2265753
"Daniel Caesar, Pharrell Williams",751910
"Daniel Caesar, Sean Leon, Jacob Collier",337559
"Daniel Cardozo, Dario y Su Grupo Angora, Los del Fuego, Sebastian Mendoza, Daniel Agostini, La Nueva Luna, Grupo Green, Grupo Red, 7 Lunas, Antonio Rios, Adrián y Los Dados Negros, Lia Crucet, Gilda, Alcides, Los Palmeras, Koli Arce, Supermerk2, Leo Mattioli, Bronco, Grupo Veneno, Mario Luis",194999
"Daniel Cosmic, Astol",3781047
"Daniel Giron, Daniel Zablah, Jose Reina",2098
"Daniel Kvammen, Eva Weel Skram",48243
"Daniel Munoz, Félix Llancafil, 3x7 Veintiuna",39646
"Daniel Padilla, Moira Dela Torre",16515444
"Daniela Spector, Dana Ivgy",24139
"Daniil, Floni",273092
"Daniil, Gvdjon, Þorri",177537
"Daniil, Yung Nigo Drippin'",193766
"Danilo Dubaiano, Naiara Azevedo",167714
"Daniël Busser, Snelle",198589
"Danna Paola, Greeicy, Andres Saavedra",211484
"Danna Paola, Skinny Happy, Yera, Trapical",7242
"Danna, Dessita",3245
"Danny Avila, The Vamps",37715
"Danny Paz, Bonny Lovy",70278
"Danny Paz, El Villano",84935
"Danny Romero, Juan Magán",468712
"Danny Romero, Lo Blanquito",7042
"Danny Romero, Lérica",40854641
"Danny Saucedo, E.M.D.",2837202
"Dano Kapitán, Separ",1732
"Dante Klein, Cheat Codes",8038348
"Dante Spinetta, Duki",169917
"Dante Spinetta, Neo Pistea",191119
"Dappy, Ay Em",22680649
"Dappy, Light",766094
"Dappy, Russ Millions",805956
"Dardan, Bausa, reezy",1800599
"Dardan, Eno",17303599
"Dardan, Eno, Noah",3294727
"Dardan, Loredana",649530
"Dardan, Luciano",5164563
"Dardan, Monet192",20829006
"Dardan, Mozzik",12068739
"Dardan, Nimo",9723149
"Dardan, Ufo361",1348126
"Dardan, Veysel",4433556
"Dardan, Xiara",39946328
"Darell, Brytiago",81319978
"Darell, Chimbala",23756
"Darell, Farruko",15827255
"Darius & Finlay, Adam Bü, Max Landry",153642
"Darius & Finlay, Last Night, Max Landry",2806
"Dark Polo Gang, Luche",439881
"Dark Polo Gang, Tony Effe",3176596
"Dark Polo Gang, Wayne Santana",3779787
"Darkiel, Farruko",138340
"Darkoo, Hardy Caprio",1339171
"Darkoo, One Acen",16574001
"Darlene Zschech, HopeUC, Pati Telea",3154
"Darren Espanto, Morissette",3937594
"Darrii, Alxndra",1787
"Darrii, Eiríkur Kúld",1667
"Darrii, SZK, Helgi A",2965
"Darryl, Ali B, Brace",363997
"Darshan Raval, Asees Kaur",1402575
"Darshan Raval, Asees Kaur, Lijo George-Dj Chetas",5638734
"Darude, Sebastian Rejman",386923
"Dash Berlin, Dbstf, Josie Nelson",4326
"Dash Y Cangri, Sashi, Carlitos Junior, Tommy Boysen",3259603
"Dasoul, Nacho",5909823
"Dastic, CADE",1148538
"Dasu, Charly Black",3019
"Dat Boi Dee, Enzo Dong",549691
"Data Luv, Trippie Redd",361212
"Data Luv, Ufo361",260205
"Data Luv, Yung Hurn",6423
"Dato' Sri Siti Nurhaliza, Kmy Kmo, Luca Sickta",313803
"Dato' Sudirman, Zaleha Hamid",43018
"Daughters of Reykjavík, Svala",1622
"Davai, Call Me Loop",1025715
"Davai, Lovespeake",52178
"Dave Roelvink, Fmg",2150986
"Dave Zulueta, Marilia Monzón",167787
"Dave Zulueta, Noelia Franco",137237
"Dave, AJ Tracey",35946511
"Dave, Fredo",69379223
"Dave, J Hus",5712587
"Dave, MoStack",10358653
"Davey Arthur, The Fureys",5388
"David Alaba, Orry Jackson",3132
"David Bisbal, Aitana",8955876
"David Bisbal, Alejandro Fernández",34778
"David Bisbal, Greeicy",25552067
"David Bisbal, Juan Magán",25828856
"David Bisbal, Sebastian Yatra",89759734
"David Carreira, Deejay Telio, MC Zuka",471045
"David Carreira, Kell Smith",115968
"David Guetta, Afrojack",4625583
"David Guetta, Avicii",100756
"David Guetta, Bebe Rexha, J Balvin",365127104
"David Guetta, Brooks, Loote",47269666
"David Guetta, Cedric Gervais, Chris Willis",7460477
"David Guetta, GLOWINTHEDARK",47172
"David Guetta, MORTEN",1886523
"David Guetta, Martin Garrix, Brooks",298374483
"David Guetta, Martin Solveig",19518
"David Guetta, Showtek",12848022
"David Guetta, Sia",510954506
"David Otero, Cepeda",41135
"David Otero, Taburete",7040742
"David Puentez, Albert Neve",2436820
"David Scott, Diamond Thug",3839
"Davina Michelle, Snelle",14203393
"Dawin, R. City",93613
"Dayang Nurfaizah, Faizal Tahir, Tuju, YonnyBoii",285648
"Dayme y El High, Gaviria",372434
"Dayvi, Victor Cardenas, Kelly Ruíz",219310966
"Dazzle, Alligatoah",69596
"Daði Freyr, Arnar Úlfur",1109
"Daði Freyr, Blær",3541
"Daði Freyr, Don Tox",1009
"Daði Freyr, Króli",24162
"Daði Freyr, Árný Fjóla",1128
"De Fellas, Eves Laurent, Frsh, Cello, Brasco",82208
"De Fellas, Frsh",21364
"De Fellas, Frsh, Eves Laurent, Geechi",108283
"De Fellas, Frsh, Geechi, Getit",239292
"De Fellas, Frsh, Getit, Eves Laurent, Spens",19315
"De Fellas, Getit, Frsh, Eves Laurent",35935
"De Fellas, Spens, Eves Laurent, Getit, LouiVos",20934
"De Fellas, Spens, Geechi, Eves Laurent, Damier",19382
"De Fellas, roselilah, Brasco, Blow",243249
"De Fellas, roselilah, Frsh, Blow",291811
"De Fellas, roselilah, Frsh, Blow, Geechi, Brasco",473323
"De Fellas, roselilah, Frsh, Blow, Spens, Geechi",208830
"De La Calle, Papichamp",886230
"De La Ghetto, Almighty, Bryant Myers",568942
"De La Ghetto, Daddy Yankee, Ozuna",5121111
"De La Ghetto, El Alfa, Miky Woodz",66892
"De La Ghetto, Mambo Kingz, DJ Luian",7822731
"De Mthuda, Njelic",390844
"De Vet Du, Inglewood Public Church Gospel Choir",42510
"Debi Nova, Pedro Capó",154142
"December Avenue, Moira Dela Torre",106370269
"Decky, Hasan",29848
"Decky, Jickson",11560
"Decky, Jickson, Karlo",22223
"Decky, Kamil Hoffmann",22555
"Decky, Karlo",49962
"Decky, Karlo, Hasan",17527
"Decky, Koky",17655
"Decky, Konex",32852
"Decky, Nik Tendo, Koky",98169
"Decky, Robin Zoot",27940
"Decky, Viktor Sheen",2437924
"Decky, Yzomandias, Karlo, DJ LU2",36713
"Decky, Yzomandias, Nik Tendo",475431
"Decky, Yzomandias, Nik Tendo, Karlo",36908
"DeeThane, Jungle Leez",5072
"DeeThane, Monika Pavlačková",8495
"DeeThane, Seven & Stewe",19646
"Deedz B, Rafa G, Deejay Telio",8076
"Deejay Telio, Bispo",3651855
"Deejay Telio, Deedz B",15114077
"Deejay Telio, Deedz B, MC Bin Laden",2307
"Deemz, Bedoes, PlanBe",2556908
"Deemz, Bedoes, Young Multi",5604261
"Deemz, Białas, Szpaku",3993012
"Deemz, Young Igi, Qry",2209535
"Deen Burbigo, Eff Gee, Jehkyl",21984
"Deen Burbigo, Gros Mo",19648
"Deen Burbigo, Jok'air",53411
"Deen Burbigo, Makala, Caballero",20777
"Deen Burbigo, Nekfeu",770489
"Deen Burbigo, Nemir",23147
"Deep Jandu, Bohemia",316320
"Deep Jandu, DIVINE",3297059
"Deepend, Graham Candy",41437
"Deepend, Joe Killington",802145
"Deepend, Younotus",2588677
"Deepend, Younotus, Martin Gallop",270997
"Deeperise, Burak Akyol",818673
"Deeperise, Jabbar",8253003
"Deeperise, Nilipek.",2320391
"Deeperise, Patron, Yaprak Çamlıca",23462
"Def Rock, Tarlan",6713
"Def Tech, DJ 2High",302992
"Defano Holwijn, Hosai",474614
"Defano Holwijn, Shennumbanine",874249
"Defkhan, Allame",72084
"Defkhan, Esra",236143
"Dejota2021, Itzza Primera",124619
"Delacey, G-Eazy",4738325
"Delacruz, Maria, Ducon, Luiz Lins, Diomedes Chinaski, BK, Kayuá, Pineapple StormTv, Salve Malak",39546574
"Delahoia, Skinz",20166
"Delano, Djonga, MC Hariel",191073
"Delany, Frenna",4030287
"Delany, Hansie",705906
"Delany, Jack",646485
"Delany, Zefanio",255883
"Delaossa, Easy-S, J.Moods",1293162
"Delaossa, KIDDO, J.Moods",114866
"Deleites Andinos, joel music",126492
"Delia, Grasu XXL",87880
"Delia, Nane",241056
"Delia, The Motans",393571
"Delimine, Khontkar",952976
"Deliric, Silent Strike",1082250
"Deliric, Silent Strike, Amuly, Exile",93753
"Deliric, Silent Strike, CTC, DOC, Vlad Dobrescu, DJ Nasa",69369
"Deliric, Silent Strike, Catalin Coma",74531
"Deliric, Silent Strike, DOC",124059
"Deliric, Silent Strike, EM",251934
"Deliric, Silent Strike, Vlad Dobrescu",84745
"Deliric, Silent Strike, Vlad Flueraru",95347
"Deliric, Silent Strike, nidal ștefan",115959
"Delivio Reavon, LA$$A, Mr.Ontspannen",4004673
"Della, J.Sheon",54690
"Demarco Flamenco, Juan Magán, Maki",2211818
"Demet Akalın, Gökhan Özen",443389
"Demet Akalın, Haktan",5104554
"Demet Akalın, Işın Karaca, Cansu Kurtcu, Deniz Seki",320085
"Dendemann, Casper",382037
"Dendemann, Trettmann",430182
"Denise Rosenthal, Camilo Zicavo",1263336
"Denise Rosenthal, Mala Rodríguez",7183702
"Deniz Gürzumar, Beta Berk Bayındır",9759
"Dennis Fernando, Leonardo La Croix",40767
"Dennis Fernando, Robert Taylor, Nicolas Tovar",1715
"Dennis Green, Hatemost, Negros Tou Moria",96586
"Denom, Ayax y Prok",34681
"Denz, 1.Cuz, Dree Low",1675085
"Denz, Adel",1928960
"Denz, Jiggz, Z.E",2835470
"Denz, Jireel",42700
"Denz, Jireel, Pato Pooh",23606
"Denz, Z.E",454149
"Denzel Curry, Kenny Beats",242521
"Denzel Curry, Tay Keith",367261
"Depeche Mode, Daniel Miller, Phil Legg",22856
"Derrick Hoh, Kelly Pan",166073
"Descemer Bueno, Enrique Iglesias",22058
"Dessita, Lidia",57123
"Dev Negi, Asees Kaur, Lijo George-Dj Chetas",150356
"Dev Negi, Monali Thakur, Raja Hasan, Pravesh Mallick",710499
"Dev Negi, Neha Kakkar, Monali Thakur, Ikka",44979
"Devano Danendra, Aisyah Aqilah Azhar",3096639
"Devito, Teodora",81086
"Devo, Janni",255661
"Deys, Przyłu",2406123
"Dhanush, Dhee",37438
"Dhanush, Vivek - Mervin",21487
"Dharius, C-Kan, Gera MX, Santa Fe Klan, Neto Peña",1048077
"Dhibu Ninan Thomas, Anirudh Ravichander",517511
"Dhurata Dora, Azet",10616841
"Dhvani Bhanushali, Nikhil D'Souza, Tanishk Bagchi",15532600
"Dhvani Bhanushali, Sachet-Parampara",1074510
"Dhvani Bhanushali, Shashwat Singh, Tanishk Bagchi",353732
"Dhvani Bhanushali, Tanishk Bagchi, Sandesh Shandilya",5332666
"Diamond la Mafia, Amenazzy, Lyanno",15655
"Diaz & Bruno, F1rstman, I am Aisha, Kempi",2091234
"Diaz & Bruno, Jayh, Priceless",452771
"Didine Canon 16, Chemsou Freeklane",67152
"Didine Canon 16, Djalil Palermo",22878
"Didrik Solli-Tangen, Emil Solli-Tangen",23453
"Die Heuwels Fantasties, Jack Parow",2438
"Die Hollerstauden, Tapo & Raya",402639
"Diego & Victor Hugo, Raí Saia Rodada",3801393
"Diego Miranda, Le Twins, Dustin Paul",10979
"Diego Torres, Carlos Vives",11070040
"DigDat, D-Block Europe",6800602
"DigDat, Krept & Konan, K-Trap",1450019
"DigDat, Loski",2713895
"Digga D, Aystar",67176
"Digga D, KO",73879
"Digga D, Sav'o",349833
"Diggy Dex, JW Roy",291738
"Digital Farm Animals, Becky G",26854
"Digital Farm Animals, Cash Cash",411234
"Digital Farm Animals, Danny Ocean",25708
"Digital Farm Animals, Shaun Frank, Dragonette",12275
"Dilemma, Mira Luoti",343846
"Dilemma, Toni Wirtanen",124862
"Diljit Dosanjh, Sukhbir, Dhvani Bhanushali, Dj Chetas, Lijo George",8000108
"Dillaz, Lhast",3899858
"Dillom, Ill Quentin",2507354
"Dillom, Muerejoven, Halpe",3817488
"Dillom, Muerejoven, KAKTOV",229311
"Dillon Francis, De La Ghetto",3124
"Dillon Francis, Fuego",222565
"Dillon Francis, lovelytheband",22174
"Diloman, Haftbefehl",85688
"Dilsinho, Henrique & Juliano",2547036
"Dilsinho, Luísa Sonza, Malibu",9529720
"Dimitri Vangelis & Wyman, Mike Perry",129905
"Dimitri Vegas & Like Mike, Afro Bros, Sebastian Yatra, Camilo, Emilia",3503027
"Dimitri Vegas & Like Mike, David Guetta, Daddy Yankee, Afro Bros, Natti Natasha, Dimitri Vegas, Like Mike",185241165
"Dimitri Vegas & Like Mike, David Guetta, Dimitri Vegas",21510941
"Dimitri Vegas & Like Mike, Dimitri Vegas",2178539
"Dimitri Vegas & Like Mike, Diplo, Deb’s Daughter",6687177
"Dimitri Vegas & Like Mike, Era Istrefi, Dimitri Vegas",1089270
"Dimitri Vegas & Like Mike, Frenna",8103132
"Dimitri Vegas & Like Mike, Julian Banks, Bassjackers",3695
"Dimitri Vegas & Like Mike, Like Mike, W&W",71973
"Dimitri Vegas & Like Mike, Ne-Yo",6394
"Dimitri Vegas & Like Mike, Paris Hilton",3134
"Dimitri Vegas & Like Mike, Paris Hilton, Dimitri Vegas",9188
"Dimitri Vegas & Like Mike, Quintino, Boef, Ronnie Flex, Ali B, I am Aisha",10013268
"Dimmi, Zeeba",48127
"Dinah Jane, Ty Dolla $ign, Marc E. Bassy",22698
"Dino James, Kaprila",1008836
"Dinos, Dosseh",140979
"Dinos, Hornet La Frappe, Sofiane",329081
"Dinos, Manu Dibango",48354
"Dinos, Marie Plassard",279262
"Dio, James Watss",18736
"Diodato, Roy Paci",471821
"Diogo Piçarra, April Ivy",66836
"Diogo Piçarra, Carolina Deslandes",772919
"Diogo Piçarra, Lhast",40530
"Diogo Piçarra, Valas",46407
"Diomedes Diaz, Colacho Mendoza",46751
"Diomedes Diaz, El Cocha Molina",688150
"Diomedes Diaz, Franco Argüelles",9258
"Diomedes Diaz, Juancho Rois",1943865
"Dipha Barus, Kallula",437306
"Dipha Barus, Monica Karina",4374702
"Dipha Barus, Nadin Amizah",1612012
"Dipha Barus, Raisa",163321
"Diplo, Bausa",6305761
"Diplo, Cam",4565
"Diplo, Jonas Brothers",78536096
"Diplo, Julia Michaels",776328
"Diplo, Lil Xan",3332691
"Diplo, MØ",4228
"Diplo, Niska",6466412
"Diplo, Octavian",17422
"Diplo, Ramiks, Bizzey",1362626
"Diplo, SIDEPIECE",253301
"Diplo, Sleepy Tom",1780130
"Diplo, Tove Lo",24210
"Diplo, Trippie Redd",3760470
"Diquenza, Bizzey, SXTEEN, Poke",2442859
"Dirty Harry, Sin Laurent",37340
"Disclosure, Eko Roosevelt",65698
"Disclosure, Eliza Doolittle",13158
"Disclosure, Lorde",14273
"Disclosure, Sam Smith",133317
"Disco Marek, Kruszwil",60394
"DiselTheDj, IMA, Majo",12521
"Disiz, Niska",35992
"Diskoria, Dian Sastrowardoyo",2583673
"Display, Negros Tou Moria, Musah",233796
"Distruction Boyz, Benny Maverick, Dladla Mshunqisi",1156
"Diztortion, Adje",28743
"Dizzee Rascal, Armand Van Helden",124849
"Dizzee Rascal, Calvin Harris, Chrome",331504
"Dizzee Rascal, Laidback Luke",88497
"Dizzee Rascal, Skepta",758932
"Dizzy, Einár",11101932
"Dj Coss, Macka Diamond",1009025
"Dj Dadda, Plutónio",7221681
"Dj Decks, Paluch, Słoń, Sliwa, Kaczor, Shellerini, Donguralesko",32797
"Dj Gabriel do Borel, Anitta",3954001
"Dj Gabriel do Borel, MC Mirella",2200196
"Dj Guuga, DJ Gege",160832
"Dj Guuga, MC WM",7081119
"Dj Guuga, Mc Livinho",49246274
"Dj Guuga, Mc Pierre",2172238
"Dj Henrique de Ferraz, Nando, Luanzinho",15711725
"Dj Juninho 22, Nega",87275
"Dj Kass, El Alfa, Ninsitow Joker",14060
"Dj Kass, Pitbull",25333
"Dj Lindão, Nego Ney",135142
"Dj Scuff, Chucky73, Fetti031",58257
"Dj Sunco, Queen Jenny",17101
"Dj.Frodo, Young Multi, Malik Montana, Smolasty",55201
"Djadja & Dinaz, DJ Babs",1055358
"Djaga Djaga, Adje, Josylvio",65491
"Djaga Djaga, Boef, Dopebwoy, Murda",2329561
"Djaga Djaga, Broertje, Emms",65196
"Djaga Djaga, Chivv",33720
"Djaga Djaga, Chivv, JoeyAK, Rafello",132174
"Djaga Djaga, D-Double",24588
"Djaga Djaga, Glen Faria",155339
"Djaga Djaga, Jairzinho",206753
"Djaga Djaga, Jonna Fraser",24615
"Djaga Djaga, Jonna Fraser, $hirak",375849
"Djaga Djaga, Kempi",24331
"Djaga Djaga, Lijpe",65674
"Djaga Djaga, Mario Cash, F.I., Xony",22936
"Djaga Djaga, chayenne",1144589
"Djodje, Jimmy P",660386
"Djonga, Bia Nogueira",789667
"Djonga, Cristal",307409
"Djonga, Doug Now, Chris MC",358172
"Djonga, Filipe Ret",705244
"Djonga, Mc Kaio",830630
"Djonga, NGC Borges, FBC",789714
"Djonga, Thiago Braga",1374108
"Djonga, Thiago Braga, Mc Don Juan",652134
"Dladla Mshunqisi, Professor",3765
"Dof Twogee, Bloody Hawk",127384
"Dof Twogee, LEX",213113
"Dof Twogee, Mikros Kleftis",72625
"Doja Cat, The Weeknd",3253
"Doja Cat, Tyga",54163010
"Doks, 4Keus Gang",5615013
"Doli & Penn, Dikla, Idan Rafael Haviv, Mark Eliyahu",245235
"Doli & Penn, Mosh Ben Ari",35436
"Doli & Penn, Noa Kirel, Liran Danino",1335180
"Doli & Penn, Rotem Cohen, Beit Habubot",44208
"Doli & Penn, Shiri Maimon, Dudu Aharon",133303
"Dolly Parton, Kenny Rogers",2298196
"Dolly Parton, Sia",51501
"Dollypran, ISSAM",7661
"Dolu Kadehi Ters Tut, Canozan, Deniz Tekin",104259
"Dolu Kadehi Ters Tut, Dilan Balkay",168752
"Dolu Kadehi Ters Tut, Sedef Sebüktekin",12374471
"Dom Kennedy, Jay 305, The Game, Moe Roy",17619
"Domi, Jimmy P",8800
"Domi, Murta",8039
"Dominic Fike, Kenny Beats",3086231
"Domnul Udo, Shift, Nane, Killa Fonic, NOSFE",1123
"Don Bigg, ElGrandeToto",378121
"Don Chu, 陳紅鯉",48237
"Don Design, AKA, Moozlie",2600
"Don Diablo, Alex Clare",8132
"Don Diablo, Andy Grammer",13585
"Don Diablo, Ansel Elgort",1469
"Don Diablo, Brando",12393
"Don Diablo, Calum Scott",4217
"Don Diablo, Jessie J",61432
"Don Diablo, Marnik",486367
"Don Diablo, Zak Abel",761382
"Don Joe, Giuliano Palma, Enzo Dong",49960
"Don Joe, Jake La Furia, Marracash",879697
"Don Joe, Ketama126, Franco126",2404611
"Don Joe, Madame, Dani Faiv",1056001
"Don Miguelo, Bulin 47",135933
"Don Omar, Farruko",2684018
"Don Omar, Juelz Santana",20980
"Don Omar, Lucenzo",3380708
"Don Omar, Mackie Ranks",39170
"Don Omar, Natti Natasha",722267
"Don Omar, Plan B",8504
"Don Omar, Sharlene Taule",2093817
"Don Omar, Tego Calderon",507876
"Don Omar, Zion & Lennox",73982481
"Don Patricio, InnerCut",251370
"Don&RL9, Gural, Sitek, Reto",94985
"Donel, Swarmz",244295
"Donguralesko, DZIADZIOR, Bedoes, Donatan",19162
"Donguralesko, DZIADZIOR, The Returners",34024
"Donnie, Bizzey, Bokoesam, Lange Frans, Joost, Joel Beukers, Leipe Dennis",199420
"Donnie, Frans Bauer",675449
"Donnie, Joost",182231
"Donnie, Joost, Mr. Polska",24999
"Donnie, Willie Wartaal",1511554
"Donnie, Yung Felix",37343
"Donny Caballero, DJ Paul",204501
"Donny Montell, SEL",1073
"Dopebwoy, Abou Debeing",28248
"Dopebwoy, Bryan Mg, SRNO",6026870
"Dopebwoy, Chivv, 3robi",7079971
"Dopebwoy, SRNO",14353149
"Dorentina, Kosso",3847086
"Dorentina, Kosso, 3robi",1993028
"Dorentina, Kosso, Lijpe",246428
"Dorian Popa, Selly",10415
"Dorian Popa, Shift, Selly",82749
"Dorian, Koukr",46030
"Dorian, Maniak",10072
"Dorian, Psycho Rhyme",479364
"Dorian, Refew",14521
"Dorian, Renne Dang",59229
"Dorian, SKiNNY BARBER",14949
"Dorian, Sensey",20420
"Dorian, Sharlota",26110
"Dosseh, 13 Block",29834
"Dosseh, Booba",5326758
"Dosseh, Bramsito",2969349
"Dosseh, Izi",1142396
"Dosseh, Kalash",272451
"Dosseh, Koba LaD",272987
"Dosseh, Lacrim",1532633
"Dosseh, Landy",3236408
"Dosseh, Madd",2312
"Dosseh, Maes",22681368
"Dosseh, Nekfeu",575454
"Dosseh, Sadek",1491303
"Dosseh, Vegedream",412505
"Dosseh, Votourious, Ppros, Biss",151110
"Dotan, Galantis",50551
"Double Pleasure, Lennis Rodriguez",86510
"Dough-Boy, Jackson Wang",3106
"Doums, Nekfeu, Nae",3579018
"Doums, Nekfeu, Naë",53373
"Douwe Bob, Jacqueline Govaert",33440
"Doğukan Sarıtaş, Uberkuloz",73258
"Dr Vades, Blanco",537306
"Dr Vades, Burna Boy, K-Trap",61308
"Dr. Dre, Snoop Dogg",1307600
"Dr. Sus, Tiko",1005
"Draganov, Manal",60347
"Draganov, Snor",13919
"Drago200, Pablo Chill-E, Polimá Westcoast, Lleflight",962195
"Drahdiwaberl, Falco",7835
"Drake, 2 Chainz, Big Sean",19883
"Drake, 2 Chainz, Young Thug",22446658
"Drake, 21 Savage",44589092
"Drake, Black Coffee, Jorja Smith",29416702
"Drake, Future",21923609
"Drake, Giggs",46501320
"Drake, JAY-Z",67835007
"Drake, Kanye West",8975644
"Drake, Lil Wayne",6673
"Drake, MC Kevin o Chris",17041685
"Drake, Majid Jordan",101659
"Drake, Michael Jackson",208157732
"Drake, PARTYNEXTDOOR",6012869
"Drake, Quavo, Travis Scott",93869348
"Drake, Rihanna",58232121
"Drake, Sampha",18252579
"Drake, Static Major, Ty Dolla $ign",49468243
"Drake, WizKid, Kyla",415082988
"Drake, Young Thug",14374901
"Dree Low, 1.Cuz",759849
"Dree Low, 1.Cuz, Aden x Asme",2853703
"Dree Low, Adel",22012567
"Dree Low, Aden",55645
"Dree Low, Asme",559979
"Dree Low, Blizzy",433328
"Dree Low, Cherrie",881402
"Dree Low, D.RS",676392
"Dree Low, Einár",15276449
"Dree Low, Greekazo, Yasin",2451998
"Dree Low, K27",16330
"Dree Low, K27, Lani Mo, 1.Cuz, 24K, Blizzy",2779045
"Dree Low, Owen",11102883
"Dree Low, P.J",10351087
"Dree Low, Thrife",383722
"Dree Low, Thrife, Einár",1005776
"Dree Low, Yasin",8448520
"DrefGold, Daves The Kid",34404030
"DrefGold, Luche",824551
"Drengur, Aron Can",6255
"Drew. H, Millez313, YNG",3986
"Drizzy, Furelise",2093
"Dua Lipa, BLACKPINK",366988259
"Duane Flames, Anusha",52091
"Dub Sharma, DIVINE",1205871
"Dubdogz, Jetlag Music, Duckhandz",37684
"Dubosky, Akim, BCA, Boza, Original Fat, Robinho, Sech, Yemil",24458
"Dubosky, Akim, Original Fat, Sech, BCA, Robinho, Boza, Yemil",13359
"Dubosky, Yemil, At' Fat",203446
"Dudi Bar David, Roni Dalumi",1739
"Dudu Aharon, Eden Meiri",85294
"Dudu Aharon, Itay Levi",138069
"Dudu Aharon, Ofek Hamalach",1260169
"Dudu Aharon, Omri 69 Segal",67775
"Dudu Tassa, Roni Alter",1184959
"Dudu Tassa, Zehava Ben",2229
"Duke Dumont, A*M*E",54299
"Duke Dumont, Ebenezer",36618
"Duke Dumont, Gorgon City, NAATIONS",2053463
"Duke Dumont, Jax Jones",47698
"Duke Dumont, Shaun Ross",521076
"Duki, Aleman",2776966
"Duki, Asan",52627
"Duki, Asan, Zecca",92755
"Duki, Barloe Team, KHEA",338191
"Duki, Bhavi",548031
"Duki, Big Deiv, CLUB HATS",24943
"Duki, ByMonkid",25988
"Duki, C. Tangana, KHEA, Leebrian",2351245
"Duki, C.R.O",6208202
"Duki, C.R.O, YSY A",21544468
"Duki, CLUB HATS, Yesan 雪山",633894
"Duki, DICC",10617550
"Duki, El Cro, KAKTOV, Neo Pistea, YSY A",2003090
"Duki, Eladio Carrion, Sfera Ebbasta",269262
"Duki, Fuego, LUYO",247921
"Duki, KHEA",44517386
"Duki, KHEA, Neo Pistea",234889
"Duki, Kidd Keo, Juicy J",220112
"Duki, Leby",18528088
"Duki, Marcianos Crew, Lucho SSJ",287797
"Duki, NEGRO DUB",27695
"Duki, NahueMC, 808god",630338
"Duki, Neo Pistea, YSY A",15974002
"Duki, Obie Wanshot",5173192
"Duki, Orodembow",529529
"Duki, Ronny J, Pablo Chill-E, Capo Plaza, C.R.O, Asan",7782653
"Duki, Vicentico, La Bomba de Tiempo",2135561
"Duki, YSY A",2947603
"Duki, YSY A, Neo Pistea",164092
"Duki, Young Cister, Bles",29454
"Duo Rey Silva, Mario Catalán, Elia Ramirez",85959
"Durako, Exay, Bebo Yau, Diego Villacis DVM, Blacky Melusi, I.N.R.I",30707
"Dusty Bottle, SOPHY",2711
"Dutty Dior, Arif",36522
"Dvicio, Jesús Reik",41930824
"Dvicio, Reik, ChocQuibTown",14115442
"Dvicio, Taburete",39418336
"Dwa Sławy, Białas, Steez83",227922
"Dwa Sławy, Gedz",18862
"Dwa Sławy, Słoń",19667
"Dwa Sławy, Ten Typ Mes",25073
"Dylan Fuentes, Myke Towers",1213886
"Dyler, DB Gad",26414
"Dyna, Bryan Mg, Yxng Le, Priceless",149214
"Dyna, Frenna, Ronnie Flex",11892672
"Dyna, KM, Young Ellens",735029
"Dynoro, Fumaratto",970300
"Dynoro, Gigi D'Agostino",1297307855
"Dynoro, Ina Wroldsen",9464952
"Dzeguzīte, Mārtiņš Freimanis",5765
"Dzeko & Torres, Delaney Jane",83109
"Dzeko, Aspyer, Matluck",3501
"Dzsúdló, Krúbi",3427
"Dzsúdló, Lil Frakk",912282
"Dzsúdló, Young Majré",40975
"Dé:Nash, Gege",20433
"Dé:Nash, Krúbi",78939
"Dímelo Flow, Arcangel, Chencho Corleone, Wisin & Yandel, Myke Towers",822146
"Dímelo Flow, Arcangel, Sech",459399477
"Dímelo Flow, BCA",495728
"Dímelo Flow, Dalex, Rafa Pabön",767384
"Dímelo Flow, Dalex, Sech, Justin Quiles, Arcangel, De La Ghetto, Lenny Tavárez",52946
"Dímelo Flow, Justin Quiles, Alex Rose, Gigolo Y La Exce",4188432
"Dú Maroc, Azzi Memo",153910
"Dú Maroc, Samra",534529
"Dúmbó og Steini, Steini",2284
"D’MASIV, Rossa, David NOAH",36760
"E-40, Quavo, Roddy Ricch, A$AP Ferg, ScHoolboy Q",225173
"EAZ, Xen, Ledri Vula",122420
"EDIS, Emina",8029421
"EDIS, Yasemin Mori",1148598
"EGalas, Ronny Leon, PURO",1323
"EME, Almy",1234552
"EME, Almy, Gabriel Gonti, Lorena Chaves",905645
"EMIL TRF, V:RGO",15140
"EREN CAN, BATU",17122478
"ERIK, MIN",9757
"ERIK, Suni Hạ Linh",2648
"EUN JIWON, Blue.D",1951
"EXILE ATSUSHI, Char",1396
"EXO-SC, Gaeko",10645
"Early B, Jack Parow, Justin Vega",171631
"Early B, Justin Vega",5918
"Earn Piyada, คริส หอวัง; อุ๋ย Buddha Bless",34707
"Earth, Wind & Fire",47973674
"Eartha Kitt, Henri Rene & His Orchestra",50107656
"Eason Chan, Faye Wong",7137
"Eason Chan, eason and the duo band",6918914
"Eaze, Fy, Reggie Mills",10295
"Ece Seçkin, Ozan Doğulu",415703
"Ecko, Berna Flex, Mike Malva, Sander Wazz",1413393
"Ecko, Iacho, KHEA, Seven Kayne",5115456
"Ecko, Papichamp",3516338
"Ecko, Sander Wazz",1907246
"Edavārdi, Kristīne Prauliņa",1158
"Eddy Lover, Akim",1450789
"Eddy Lover, Anyuri",7686
"Eden Ben Zaken, Eden Hason",1741682
"Eden Ben Zaken, Itay Levi",46992
"Eden Ben Zaken, Static & Ben El, Stephane Legar",1909783
"Edin, Sido",1311817
"Edo Fendy, Sick Luke",46920
"Edo Saiya, Lil Lano",936189
"Edward Maya, Vika Jigulina",199874
"Edyta Gorniak, Gromee",14378
"Eefje de Visser, Bazart",196291
"Eevil Stöö, Koksu Koo",53339
"Eevil Stöö, MNTTT",8361
"Eevil Stöö, OPA, Pehmee Goo",33276
"Eflyjah Mack, Madmanleek, Shaun P",3554
"Egill Stolz, Haki, Whyrun",13105
"Ego, Ben Cristovao, Gyza",1495427
"Ego, Haha Crew, Yzomandias",327733
"Ego, Laris Diam",143892
"Ego, Lvcas Dope, Paulie Garand",384546
"Ego, Rytmus",243384
"Ego, Tomi",10661
"Egor Kreed, HammAli & Navai",2149
"Egor Kreed, MORGENSHTERN",8213
"Egor Kreed, Philipp Kirkorov",45917
"Eiffel 65, Mixed By A.Villella",248378
"Eight O, Sleiman, Lacrim",8710
"Einár, ADAAM",6628839
"Einár, Adel",2679649
"Einár, Dizzy",211635
"Einár, Dree Low",16303618
"Einár, Greekazo",9795554
"Einár, K27",17127453
"Einár, Sebastian Stakset",1432601
"Einár, Stress",3663015
"Einár, Thrife",8376329
"Eināra Verro Vokālā Grupa, Dzeguzīte",6729
"Eix, Brytiago, Rauw Alejandro, Los Fantastikos",494456
"Ekko, MYXE",9596
"Eklectico, NeonG, Jamby El Favo, Felo Blonck, Galindo Again",566543
"Eko Fresh, Umut Timur",345298
"Ektor, Pil C",2528
"Ektor, Rytmus, Ego, Separ",111094
"Ektor, Separ, Rytmus, Ego",2288975
"Ektor, Sergei Barracuda",212192
"El Alfa, Amenazzy",25795
"El Alfa, Anuel AA",1293434
"El Alfa, Arcangel, Mark b",17114
"El Alfa, Bad Bunny",278941
"El Alfa, Big O, Darell, Farruko, Myke Towers",1333843
"El Alfa, Bryant Myers",64763
"El Alfa, Bryant Myers, Jon Z, Miky Woodz, Noriel, Plan B",6934478
"El Alfa, Bulova, Jowell & Randy, Shadow Blow, Yomel El Meloso, Zion & Lennox",328278
"El Alfa, Cardi B",39113
"El Alfa, Chael Produciendo",3776880
"El Alfa, Chael Produciendo, Kiko el Crazy",689963
"El Alfa, Darell, Farruko, Big O, Myke Towers",2286095
"El Alfa, Darell, Noriel",9989365
"El Alfa, Diplo",2156
"El Alfa, Doble T & El Crok",316448
"El Alfa, Doble T & El Crok, El Jefe",379390
"El Alfa, El Shick",28030
"El Alfa, Farruko, Jon Z, Miky Woodz",501305
"El Alfa, Farruko, Myke Towers",265570
"El Alfa, Jon Z",112937
"El Alfa, Jowell & Randy, Zion & Lennox",838153
"El Alfa, Kiko el Crazy",24111
"El Alfa, Kiko el Crazy, Bethoven Villaman, El Fother",155345
"El Alfa, La Manta Rd, Anonimus, Paramba, Neno Man, La Kikada",43120
"El Alfa, La Manta",88203
"El Alfa, Lil Pump",25787657
"El Alfa, Lil Pump, Sech, Myke Towers, Vin Diesel",10155844
"El Alfa, Liro Shaq, La Manta, La Sabiduria",113421
"El Alfa, Mozart La Para, La Kikada",92080
"El Alfa, Myke Towers, Yandel",6245703
"El Alfa, Plan B, Bryant Myers, Noriel, Jon Z, Miky Woodz",3162838
"El Alfa, Rauw Alejandro",305140
"El Alfa, Villanosam",115949
"El Alfa, Yomel",19938
"El Boza, Akim",343690
"El Cherry Scom, Kiko el Crazy",65987
"El Cherry Scom, Kiko el Crazy, Ozuna, Alofoke Music",250872
"El Chuape, Bulin 47",23499
"El Completo Rd, Chimbala",15552546
"El Daddy, Rvfv, Daviles de Novelda",36377
"El Fecho RD, Ceky Viciny, Musicologo The Libro, Yomel El Meloso, Nino Freestyle",117641
"El Futuro Fuera De Orbita, Jey Brown, La Kikada",1208020
"El Futuro Fuera De Orbita, Pablo Chill-E",1564239
"El Gran Combo De Puerto Rico, Gilberto Santa Rosa",26372
"El Gran Martín Elías, Juancho De La Espriella",59274
"El Gran Martín Elías, Rolando Ochoa",74824
"El Mayor Clasico, Pusho, Ceky Viciny, La Insuperable, Tali Goya, Mark B, Secreto ""El Famoso Biberon"", Bulin 47, Villaman, Jon Z",18214
"El Mayor Clasico, Rochy RD",154890
"El Nino, Cally Roda",8651
"El Nino, DOC, Azteca",33495
"El Nino, F.Charm",12406
"El Nino, F.Charm, Puya",14801
"El Nino, Jianu, Amuly",34055
"El Nino, Jo",12667
"El Nino, Kepa",25896
"El Nino, Macanache, Byga",16293
"El Nino, Mitza Estradda",39285
"El Nino, Mutu",10575
"El Nino, Ramona Nerra",18062
"El Nino, Shift",8010
"El Nino, Spectru",12971
"El Nino, Spectru, Samurai",13294
"El Nino, Stres, Zeze",13798
"El Nino, What's Up",4622
"El Pekeno, Kiko el Crazy",1862
"El Profesor, Laura White",1013091
"El Reja, De La Calle",3220
"El Reja, The La Planta",288818
"El Veneco, Vhero",78728
"El Villano, J-One, Newyorkeeno",1118407
"El Villano, Migrantes",9704
"El Zeta, Akim",3778
"El Zeta, Akim, Anyuri, Chamaco, wvltz",357796
"El Zeta, Anyuri, At' Fat, Dubosky, wvltz",368299
"El Zeta, Dubosky, Italian Somali",79804
"ElGrandeToto, Draganov, Don Bigg, Khtek",681308
"Eladio Carrion, Amenazzy",61901
"Eladio Carrion, Amenazzy, Rauw Alejandro, Lyanno",24223
"Eladio Carrion, Amenazzy, Rauw Alejandro, Noriel",98608
"Eladio Carrion, Arcangel",3886
"Eladio Carrion, Bad Bunny",19561633
"Eladio Carrion, Bhavi",660312
"Eladio Carrion, Brytiago",869987
"Eladio Carrion, Cazzu, Cosculluela",10757
"Eladio Carrion, Farruko",1832
"Eladio Carrion, J Balvin, Ñengo Flow",7013
"Eladio Carrion, Jhay Cortez",42443
"Eladio Carrion, Jhay Cortez, Dalex",2282
"Eladio Carrion, Jon Z, Noriel",3708
"Eladio Carrion, KHEA, Big Soto, Randy",1373560
"Eladio Carrion, KHEA, Cazzu, Ecko",10613089
"Eladio Carrion, Miky Woodz",22632
"Eladio Carrion, Seven Kayne",1178606
"Eladio Carrion, Smokepurpp",11272
"Eladio Carrion, Zion & Lennox, Wisin & Yandel, Lunay",34494486
"Eladio Carrion, Zion",7438659
"Elai Botner, Avraham Aviv Alush",1015299
"Elai Botner, Kobi Aflalo",2535
"Elams, KeBlack",312042
"Elams, Marwa Loud",1011735
"Elastinen, Gettomasa",334641
"Elastinen, Jenni Vartiainen",5548848
"Elastinen, Johanna Kurkela",4240402
"Elastinen, Sami Hedberg",308470
"Elastinen, Uniikki, Timo Pieni Huijaus, Tasis, Spekti",12426
"Elder Dayán Díaz, Rolando Ochoa",1928894
"Eldzhey, Era Istrefi",27143
"Eldzhey, FEDUK",12019744
"Ele A El Dominio, Eladio Carrion, Myke Towers",1224386
"Ele A El Dominio, The Secret Panda",30297
"Eleonora Zouganeli, Lavrentis Machairitsas",1617
"Elephanz, Eugénie",370454
"Elettra Lamborghini, ChildsPlay",5225542
"Elevation Worship, Kari Jobe, Cody Carnes",74493
"Eli Hsieh, 徐靖玟",5171
"Eli Türkoğlu, Tuğçe Kandemir",8543086
"Elina Born, Jüri Pootsmann",69513
"Elisa, Calcutta ",4411215
"Elisa, Carl Brave",1668281
"Elisa, Francesco De Gregori",31367
"Ella Chen, 張軒睿",48996
"Ella Fitzgerald, Louis Jordan & His Tympany Five",402846
"Ella, Karla & Sidsel",7694
"Ellen Benediktson, Simon Peyron",688409
"Ellie Goulding, Diplo",2165350
"Ellie Goulding, Juice WRLD",44712
"Ellinoora, Juha Tapio",2256938
"Ellis, NOËP",7460
"Elly Vilhjálms, Ragnar Bjarnason",9599
"Elly Vilhjálms, Vilhjálmur Vilhjálmsson",123645
"Elodie, Michele Bravi, Guè Pequeno",21537879
"Elton John, Kiki Dee",2342936
"Elva Hsiao, 陳偉",424597
"Elvana Gjata, Capital T",110563
"Elvira Pitzner, OSCA",46029
"Elvis Crespo, Manny Cruz",8275
"Elvis Presley, Martina McBride",591256
"Elvis Presley, Post Malone, Shawn Mendes, Darius Rucker, Blake Shelton, Carrie Underwood",32192
"Elçin Orçun, Birkan Nasuhoğlu",450911
"Emanuela, Aria",1106
"Emanuela, Gia",3227
"Emboli, Ati242",210441
"Emelie Hollow, Ruben",162810
"Emicida, Majur, Pabllo Vittar",2428137
"Emiko Suzuki, Seiji Kameda",93221
"Emil Kruse, Louis Samson",32528
"Emilia, DENIS TEOFIKOV",144254
"Emilia, Darell",5684976
"Emilia, Dodo, Jay Maly, Costi",31124
"Eminem, Dido",119687
"Eminem, Nate Dogg",76353608
"Eminem, Rihanna",631341
"Eminem, Royce Da 5'9""",107682252
"Emir Can İğrek, Patron",3229564
"Emis Killa, 6ix9ine, PashaPG",3821464
"Emis Killa, Capo Plaza",4518404
"Emis Killa, Carl Brave",2087917
"Emis Killa, Geolier",205360
"Emis Killa, Guè Pequeno",2396184
"Emis Killa, Nayt",701994
"Emis Killa, Vegas Jones, Gemitaiz",5208612
"Emis Killa, Westside Gunn",175733
"Emma Bale, Milow",47827
"Emma Heesters, Rolf Sanchez",36062701
"Emma Stone, Callie Hernandez, Sonoya Mizuno, Jessica Rothe",4194562
"Emma Watson, Dan Stevens, Ewan McGregor, Ian McKellen, Emma Thompson, Nathan Mack, Gugu Mbatha-Raw",3721
"Emma Watson, Luke Evans, Ensemble - Beauty and the Beast",46350
"Emmsjé Gauti, Aron Can",137561
"Emmsjé Gauti, Birnir",275091
"Emmsjé Gauti, Floni",157289
"Emmsjé Gauti, Herra Hnetusmjör",251965
"Emmsjé Gauti, Huginn",8511
"Emmsjé Gauti, Króli",1024233
"Emmsjé Gauti, Mælginn",9702
"Emmsjé Gauti, Steingrímur Teague",7769
"Emrah Karaduman, Aleyna Tilki",9155888
"Emrah Karaduman, Buray",184646
"Emrah Karaduman, Demet Akalın",251970
"Emrah Karaduman, Derya Uluğ",6424205
"Emrah Karaduman, Ebru Yaşar",163924
"Emrah Karaduman, Nigar Muharrem",484692
"Emrah Karaduman, Çağla",8282643
"Emrah, Alisia",55439
"Emrah, Toni Storaro",5259
"Emshahi, Rainy Joy",7356
"Emus DJ, Axis DJ",4585
"En?gma, Kaizén",699493
"End of the World, Clean Bandit",250031
"Endy Chow, Fiona Sit",93045
"Endy Chow, JW",1086595
"Enno Cheng, Ellen Loo",11402
"Enno Cheng, 陳嫺靜",78149
"Eno, Anıl Piyancı",806421
"Eno, Caza",138495
"Eno, Ezhel",3360732
"Eno, Jamule",495603
"Eno, Luciano",800179
"Eno, MERO",54412341
"Eno, Murda",3018094
"Eno, Nimo",14119713
"Eno, Noah",4850428
"Eno, Raschid Moussa",3980908
"Eno, S4MM",57329
"Eno, SAMY",63616
"Eno, XATAR",6826848
"Eno, reezy",365300
"Enrico Nigiotti, Gianna Nannini",68642
"Enrike Perro de Presa, Nasta, Marchelo Sound, Sensey Zhafir",6551
"Enrique Iglesias, Descemer Bueno, Gente De Zona",3664351
"Enrique Iglesias, Pitbull",3044722
"Enrique Iglesias, Sean Paul, Descemer Bueno, Gente De Zona",11168
"Enrique Iglesias, Sean Paul, Matt Terry",2151642
"Enzo Dong, Dark Polo Gang",7524427
"Enzo Dong, DrefGold",471835
"Enzo Dong, Fabri Fibra",777517
"Enzo Dong, Fedez",172951
"Enzo Dong, Gemitaiz",347972
"Enzo Dong, LGND",1411863
"Enzo Dong, La Luna Nera",359942
"Enzo Dong, Tedua",2178147
"Enzo Dong, Tedua, Chris Nolan",3281268
"Enzo Ortiz, J Balvin, Farruko",612198
"Enzo Rabelo, Zé Felipe",23660309
"Epik High, Crush",115998
"Epik High, Sunwoojunga",23020
"Epik High, Yuna",123675
"Equalz, Hef",27003
"Equalz, Henkie T, Dopebwoy",2605990
"Equalz, Kevin",898667
"Equalz, LouiVos",1184352
"Erabi, NGEE",228075
"Erdem Kınay, Ikizler",1295356
"Erdem Kınay, Merve Özbey",1061332
"Erdem Kınay, Yılmaz Taner",248595
"Eric Chou, Cath Wong, Phil Lam, Haeil, Sezairi, Jason Chan, Benjamin Kheng, Ben&Ben, Kelly Cheng, Narelle, Jocelyn Chan, NYK, Ha Le, Wafa Bahiyya Haneesa, Fatin",46825
"Eric Chou, 許瑋甯",351005
"Eric Gadd, Fricky",54713
"Eric Land, Xand Avião",386004
"Eric Nam, Jeon So Mi",3144
"Eric Saade, Anis Don Demina",966254
"Eric Saade, Gustaf Norén, Filatov & Karas",493100
"Erik Follestad, Linni Meister",8764276
"Erik Lundin, Cherrie",30392
"Erik Og Kriss, Jaa9, Ari Bajgora",60296
"Erik Santos, Moira Dela Torre",5959459
"Erika, Xiao Yu",1783
"Erlando, Natali Noor",28550
"Ermal Meta, Fabrizio Moro",9419458
"Ernia, Guè Pequeno",48501
"Ernia, Luche",2017811
"Ernia, Rkomi",70795
"Erol Evgin, Sıla",545935
"Esko, Bartofso, 3robi, Mula B",1518029
"Esko, Bokoesam, Famke Louise",540466
"Esko, Emms, Hef, Kevin",465607
"Esko, JoeyAK, MocroManiac, CHO",773734
"Esko, Jonna Fraser, Adje, Keizer, Woenzelaar",673740
"Esko, Jonna Fraser, Jacin Trill",811311
"Esko, Josylvio, Hansie",32590961
"Esko, Josylvio, Lauwtje, Jermaine Niffer",481386
"Esko, Josylvio, Sevn Alias",685068
"Esko, Latifah, Sevn Alias",505841
"Esko, Ronnie Flex, Idaly",497613
"Esko, SBMG",533908
"Esko, Snelle",3504562
"Essemm, Karola",85158
"Estelares, Jorge Serrano",22571
"Estelle, Kanye West",2511192
"Estikay, Maxwell",1955287
"Estikay, Sido",335857
"Etcetera, Billionz",3048
"Eunique, XATAR",192492
"Eurythmics, Annie Lennox, Dave Stewart",7374752
"Eva B, Flavio",35582
"Eva B, Nick Maylo",38729
"Eva B, Samantha",85061
"Eva Pilarová, Karel Gott",9478
"Eva, Franglish",54490
"Eva, KeBlack, Naza",4171383
"Eva, Kidaki",244872
"Eva, Lartiste",20590538
"Eva, Still Fresh",52530
"Evaflow, Paris La Mont",2341
"Eve, Gwen Stefani",118886
"Evelina, Julma H",832232
"Evelina, Mikael Gabriel",1830956
"Eves Laurent, Frsh",55728
"Eves Laurent, Jayh",215709
"Eves Laurent, LouiVos",43364
"Eves Laurent, Sevn Alias",111014
"Evgenya Redko, Lilas ir Innomine",74515
"Eviatar Banai, Ehud Banai",3005
"Ex Battalion, Flow G",5887215
"Ex Battalion, O.C. Dawgs",11840662
"Ex Battalion, Sachzna Laparan, Chicser",23828
"Exploit, Abi",201528
"Exploit, Zenk, UFO, Lil Nib, Tripp, Erik OG",492056
"Ey Lawa Gulakem, Ahmed Shamali, Ahmad Shamali",2519
"Eyal Golan, Benaia Barabi",3790502
"Eyal Golan, Moshe Peretz",20057
"Eyal Golan, Nasrin Kadri",281811
"Eyal Golan, Ofer Nissim",43144
"Eyal Golan, Offer Nissim",262529
"Eyal Golan, Vivo",1879
"Eyal Golan, Zohar Argov",20482
"Eyjólfur Kristjánsson, Björgvin Halldórsson",40313
"Eyjólfur Kristjánsson, Stefán Hilmarsson",8104
"Eypio, Burak King",2982623
"Ezekiel Carl, Whyrun",10792
"Ezhel, Patron, Anıl Piyancı, Sansar Salvo, Allame, Pit10, Beta, Kamufle",27886
"Ezio Oliva, Andy Rivera",1861881
"Ezio Oliva, MOLY",506682
"Ezzari, Jonas Benyoub",10406
"F, Pyhimys",149232
"F, costee",38138
"F.HERO, BamBam",4010126
"F.HERO, Lazyloxy, OG-ANIC",3936759
"F.HERO, Maiyarap",614416
"F.HERO, Ohm Cocktail",601892
"F.HERO, P-Hot, YOUNGOHM & FYMME",938581
"F.HERO, Pongsit Kampee",128955
"F.HERO, Sirpoppa",19764
"F.HERO, The Toys",2309123
"F.HERO, Tilly Birds",599131
"F.HERO, UrboyTJ, Amp",71015
"F.HERO, YOUNGOHM, P-Hot, FYMME",5632201
"F.I., Lijpe, Gianski",92871
"F.I., Vic9, JoeyAK",150009
"F.I.R., Fan Yi Chen",12255
"F.I.R., Power Station",9388
"F1rstman, Boef",4989256
"F1rstman, Hef, Poke, Pyramids",601784
"F1rstman, Ismo",242132
"F1rstman, Josylvio, Lijpe",497852
"F1rstman, Snelle",1651534
"FANN, Bloody Hawk, Rack",4739
"FANN, Rask",2770
"FDVM, Tyler Sjöström",88746
"FELIX SANDMAN, Benjamin Ingrosso",4249587
"FERNANDOCOSTA, Dollar Selmouni, Blasfem",2192555
"FIESTA!, DJ Alex",1760155
"FIIXD, 1MILL, 19HUNNID",240584
"FIIXD, 1MILL, Diamond, 19HUNNID, 1-Flow",1453076
"FIIXD, F.HERO",3464
"FIIXD, Khun OC, NAMEMT, Diamond, Ben Bizzy, YOUNGOHM",213165
"FIIXD, Maiyarap, YOUNGOHM, Mona V",105953
"FILV, Edmofo",359525
"FILV, Edmofo, Emma Peters",50369
"FKA twigs, Future",358180
"FMK, Kodigo",7148720
"FMK, MYA, Coscu",885127
"FOOL, Kelvyn Colt",407102
"FRANKIEONTHEGUITAR, T-Rex, LON3R JOHNY, Bispo",2534036
"FRENSHIP, Emily Warren",40269037
"FSK SATELLITE, Sapobully, chiello_fsk, Greg Willen",697720
"FSK SATELLITE, Taxi B, chiello_fsk, Greg Willen",1139819
"FSK SATELLITE, Taxi B, chiello_fsk, Sapobully",2566582
"FSK SATELLITE, Taxi B, chiello_fsk, Sapobully, Greg Willen",32124973
"FTampa, Anne Marie",426382
"FTampa, Kamatos",4352110
"Fabio Rovazzi, Gianni Morandi",2002263
"Fabri Fibra, Laïoung",322865
"Fabri Fibra, Roberto Saviano",93117
"Fabri Fibra, Thegiornalisti",3674288
"Fahed Bin Fasla, فلاح المسردي",32928
"Faizal Tahir, Dato' Sri Siti Nurhaliza",610052
"Fakkboiz, B3nte, Kuselofte",424034
"Fakkboiz, Kuselofte, B3nte",3622442
"Fallgrapp, The Curly Simon",7927
"Famke Louise, Afro Bros",398981
"Famke Louise, Jayh, Badd Dimes",5771735
"Famke Louise, Ronnie Flex",4720947
"Famous Oberogo, Alba Reche",382325
"Famous Oberogo, Damion Frost",213469
"Famous Oberogo, Marta Sango",41933
"Famous Oberogo, María Escarmiento",67466
"Famous Oberogo, Miki Núñez, Sabela",31806
"Famous Oberogo, Natalia Lacunza",755251
"Famous Oberogo, Noelia Franco",32840
"Fanny Lu, Andrés Cepeda",5400
"Fantastic Action, Lily Otten",4110
"Far East Movement, Karen Mok",49763
"Farazi, Kodes Kahra",190565
"Faraón Love Shady, Ele A El Dominio, Jon Z",137123
"Faraón Love Shady, KEVVO",20921
"Farid Bang, Capo, 6ix9ine, SCH",17476037
"Farid Bang, Musiye, Play69",86697
"Farid Bang, The Game",2400039
"Farina, Maluma",38593
"Farruko, Anuel AA, Kendo Kaponi",53849029
"Farruko, Arcangel, Noriel, Bryant Myers, Alex Gargola",2380749
"Farruko, Bad Bunny",31596015
"Farruko, Bad Bunny, Rvssian",28482136
"Farruko, Beéle, Natti Natasha, Manuel Turizo",11880391
"Farruko, Bryant Myers, Jo Mersa Marley",2904
"Farruko, Daddy Yankee, Akon, Sean Paul",1045458
"Farruko, Darell, El Micha",1477
"Farruko, Don Omar",1102590
"Farruko, El Micha",11605
"Farruko, Kafu Banton, El Micha",77452
"Farruko, Konshens",10409
"Farruko, Lary Over, Bad Bunny",6957901
"Farruko, Manuel Turizo",229526
"Farruko, Ozuna, Lunay",20196322
"Farruko, Pedro Capó, Justin Quiles",85382
"Farruko, Sean Paul",8774
"Farruko, Sharo Towers, Andy Clay, Alex A.C",4128
"Faruk Sabanci, Mingue",364738
"Fasma, GG",28659964
"Fat Joe, Cardi B, Anuel AA, Dre",60249
"Fat Joe, Remy Ma, French Montana, InfaRed",365435
"Fatah, Lijpe",4031435
"Fatboy L, Hene",34122
"Fatman Scoop, Crooklyn Clan",50182
"Fattah Amin, Fazura",14939
"Faustix, Alexander Oscar",569364
"Faustix, Joey Moe",192442
"Faustix, Litening",708357
"Faustix, RANI",3903746
"Faustix, Skinz",1150158
"Faya, F1rstman",28254
"Faydee, Antonia",208180
"Fazura, Fattah Amin",6480
"Fazıl Say, Cem Adrian, Guvenc Dagustun, Burcu Uyar, Selva Erdener",229234
"Feanna Wong, 英仁合唱團",3213
"Fedde Le Grand, Funk Machine, General Levy",56105
"Fedez, Robert Miles",5374040
"Fedez, Tedua",4435574
"Feestteam, DJ Jerome",50977
"Feestteam, DJ Maurice",84954
"Feid, Alvaro Diaz",27536
"Feid, Dalex",500806
"Feid, Farruko, El Alfa, Lenny Tavárez",377007
"Feid, Greeicy",1182106
"Feid, J Balvin",3217871
"Feid, J Balvin, Justin Quiles",5326884
"Feid, Justin Quiles",152633986
"Feid, Lenny Tavárez",4881615
"Feid, Maluma, Sky Rompiendo",4699920
"Feid, Manuel Turizo",8425999
"Feid, Nacho",164302
"Feid, Sech",19099449
"Feid, Sky Rompiendo",775800
"Feis, Winne",443584
"Felipe Araújo, Ferrugem",205655345
"Felipe Araújo, Henrique & Juliano",23371562
"Felipe Araújo, Jorge & Mateus",3662969
"Felipe Original, MC Kevin o Chris",619125
"Felipe Original, MC Kevin o Chris, Sodré, JS o Mão de Ouro",110167887
"Felipe Peláez, Nacho, Noriel",782157
"Felix & Dean, Discomakers",3172
"Felix Cartal, Cœur De Pirate",103520
"Felix Cartal, Iselin",10311
"Felix Cartal, Lights",3578796
"Felix Cartal, REGN",3541
"Felix Jaehn, ALMA",2973140
"Felix Jaehn, Calum Scott",9300065
"Felix Jaehn, GASHI, FAANGS",6610820
"Felix Jaehn, Hight, Alex Aiono",15858353
"Felix Jaehn, Jasmine Thompson",51766
"Felix Jaehn, Mike Williams",7432799
"Felix Jaehn, VIZE, Miss Li",34849896
"Felix Riebl, Martha Wainwright",96217
"Felix Snow, ROZES",3284
"Felp 22, Rauw Alejandro, Duki",4452742
"Feng Timo, Niko Sun",3419
"Feng Ze, 采子",56655
"Fer Palacio, DJ Alex, Santiago Saez",35133614
"Fergie, Q-Tip, GoonRock",8897
"Feride Hilal Akın, Enbe Orkestrası",135309
"Feride Hilal Akın, Hakan Tunçbilek",3861319
"Feride Hilal Akın, İlyas Yalçıntaş",2513622
"Fernanda Salgado, Mano Walter",465686
"Fernando & Sorocaba, Dilsinho",295776
"Fernando Daniel, Melim",2413913
"Fetty Wap, KDL",3819
"Fie Laursen, Elijah",58817
"Fie Laursen, Josh Lorenzen",71781
"Fiersa Besari, Thantri Sundari",45996758
"Fiersa Besari, Thantri",181582
"Fifth Harmony, Gucci Mane",37294912
"Figo Eld5lawe, Hamo Bika, Shakosh, Nour Eltoot, Ali Qadora",36653
"Figo Gang, Qlas & Blacka, Blacka",1101398
"Figura, LMEN PRALA",3777
"Figura, Manuel",4888
"Figura, ibbigang",3498
"Fikri Karayel, Tolga Erzurumlu",14753592
"Filipe Ret, Dfideliz",126896
"Filipek, Tymek",10746295
"Filius Dei, Ak26",418787
"Finess, Ivory, ODZ",30322
"Fintelligens, Petter",437685
"Fish Leong, Crowd Lu",455580
"Fish Leong, Eve Ai",510580
"Fish Leong, 樊乃纲",43587
"Five, Steve Mac",77381
"Fjallabræður, Lúðrasveit Vestmanneyja, Sverrir Bergmann",15173
"Flavio, Anne Lukin",221348
"Flavio, Samantha",81053
"Fler, Azad",180037
"Fler, Bass Sultan Hengzt",899084
"Fler, Farid Bang",2695154
"Fler, Gringo",83582
"Fler, Jalil",292397
"Fler, Mosenu",3338072
"Fler, Nimo",446394
"Fler, Prinz Pi",63944
"Fler, Remoe",62543
"Fler, Rick Ross",164415
"Fler, Shen",60031
"Fler, Sido",5505761
"Fler, Sierra Kidd",277815
"Fler, Sinan G",67980
"Fler, Smokepurpp",755576
"Fler, Summer Cem",459086
"Flight Facilities, Dustin Tebbutt",49696
"Flight Facilities, NÏKA",2853150
"Flirtini, Piotr Ziola",543902
"Flo Rida, 99 Percent",53839807
"Floni, Birnir, Joey Christ",777758
"Floor Jansen, Henk Poort",528934
"Florian Rus, MIRA",1153709
"Florida Georgia Line, Backstreet Boys",1247419
"Florida Georgia Line, Jason Aldean",65548
"Florida Georgia Line, Jason Derulo",596938
"Florida Georgia Line, Tim McGraw",5103373
"Flosi, Trausti~",3276
"Flow Mafia, Arcangel, Bad Bunny",7485
"Flow Mafia, Tali Goya, Tivi Gunz, TYS Musica, El Yman",35952
"FlowZeta, Daviles de Novelda",1774960
"Flume, Eprom",37030
"Flume, HWLS, slowthai",167549
"Flume, JPEGMAFIA",91008
"Flume, KUČKA",64755
"Flume, KUČKA, SOPHIE",78219
"Flume, London Grammar",5446867
"Flume, Moses Sumney",20138
"Flume, Pusha T",15409
"Flume, Reo Cragun",1391562
"Flume, SOPHIE",58413
"Flume, Toro y Moi",2135199
"Flume, Tove Lo",173228
"Flume, Vera Blue",28660206
"Flume, kai",17846658
"Flyboiz, MC Davo, Felp 22, Dave Garsia",1134976
"Flyboy Tarantino, Craig Xen",257178
"Flyboy Tarantino, Craig Xen, Kidway",240675
"Flying Saucer Gang, Conkretus",28011
"Flying Saucer Gang, Sanda",3521
"Flying Saucer Gang, Thaddaeus",26445
"Fmg, BKO",706905
"Fmg, KM",82015
"Fmg, Kalibwoy",43525
"Fmg, LouiVos",1601503
"Fobia Kid, AstralKid22",4446
"Fobia Kid, Big Horse",8047
"Fobia Kid, Dokkeytino",8199
"Fobia Kid, Dufus, Dymer",1141
"Fobia Kid, Dymer Surovec, Luna 99",4448
"Fobia Kid, Dymer",5455
"Fobia Kid, Ego",15628
"Fobia Kid, Gleb",11759
"Fobia Kid, Maugli",26891
"Fobia Kid, Porsche Boy",10367
"Fobia Kid, Skinny Andy",1312
"Fobia Kid, Téčko",1404
"Fobia Kid, Yzomandias",9001
"Focalistic, Vigro Deep",62363
"Fomins, Kleins",5636
"Fonseca, Alexis y Fido",101158
"Fonseca, Andrés Cepeda",46060
"Fonseca, Silvestre Dangond",911488
"For Norge Kjæmpers Fødeland, Henrik Wergeland, Forsvarets Stabsmusikkorps, THE STAFF BAND OF THE NORWEGIAN ARMED FORCES, Schola Cantorum, Ingar Bergby, Tone Bianca Sparre Dahl",28755
"For You Acapella, Sima Martausová",75055
"Forest, Rigeo, Malito Malozo, Cangri",649816
"Forsvarets Stabsmusikkorps, Sarpsborg Kammerkor",13251
"FouKi, Alicia Moffet",266625
"Fouli, Branco",2224336
"Fouli, Naoui",637785
"Fouli, ZK",500269
"Fourty, Jamule",1285504
"Fourty, Monet192",3303007
"Frah Quintale, Giorgio Poi",14337469
"Frah Quintale, IRBIS 37",56054
"Framez, Adje, Lil Saint, Hef, Matarr, Bokoesam, Josylvio, Kalibwoy",43773
"Francis and the Lights, Bon Iver, Kanye West",23870
"Franco ""El Gorilla"", De La Ghetto, Luigi 21 Plus, Ozuna",35108
"Franco ""El Gorilla"", Ozuna",1280173
"Franco ""El Gorilla"", Tico El Imigrante",774400
"Francois van Coke, Hunter Kennedy",6600
"Francois van Coke, Jan Blohm",2508
"Francois van Coke, Spoegwolf",79769
"Frandé, DJ Didilong",9754
"Franglish, Kaaris",245346
"Franglish, KeBlack",921087
"Franglish, Leto, Tiakola",1020571
"Franglish, Tory Lanez",1206718
"Frank Casino, Cassper Nyovest, Major League",1594
"Frank Løke, Tydem",1440416
"Frank Ocean, JAY-Z, Tyler, The Creator",1505803
"Frank Pierce, Famba",831046
"Frank Sinatra, Seal",413180
"Frank Walker, Astrid S",1838355
"Franky B., Cooldown",24706
"Franz Joseph Haydn, Ricardo Marinello",7589
"Franz Xaver Gruber, Dresdner Kreuzchor, Roderich Kreile",7995
"Fred & Gustavo, Simone & Simaria",2560222
"Fred De Palma, Ana Mena",35907899
"Fred De Palma, Sofía Reyes",21481061
"Freddie Gibbs, The Alchemist",246289
"Freddy Moreira, Capital Candy, Patexx",773431
"Freddy, JKhalifa, Collins Isco",6253
"Fredo, MIST",42121964
"Fredy Montoya, Luisito Muñoz",57105
"Free Finga, Angelou",1429
"Free Finga, CHERI",2636
"Free Finga, Flying Saucer Gang",1151
"Free Finga, Keanu Blunt",5543
"Free Finga, Sanda, CHERI",3016
"Free Finga, V.V",1111
"Free Nationals, Mac Miller, Kali Uchis",303729
"Freedom Fighters, Dekel",3149
"Freedom Fighters, Modus",10656
"Frej Larsson, JOY",94207
"Frej Larsson, ODZ, Robin Yaas, Fatmax Gsus",40398
"Frej Larsson, ODZ, Young Earth Sauce",2768491
"Frej Larsson, ODZ, Young Earth Sauce, Sista Boss1en",43266
"Frej Larsson, Robin Yaas",23837
"Frej Larsson, Young Earth Sauce, ODZ",11153752
"French Montana, Drake",169328
"French Montana, J Balvin",23895
"French Montana, Juicy J",1140147
"French Montana, Rvssian",73554667
"French Montana, Swae Lee",461272374
"French Montana, The Weeknd, Max B",1105699
"Frenetik&Orang3, Coez",560107
"Frenna, André Hazes Jr.",3011240
"Frenna, BLØF",12627069
"Frenna, Boef",1235084
"Frenna, Boef, DJ Madam Julie, Kaeh",19802065
"Frenna, Bryan Mg",982963
"Frenna, Chivv",18272734
"Frenna, Chivv, Bollebof, Idaly",4066914
"Frenna, D-Block Europe",3538131
"Frenna, Delany",492461
"Frenna, Diquenza",4537280
"Frenna, Diquenza, Emms",1140771
"Frenna, Diquenza, Latifah",57886
"Frenna, Diquenza, R2Bees",803978
"Frenna, Emms, Jonna Fraser",3509911
"Frenna, Henkie T",1008643
"Frenna, Jandro",2543790
"Frenna, Jayh",2783948
"Frenna, Jonna Fraser",1672684
"Frenna, Jonna Fraser, Emms, Idaly",23707239
"Frenna, Josylvio",3387672
"Frenna, KM, Eves",653683
"Frenna, Lil Kleine",77994195
"Frenna, MELL, Bryan Mg",715742
"Frenna, Mula B",21572542
"Frenna, Philly Moré",28065752
"Frenna, Priceless",13711950
"Frenna, Priceless, Jandro",2703052
"Frenna, Ronnie Flex, Snelle",8123554
"Frenna, SXTEEN",2372623
"Frenna, Vegedream",224615
"Frenna, Young Ellens",2821412
"Frenna, Yxng Bane, Sevn Alias",2829781
"Freschta Akbarzada, Sido",3725391
"Fresh N Dope, Tymek, Trill Pem, Wac Toja, Szymi Szyms, Stamir, Szopeen, PlanBe, Harm Franklin, Siles",50203
"Fresku, Janne Schra",193386
"Fricky, Academics",11869110
"Fricky, Academics, Ozzy, Leslie Tay, Blizzy",17887
"Fricky, Cherrie",599403
"Fricky, Jireel",695449
"Frida Ånnevik, Hver gang vi møtes",10621
"Frijo, Paulo Londra",3880859
"Frijo, Polimá Westcoast",405434
"Frijo, Rodridi, Paulo Londra",1518968
"Frijo, Santoz, Duki",1653249
"Friðrik Dór, BRÍET",960598
"Friðrik Dór, Jón Jónsson",1377781
"Friðrik Dór, Sverrir Bergmann, Albatross",297175
"Frsh, Blow",21676
"Frsh, Bollebof",27272
"Frsh, Brasco, Mugeez",55887
"Frsh, Cello",318591
"Frsh, ChildsPlay, Spens",828970
"Frsh, Eves Laurent",23607
"Frsh, Geechi",27529
"Frsh, Geechi, De Fellas",167791
"Frsh, Henkie T",94170
"Frsh, SBMG",142656
"Frsh, Spens",23910
"Frsh, Spens, ChildsPlay",204491
"Frsh, Spens, p.APE",58654
"Fruko Y Sus Tesos, Joe Arroyo",38514
"Fruko Y Sus Tesos, Wilson ""Saoko"" Manyoma",42764
"Fuego, Duki",7711365
"Fuego, J Balvin",29179
"Fuego, Lito Kirino, Bryant Myers, Liro 100, Yulian",23058
"Fuego, Nicky Jam",9466322
"Fuego, Nicky Jam, De La Ghetto, Amenazzy, C. Tangana",112366
"Fujifabric, 山田孝之",25423
"Full Trunk, Sivan Talmor",1086520
"Fulo El Yeyo, Yemil, Tobe Love",173554
"Fungz, Blacky, Abidaz",37041
"Fungz, Simeon",559908
"Furytto, OG Version, Proflame",11332
"Future, Chris Brown",98797
"Future, Doe Boy",4356440
"Future, Drake, Young Thug",3168530
"Future, Juice WRLD",279765328
"Future, Yung Bans",660661
"Fy, Light, MC Bin Laden, Mad Clip, Mente Fuerte",620880
"Fymme Bongkot, Ruj Supharuj, LOWFAT",223671
"FÄIS, Afrojack",372058
"Fátima Pinto, Mike Joseph",4877
"Føx & the Hound, Derek Chilvers",11008
"G Herbo, Juice WRLD, Lil Uzi Vert, Chance the Rapper",76482827
"G Herbo, Southside",1110702
"G Spittah, Big Flock",3437
"G-Eazy, A$AP Rocky, Cardi B",112604034
"G-Eazy, Anthony Russo",67485
"G-Eazy, Bebe Rexha",18799337
"G-Eazy, Blueface",2294079
"G-Eazy, Carnage, THIRTY RACK",7942
"G-Eazy, Charlie Puth",11202
"G-Eazy, Jack Harlow",5518493
"G-Eazy, Moneybagg Yo",1725
"G-Eazy, Tyga",255081
"G-Eazy, phem",221498
"G. V. Prakash, Harish Sivaramakrishnan",159931
"G. V. Prakash, Suriya",30761
"G.E.M., AIR",36757
"G.E.M., Eric Chou",326338
"G22, Kimberley Chen",22884
"G22, 高爾宣 OSN",72097
"G5SH, Julia Wu",53605
"GABIFUEGO, Astrid S",119889
"GARD WUZGUT, Gard, Offgrid, Wuzgut",7171
"GARD WUZGUT, Wuzgut, Gard",330052
"GASHI, French Montana, DJ Snake",15065449
"GASHI, G-Eazy",995649
"GATTÜSO, xoxomyah",1287
"GDRN, Auður",26812
"GDRN, Floni, Ra:tio",1312055
"GDRN, Ra:tio",6259
"GDRN, Ra:tio, Matthias Eyfjord",1086
"GDRN, Ra:tio, Reynir Snær Magnússon",1118
"GENERATIONS from EXILE TRIBE, BALLISTIK BOYZ from EXILE TRIBE",38915
"GENERATIONS from EXILE TRIBE, FANTASTICS from EXILE TRIBE",9461
"GENERATIONS from EXILE TRIBE, THE RAMPAGE from EXILE TRIBE",191359
"GENT, Ardian Bujupi",225922
"GENT, JAZN",1544093
"GENT, Kollegah",1732000
"GENT, Noizy",1594172
"GHOSTT, Breno Miranda",157760
"GIDDE, 1.Cuz, Asme",1057844
"GIMS, DJ Assad",31191
"GIMS, Dadju, Alonzo",1126716
"GIMS, H Magnum",308457
"GIMS, Maluma",40508746
"GIMS, Sting",20299139
"GIMS, Super Sako",7572717
"GIMS, Vianney",32339612
"GKR, Birnir",119357
"GKR, Lord Pusswhip, dady",3255
"GKR, Mælginn",2115
"GKR, dady",3499
"GKR, palmi.",1049
"GLK, Heuss L'enfoiré",5448740
"GLK, Koba LaD, RK",4620673
"GLK, Landy, DA Uzi, Hornet La Frappe",27659805
"GLK, Ninho",15110959
"GLK, RK",286047
"GLOWINTHEDARK, Lijpe",205252
"GLOWINTHEDARK, SFB, Philly Moré",71666
"GNG, Murda, UZI",100027
"GNG, Murda, UZI, Aksan",50595
"GNG, Murda, UZI, Misha",551799
"GNG, Murda, UZI, Stap",15423
"GNG, UZI",766780
"GODSQUAD, DJ.Silence",29859
"GODSQUAD, Daree, Display, Riskykidd, Moose, Kareem Kalokoh",16119
"GOLEC UORKIESTRA, Gromee, Bedoes",5672679
"GROGNation, Sam The Kid",259048
"GT, NICECNX",71731
"Gaab, MC Hariel",29632871
"Gabriel Diniz, Jorge & Mateus",63423
"Gabriel Diniz, Maiara & Maraisa",3345037
"Gabriel Diniz, Wesley Safadão",43811283
"Gabriel Máni, GK3, Martyn Kinnear",1582
"Gabriella Martinelli, Lula",356229
"Gabrielle Aplin, Hannah Grace",3548
"Gabrielle Aplin, JP Cooper",84642
"Gabry Ponte, Jerome",1475639
"Gabry Ponte, LUM!X, Prezioso",3429
"Gagan Kokri, Bohemia",66691
"Gaitanes, Omar Alfano, Erika Ender, Emilio Regueira, Osvaldo Ayala, Nando Boom, Ingrid De Icaza, Alejandro Duncan, Kafú Bantom, All Stars Panama, Rubén Blades, Samy y Sandra Sandoval, Idana, Sr Loop",55593
"Galantis, Hook N Sling",25948525
"Galantis, Ship Wrek",43187
"Galantis, Yellow Claw",23393
"Galena, Fiki",216505
"Galena, Mile Kitic",172720
"Galin, Azis",16953
"Galin, Diona",29568
"Galin, Lidia",8536
"Gallagher, Traffik",41222
"Gallagher, Traffik, Sick Luke, Youngotti",47169
"Gallagher, Traffik, Youngotti",464624
"Gallagher, Youngotti",74342
"Gallant, Tablo, Eric Nam",7272
"Gallo Nero, RAF Camora",3047696
"Gam Wichayanee, Twopee Southside",745537
"Gang Starr, J. Cole",675211
"Garrett Crosby, Christopher Wong",2877
"Garry Sandhu, Jasmine Sandlas",2077995
"Garry Sandhu, Jasmine Sandlas, Tanishk Bagchi",3088766
"Garry Sandhu, Neha Kakkar, Mellowd",12753939
"Garry Sandhu, Neha Kakkar, Mellowd, Tanishk Bagchi",775986
"Gary Valenciano, Toni Gonzaga",179085
"Gary Washington, GReeeN",64435
"Gasellit, Anna Puu",2694375
"Gasellit, Elias Gould",4062156
"Gasellit, JVG",5730016
"Gasellit, Karri Koira",877050
"Gasellit, Kasmir",109959
"Gasellit, Paperi T",302355
"Gasellit, Yeboyah",154974
"Gaten Matarazzo, Gabriella Pizzolo",454291
"Gavin D, 1MILL",492537
"Gavin D, D Gerrard",804471
"Gavin D, F.HERO",537170
"Gavin D, FIIXD, Jaokhun, Diamond, Rachyo",176732
"Gavin D, FIIXD, YOUNGOHM",4060
"Gavin D, NINO, OG-ANIC",241382
"Gavin D, OG-ANIC",439945
"Gavin D, PUI, VARINZ, Nonny9, Z TRIP, MITEENNN",5817876
"Gavin D, PumPui",192127
"Gavin D, YOUNGOHM",358014
"Gazapizm, Cem Adrian",8402353
"Gazapizm, Deniz Sungur",570743
"Gazapizm, Gaye Su Akyol",1756625
"Gazapizm, The Cash Flow",5094254
"GeG, Hiplin, WILYWNKA, kojikoji",1404723
"Gedz, Chris Carson, 808Bros",279142
"Gedz, Deemz, 808Bros",1997160
"Gedz, Joda",15971
"Gedz, Siles",14978
"Gedz, Sokos, 808Bros",1236365
"Gee Dixon, Denz",183872
"Gee Dixon, Hagop Wanisian",21710
"Gee Dixon, Moms, Naod, Kaliffa, Dani M, Linda Pira",105745
"Gee Dixon, Mwuana, Karim Alger",28129
"Geechi, 3robi",235679
"Geechi, Chivv, Brasco, Frsh",22049
"Geechi, De Fellas",54165
"Geechi, Eves Laurent, Spens",27756
"Geechi, Frsh",88258
"Geechi, Henkie T",35933
"Geechi, Young Ellens",32372
"Geek, Zookeepers",1244
"Geirmundur Valtýsson, Eyjólfur Kristjánsson",2126
"Geisha Cartel, Aron Can",6626
"Geisha Cartel, Birnir",62969
"Geisha Cartel, Krabba Mane",1508
"Geko, NSG",12563066
"Geko, Not3s",127863
"Gemeliers, Joey Montana, Sharlene",25174
"Gemello, Franco126",47499
"Gemello, Sine, Gemitaiz",395297
"Gemini Major, Nasty C, AKA, Emtee, Tellaman, The Big Hash",2996
"Gemini Major, Nasty C, Tellaman",3175
"Gemitaiz, MadMan",123159956
"Gemitaiz, Mixer T",8688088
"Genetikk, Kollegah",206028
"Genetikk, Tiavo",54494
"Genie High, AiNA THE END",13015
"Gente De Zona, Becky G",2551747
"Gente De Zona, Mau y Ricky",877137
"Gente De Zona, Silvestre Dangond",26717
"Gentle Bones, Charlie Lim",49562
"Gentle Bones, MYRNE",15862
"Gentleman, Sean Paul",1274517
"Geolier, Dat Boi Dee",208234
"Geolier, Luche",9424879
"George Dalaras, Lavrentis Machairitsas",1908
"George Ezra, First Aid Kit",1494
"George Henrique & Rodrigo, Jorge & Mateus",224377
"George Henrique & Rodrigo, Zé Neto & Cristiano",14739710
"George Lam, David Ling Jr",1992
"George Lam, David Lui, Sally Yeh, Alex To, Andy Lau, 張衛健, David Ling Jr",2587
"George Michael, Aretha Franklin",223847
"Georgio, ISHA",43518
"Gepe, Princesa Alba",33222
"Gera MX, Dharius",207367
"Gers Pardoel, Jayh",331924
"Gers Pardoel, Mennoboomin",28518
"Gert Verhulst, Jan Smit, James Cooke",110767
"Gery-Nikol, 100 Kila",1017
"Gery-Nikol, Бандата на ръба",7503
"Gesaffelstein, The Weeknd",132988615
"Gestört aber GeiL, Adel Tawil",361912
"Gestört aber GeiL, Fabian Wegerer",66549
"Gestört aber GeiL, Kool Savas, Nessi",74393
"Gestört aber GeiL, LEA",13672220
"Getsunova, YOUNGOHM",965078
"Getter Jaani, KOIT TOOME",1359
"Getter Jaani, KOIT TOOME, Karl Madis",1268
"Gettomasa, Joosu J",537981
"Gettomasa, Joosu J, Will-Jam",88207
"Gettomasa, Lauri Haav",1255636
"Gettomasa, Paperi T, Lauri Haav",3092493
"Gettomasa, Ruuben",182528
"Ghali, Sick Luke",10759817
"Ghetto Kids, Guaynaa, Mad Fuentes",65889700
"Ghetto Kids, Mad Fuentes",8256348
"Ghetto Kids, Mad Fuentes, Guaynaa",2482531
"Ghetto Phénomène, RAF Camora",6464157
"Ghetts, Donae'o",50281
"Ghosted, JHart",3071
"Ghosted, KAMILLE",3885
"Giaime, Andry The Hitmaker",40057242
"Giaime, Andry The Hitmaker, Lazza",24555184
"Giaime, Andry The Hitmaker, Vegas Jones",343827
"Giaime, Pyrex, Andry The Hitmaker",2222639
"Giajjenno, Metzker Viktória",1944
"Gian Magdangal, OJ Mariano, Jon Santos, Reb Atadero, Topper Fabregas, Boo Gabunada, Tanya Manalang, Sheila Francisco, Martina Paz, Menchu Lauchengco-Yulo, Ensemble",751280
"Gian Marco, Grupo 5, Tony Succar",1063186
"Gian Varela, Ecko, Feid",10339
"Gian Varela, Sech, Dalex",604462
"Gian u Gian, Ahmed Shamali, Ahmad Shamali",2541
"Gianluca Vacchi, Luis Fonsi, Yandel",71038
"Gianluca Vacchi, Sebastian Yatra",1242365
"Gianluca, Orodembow",59922
"Gianluca, Pablo Chill-E",88771
"Gianluca, Princesa Alba",76148
"Gianni Bismark, 2nd Roof",32629
"Gianni Bismark, Chris Nolan",595249
"Gianni Bismark, G Ferrari",471210
"Gianni Bismark, Sick Luke",405889
"Giao Linh, Tuan Vu",3420
"Giggs, Donae'o",3120908
"Giggs, French Montana",82112
"Giggs, GASHI",102225
"Giggs, Ghetts",64159
"Giggs, Jadakiss",78708
"Giggs, Labrinth",116851
"Giggs, Lil Yachty",69343
"Gigi D'Alessio, Guè Pequeno",218032
"Gigis, Carmon",122640
"Gigis, Fouli",142614
"Gigis, Gilli",525297
"Gigis, ZK",197656
"Gigolo Y La Exce, Amenazzy",86527
"Gigolo Y La Exce, Arcangel",1355
"Gigolo Y La Exce, Arcangel, De La Ghetto",1195964
"Gigolo Y La Exce, Mark B.",20001
"Gigolo Y La Exce, Myke Towers, Arcangel, El Alfa, Farruko",9372457
"Gil Vain, Benaia Barabi",1117001
"Gil Vain, Ron Buhnik",2445395
"Gil Vain, אורן כדורי",1591
"Gil Vain, רון בוחניק",1110271
"Gilli, Branco",3136954
"Gin Lee, BCW",28306
"Gino Caporale, Angela Devine",7688
"Giorgia, Marco Mengoni",2380784
"Giorgio Poi, Calcutta ",94587
"Giorgos Mazonakis, SNIK",142342
"Girafot, Balkan Beat Box",1689
"Girafot, Damsel Is Depressed",5523
"Giusy & Elettra, Giusy Ferreri, Elettra Lamborghini",227184
"Glades, Ali B, Lijpe",1310593
"Glades, Ismo",29026
"Glades, Ismo, 3robi",888189
"Glades, Lijpe",888024
"Glades, Lijpe, Boef",2359540
"Glades, Lijpe, Soufiane Eddyani",233002
"Glades, Mula B",28894
"Glades, Mula B, Ali B, Lijpe",354028
"Gladys ""La bomba tucumana""",26953
"Glasperlenspiel, Summer Cem",2069370
"Gleb, Hatori Hanza",177123
"Gleb, Luna 99, Fobia Kid, Big Horse, Kaput",183504
"Gleb, Samey",197000
"Glenn Fredly, Audy",248153
"Glenn Fredly, Monitha, IS",30669
"Glenn Fredly, The Bakucakar",334195
"Gli Autogol, DJ Matrix",63508
"Gloria Groove, IZA",9140999
"Gloria Groove, Leo Santana",389888
"Gloria Trevi, Charly Black",161471
"Gloria Trevi, KAROL G",346530
"GoToGuy, CLMD",228854
"GoldFish, Cat Dealers",14643
"Golden Features, The Presets",34908
"Goldy Boy, Ozuna",119810
"Goldy Desi Crew, Desi Crew",102232
"Good Band, 瑪啡因",9368
"Good Gas, A$AP Ferg, FKi 1st, 2 Chainz",440563
"GoodJobLarry, TIPPA",9523
"GoodLuck, DJ Ganyani",1654
"GoodLuck, Kav Verhouzer",1865
"Gordon, 楊大正",9806
"Gorgon City, DRAMA",9850
"Gorgon City, JP Cooper, Yungen",88194
"Gorgon City, KAMILLE, Ghosted",4934
"Gorgon City, MK",52366
"Gorgon City, MNEK",42493
"Gotay ""El Autentiko"", Ele A El Dominio",2407997
"Gotye, Kimbra",2689929
"Gowtham Bharadwaj, Justin Prabhakaran",373515
"Gowtham Bharadwaj, Yamini Ghantasala, Justin Prabhakaran",25568
"Gracenote, Chito Miranda",62507
"Gracias, Reino Nordin",25359
"Gracie Fields, The Troops",70537
"Gradur, Dadju",233558
"Gradur, Dardan",581600
"Gradur, GIMS, Alonzo",299170
"Gradur, Heuss L'enfoiré",93621924
"Gradur, Koba LaD",568074
"Gradur, MHD, Alonzo, Nyda",2177581
"Gradur, Naza",1507844
"Gradur, Ninho",2746159
"Gradur, Niska",2459407
"Grand Corps Malade, Camille Lellouche",1225124
"Grasu XXL, Guess Who",15677
"Grasu XXL, Guess Who, Feli",3399
"Great Good Fine Ok, Before You Exit",9216
"Greeicy, Anitta",4989579
"Greeicy, Juanes",5725706
"Greeicy, Mike Bahía",41449671
"Greeicy, Mike Bahía, Víctor Manuelle",248205
"Greeicy, Nacho",58544907
"Greekazo, 1.Cuz, Yei Gonzalez, DnoteOnDaBeat",637114
"Greekazo, DnoteOnDaBeat",22541521
"Greekazo, DnoteOnDaBeat, Yei Gonzalez",14797241
"Greekazo, Dree Low",11270727
"Greekazo, K27, DnoteOnDaBeat",85705
"Greekazo, Yei Gonzalez",1104867
"Grey, Bahari",7223040
"Grey, LÉON",44367
"Grey, Psycho Rhyme",1383016
"Grimes, i_o",269650
"Gringo, 6ix9ine",14771255
"Gringo, AK AUSSERKONTROLLE",2699321
"Gringo, Bausa",973471
"Gringo, Bonez MC",4397811
"Gringo, Brudi030, HK",455969
"Gringo, Capital Bra",2292066
"Gringo, Capital Bra, Kalazh44",3114662
"Gringo, Ezhel, Yung Kafa & Kücük Efendi",1826715
"Gringo, HK",2497625
"Gringo, HK, ESO.ES",132593
"Gringo, Maxwell, Moe Phoenix, Laruzo",4605660
"Gringo, Nimo",3233857
"Gringo, Puls",1677507
"Gringo, RAF Camora",6138504
"Gringo, Sa4, Brudi030",1945023
"Gringo, Trettmann",953583
"Gringo, Veysel",2259029
"Gringo, Yener Çevik",676657
"Grogi, Ceg, Tankurt Manas",887355
"Grogi, Khontkar",12493893
"Gromee, Jesper Jenset",98417
"Gromee, Sound'n'Grace",16336
"Groove Delight, Gustavo Koch",9291
"Grover Washington, Jr.",7467
"Grupo Firme, Banda Coloso",25598672
"Grupo Firme, Luis Alfonso Partida El Yaki",23444669
"Grupo Kvrass, Silvestre Dangond",10095
"Grupo Menos É Mais, Di Propósito, Vou Zuar",3631898
"Gruppa Skryptonite, 104, T-Fest",1085
"Gryffin, Bipolar Sunshine",399675
"Gryffin, ILLENIUM",3292498
"Gryffin, Katie Pearlman",1645979
"Gryffin, SLANDER",29302
"Gryffin, Seven Lions",392545
"Grzegorz Turnau, Magda Umer",82865
"Gtk, KT Long Flowing",818334
"Gtk, Matt-Tc",202864
"Gtk, Pinpin",67127
"Guasones, Carlos Tarque",284581
"Guaynaa, Cauty",39113406
"Guaynaa, Nicky Jam, Farruko, Becky G, Sech",114247496
"Guaynaa, Yandel",10457
"Gubbi, M.C. Vickey, Justin Prabhakaran",367704
"Gucci Mane, Bruno Mars, Kodak Black",581816066
"Gucci Mane, Nicki Minaj",1316344
"Guido Dos Santos, Anuel AA, Bad Bunny",3741
"Guido Dos Santos, Bad Bunny, Anuel AA",3696
"Guilherme & Benuto, Israel & Rodolffo",13276835
"Guillermo Buitrago, Los Trovadores de Baru",131503
"Gulddreng, Skinz",479988
"Gunnar Ólason, Einar Ágúst",84100
"Gunslingers, Thomas Hellekås",29796
"Gunārs Kalniņš, GG Choir, Normunds Rutulis, Zigfrīds Muktupāvels, Ivo Fomins, Linda Leen, Ūdrītis, Gints Sola, Ingus Ulmanis, IGO, u.c.",4075
"Guru Randhawa, Arjun",4836977
"Guru Randhawa, Arjun, Rajat Nagpal, Intense",106045
"Guru Randhawa, Benny Dayal, Sachin-Jigar",3243862
"Guru Randhawa, Bunty Bains, Davvy Singh",424726
"Guru Randhawa, Dhvani Bhanushali",750913
"Guru Randhawa, Jay Sean, Vee",1873106
"Guru Randhawa, Neeti Mohan",1573965
"Guru Randhawa, Neha Kakkar",9275806
"Guru Randhawa, Neha Kakkar, Tanishk Bagchi, Panjabi MC",18505
"Guru Randhawa, Nikhita Gandhi, Sachin-Jigar",2338378
"Guru Randhawa, Pitbull, DJ BLACKOUT, Dj Money Willz",3028646
"Guru Randhawa, Tulsi Kumar",9300661
"Guru Randhawa, Tulsi Kumar, Sachin-Jigar, Vee",3164625
"Guru Randhawa, Vee",82089
"Gusi, Carlos Vives",32437
"Gusi, Greeicy, Mike Bahía",2307793
"Gusi, Koffee el Kafetero",6183
"Gustavo ""El Loco"" Quintero, Los Teen Agers",37345
"Gustavo Mioto, Anitta",73478703
"Gustavo Mioto, Jorge e Mateus",77892786
"Gustavo Mioto, Maiara e Maraísa",3818838
"Gustavo Mioto, Wesley Safadão",8139118
"Gustavo Mota, Tiago Rosa, Zeckø",1345
"Gusttavo Lima, Hungria Hip Hop",4527936
"Guus Meeuwis, Sunnery James & Ryan Marciano",39168
"Guy & Yahel, Idan Raichel",21521
"Guy Sebastian, Alan Walker",12717
"Guzior, Adamo, DJ Flip",41978
"Guzior, Reto",3539619
"Guzior, Szpaku",5487545
"Guè Pequeno, El Micha",1474504
"Guè Pequeno, Enzo Avitabile",299195
"Guè Pequeno, Luche",14077501
"Guè Pequeno, Marracash",18275043
"Guè Pequeno, Sfera Ebbasta",5287661
"Guè Pequeno, Tony Effe, Il Profeta",952702
"Guðmundur Þórarinsson, Gummi Tóta",24455
"Gwen Stefani, Akon",273387
"Gwen Stefani, Mon Laferte",81419
"Gyeon, Cd Guntee",74406
"Gyllene Tider, Linnea Henriksson",484926
"Gypso Ariigantha, พุฒ พุฒิชัย",6824
"Gzuz, Bonez MC",18765873
"Gzuz, Bonez MC, Gallo Nero",2143002
"Gzuz, Bonez MC, Maxwell, Ufo361",13895756
"Gzuz, Bonez MC, Sa4, RAF Camora",385634
"Gzuz, LX",5208031
"Gzuz, LX, Bonez MC, Maxwell",4142558
"Gzuz, RAF Camora",1633268
"Gzuz, Sa4",1165438
"Gzuz, Trettmann",4195733
"Gèrard, Anaju",35962
"Gèrard, Anne Lukin",41567
"Gèrard, Hugo Cobo",35623
"Gülşen, Murat Boz",5369
"H.E.R., YG",4813384
"HA SUNG WOON, PARK JI HOON",6951
"HANA, Vincent Wong",497371
"HAOR, Jam Hsiao",208948
"HAOR, Vivian Hsu",26810
"HAVAL, Manny Flaco",1379191
"HAYES, Mugisho",355094
"HAYES, Nico & Vinz",1120149
"HAYES, Wiktoria",417986
"HAYES, dePresno",230924
"HEDEGAARD, Hayley Warner",1500271
"HEDEGAARD, Matt Hawk",9769
"HEDEGAARD, Stolar, Ylva",10612
"HEIZE, GIRIBOY",348063
"HEIZE, Han Suji",500051
"HK, Nimo",764284
"HM Kongens Gardes Musikkorps, Musikkaptein Ivar Andresen",19689
"HMZ, Heuss L'enfoiré, Sofiane",327575
"HONNE, Anna of the North",135404
"HONNE, BEKA",3471517
"HONNE, Georgia",5979870
"HONNE, Izzy Bizu",73011
"HONNE, Nana Rogues",58758
"HONNE, Tom Misch",1237009
"HOSH, 1979, Jalja",5203451
"HRVY, Malu Trevejo",71464
"HUGEL, Taio Cruz",64382
"Ha*Ash, Prince Royce",10955066
"Habz, Cleo, Ayla, Frej Larsson, JOY",19583
"Hacken Lee, Joey Yung",4207
"Hadag Nahash, Izhak Klepter",43358
"Hael Husaini, Dayang Nurfaizah",3318871
"Hafiz Suip, Adira Suhaimi",2809758
"Haftbefehl, Farhot",2675884
"Haftbefehl, Shindy",2083232
"Haftbefehl, Shirin David",7846145
"Haikaiss, Neo Beats, Jonas Bento",5000696
"Hailee Steinfeld, BloodPop®",136440393
"Hailee Steinfeld, Grey, Zedd",177909784
"Haki, Bleache",5800
"Haki, Daniil",8797
"Haki, Egill Stolz, Númi",4980
"Haki, Króli",7524
"Halldór Gunnar, Sverrir Bergmann",133682
"Halloran & Kate, Kaitie Forbes",105872
"Halloran & Kate, May Raya",10230
"Halloran & Kate, Simon Samaeng",167629
"Halott Pénz, Agebeat & Kovary",644485
"Halott Pénz, Kőváry Zoli",346736
"Halsey, Alanis Morissette",300286
"Halsey, Dominic Fike",349514
"Halsey, Lauren Jauregui",2353982
"Halsey, SUGA, BTS",6941187
"Hamo Bika, Abu Lila, Shabah El Koun",35654
"Hamo Bika, Ali Kadora, Nour el Tot",1004
"Hamo Bika, Hassan Shakosh, Ali Qadoura, Nour El Tot",1040
"Hana Hegerova, Karel Gott, Waldemar Matuška",11075
"Hana Zagorová, Orchestr Václava Hybše",17930
"Hanin Dhiya, Aldy Maldini",191863
"Hanna Ferm, LIAMOO",9412188
"Hanne Mjøen, Jimi Somewhere",14721
"Hansie, Bizzey, JoeyAK",1259006
"Hansie, Cháyenne",5552110
"Hansie, Hef, D-Double",30944
"Hansie, Jayh",265669
"Hansie, Lauwtje, Jhorrmountain",196765
"Hansie, Young Ellens",624755
"Hanybal, Nimo",687246
"Hanzy, Cuervo",2861
"Happoradio, Aki Tykki",154729
"Hard GZ, Lupita's Friends, Delaossa",75875
"Hardwell, Austin Mahone",74325
"Hardwell, Bizzey, Lil Kleine, Chivv",18251669
"Hardwell, Blasterjaxx, Mitch Crown",3805
"Hardwell, Harrison",3057
"Hardwell, Jay Sean",206911
"Hardwell, KSHMR",349664
"Hardwell, Maddix",3048
"Hardwell, Mike Williams",33158
"Hardy Caprio, DigDat",27159597
"Hardy Caprio, One Acen",44190937
"Hardy Caprio, SL",1205518
"Harijs Spanovskis, Raimonds Pauls",4649
"Harith Zazman, MFMF., LOCA B",180063
"Harmonia Do Samba, LUDMILLA",1335298
"Harris & Ford, FiNCH",2008202
"Harris & Ford, POWERKRYNER",74665
"Harry Brown, Nicole Marie",19403
"Harry Connick, Jr.",517338
"Harry Nach, Young Kieff",3597654
"Harun Kolçak, Gökhan Türkmen",769504
"Harun Kolçak, İrem Derici",348916
"Hasan, Calin",298888
"Hasan, Kamil Hoffmann",122420
"Hasan, Karlo",120544
"Hasan, Nik Tendo",2300250
"Hasan, Viktor Sheen, Yzomandias",324427
"Hassan El Shafei, Ahmed Saad, Kanaka",40967
"Hassan Shakosh, Hamo Bika",286716
"Hassan Shakosh, Omar Kamal",1703133
"Hasti B, 1.Cuz",353064
"Hatari, Bashar Murad",1396
"Hatik, Jok'air",5503263
"Hatik, Sam's",1846487
"Hatik, Sofiane",1427732
"Hatikva 6, Infected Mushroom",57073
"Hawk, Long3",4317
"Hawk, Sapranov",3620860
"Hawk, Smuggler, Above The Hood",719075
"Hayce Lemsi, Haristone",153241
"Hayce Lemsi, Jok'air",70125
"Hayce Lemsi, Volts Face",266730
"Hayce Lemsi, Volts Face, Hooss",146011
"Hayden James, Boy Matthews",26355051
"Hayden James, GRAACE",7387804
"Hayden James, NAATIONS",63573
"Hayden James, Nat Dunn",3719032
"Hayden James, Running Touch",5581331
"Hayki, Eypio",479296
"Hayki, GOKO!",157814
"Haze, Cashmo",8133
"Haze, Myke Towers",42287654
"Headie One, Fred again..",2974722
"Headie One, Not3s",65489
"Hef, Alannah",262223
"Hef, Chivv",208428
"Hef, Crooks",483486
"Hef, Crooks, Kevin",336651
"Hef, D-Double",526299
"Hef, Jayh, Murda",573651
"Hef, Josylvio",96716
"Hef, Josylvio, Kevin",32821
"Hef, Kevin",3907918
"Hef, Kevin, Jayboogz",386991
"Hef, Lil Kleine",479904
"Hef, Sevn Alias",197170
"Hef, Sevn Alias, D-Double, SBMG",94559
"Hef, Sticks",270087
"Heijan, Muti",7384431
"Heikki Kuula, Antti Hyyrynen",8646
"Heikki Kuula, Huora",25281
"Heikki Kuula, Lika-Aki",274623
"Heikki Kuula, Mariska",21822
"Heikki Kuula, Otto Grundström",40750
"Heikki Kuula, TIPPA",14657
"Heja, Şam",5855003
"Helena Legend, Sophie Hintze",2754
"Helena Paparizou, Sakis Rouvas",2641
"Helgi B, JBH",2507
"Hellberg, Leona Lewis",3288
"Helly Luv, Ardian Bujupi",1396128
"Helmgrn Langar Langar, Ahmed Shamali, Ahmad Shamali",2525
"Henk Poort, Emma Heesters",401361
"Henkie T, Dezz",33913
"Henkie T, Dopebwoy",1661058
"Henkie T, Elliven, SillySJK",2929429
"Henkie T, JoeyAK",12425905
"Henkie T, Jonna Fraser",34829156
"Henkie T, KM",1583875
"Henkie T, Lijpe",2303261
"Henkie T, Qlas & Blacka",2158473
"Henkie T, Sevn Alias",614234
"Hennedub, Gilli, Lukas Graham",8684419
"Hennedub, KESI, Skinz",2365019
"Henri PFR, Romeo Blanco",45100
"Henri PFR, Susan H",326888
"Henriguez, Annukka",14859
"Henrik Wergeland, Norsk Noteservice Wind Orchestra",14014
"Henrique & Diego, DENNIS",2139439
"Henrique & Diego, MC Guime",4154580
"Henrique & Juliano, Marília Mendonça",4319956
"Henrix Borg, Mathea Lødemel",23199
"Henry Caery, N. Fogtman, Gardemusikken",20450
"Henry Jackman, Matthew Margeson",2126
"Herbert Grönemeyer, BRKN",54004
"Herencia de Timbiqui, Rubén Blades",5520
"Herman Flesvig, Giovanni Smegliano",23358
"Hermann Gunnarsson, Dengsi, Laddi",29908
"Herra Hnetusmjör, Friðrik Dór",406761
"Herra Hnetusmjör, Huginn",3448157
"Herra Hnetusmjör, Ingi Bauer",2523561
"Herra Hnetusmjör, Joe Frazier",99553
"Het Sinterklaas Meezingboek, Maan",37776
"Heuse, Chris Linton",6298
"Heuss L'enfoiré, Jul",42294023
"Heuss L'enfoiré, Koba LaD",5033800
"Heuss L'enfoiré, Sofiane",48774464
"Heuss L'enfoiré, Soolking",5487250
"Heuss L'enfoiré, Vald",7143257
"Hey Santana, Shakatah Astoa",19219
"Hidra, FerzanBeats",150449
"Hidra, Saki",26000
"Hidra, Şehinşah, FerzanBeats",2971962
"Hien Ho, Đạt G",20014
"Highsnob, JUNIOR CALLY",2359976
"Highsnob, JUNIOR CALLY, Andry The Hitmaker",1120635
"Highsnob, JUNIOR CALLY, Enzo Dong",1585790
"Highsnob, MamboLosco, Andry The Hitmaker",6671631
"Hikaru Utada, Nariaki Obukuro",88324
"Hikaru Utada, Sheena Ringo",58394
"Hikaru Utada, Skrillex",1114644
"Hikaru Utada, Suboi, EK, XZT",519246
"Hilltop Hoods, Adrian Eagle",3656068
"Hilltop Hoods, Ecca Vandal, Nyassa",44007
"Hilltop Hoods, Illy, Ecca Vandal",22546655
"Hilltop Hoods, Montaigne, Tom Thum",14972668
"Hilltop Hoods, Ruel",40909
"Hilltop Hoods, Timberwolf",42993
"Himesh Reshammiya, Neha Kakkar, Tanishk Bagchi",135881
"Himesh Reshammiya, Ranu Mondal",27833
"Himesh Reshammiya, Tanishk Bagchi",447502
"Hindia, Matter Mos",244698
"Hindia, Natasha Udu, Kamga",41373
"Hindia, Petra Sihombing",2879213
"Hindia, Rara Sekar",13119633
"Hindia, Sal Priadi",209830
"Hins Cheung, Joey Yung",18955
"Hiphop Tamizha, Anirudh Ravichander",553748
"Hiphop Tamizha, Kaka Balachandar, Gana Ulagam Dharani, Arivu",137130
"Hiphop Tamizha, Kaushik Krish",484452
"Hiro, Ninho",5012718
"Hirotoshi Furuya, antihoney",14116
"HitXpress, Anett, Mick Moon, Manna",2346
"Hitesh Modak, Armaan Malik",560801
"Hivi!, Andi Rianto",9649568
"Hjalmer, Medina",1214558
"HjalteIDD, Jesu Brødre",8531
"Hkeem, Alicya",922024
"Hkeem, Jonas Benyoub",12404
"Hkeem, Temur",5828977
"Hkeem, Unge Ferrari",1857771
"Hogland, KIDDO",4310482
"Hogland, Philip Strand",136956
"Hook N Sling, Parson James, Betty Who",321304
"Hooligan Hefs, Hooligan Skinny",2851533
"Hooligan Hefs, Hooligan Skinny, Hooks, Masi Rooc",2055408
"Hooss, Rim'K",57508
"Hornet La Frappe, Hooss",757819
"Hornet La Frappe, Sofiane",704972
"Hornet La Frappe, Vald",2461782
"Horváth Tamás, RAUL, Misshmusic",5596
"Hot Shade, Christian Walz",250073
"Hot Shade, Mika Zibanejad",2669556
"Hot Shade, Mike Perry, Chris James",64754
"Hot Shade, Mike Perry, Karlyn",12458730
"Hot Shade, Mike Perry, Mika Zibanejad",110231
"Hot Shade, Nomi",63650
"Houdini, J Neat",42000
"Hov1, Jireel",12379624
"Hov1, Veronica Maggio",21929362
"Howard Blake, Declan Galbraith",11945
"Hozier, Mavis Staples",8696
"Hr. Troels, Manos",361876
"Hrafn3rlings, Stoney",1453
"Hreimur, Lundakórinn",11042
"Hu Xia, Yisa Yu",48045
"Hu Xia, 李偲菘",18145
"Hugh Grant, Haley Bennett",39686
"Hugh Jackman, Keala Settle, Daniel Everidge, Zendaya, The Greatest Showman Ensemble",28534205
"Hugh Jackman, Keala Settle, Zac Efron, Zendaya, The Greatest Showman Ensemble",89094946
"Hugh Jackman, The Greatest Showman Ensemble",28311257
"Hugh Jackman, Zac Efron",43688905
"Hugh Martin, Mel Tormé",615242
"Hugh Skinner, Lily James",3944375
"Huginn, Friðrik Dór",106970
"Hugo & Guilherme, Henrique & Juliano",14223573
"Hugo Cobo, Eva B",81568
"Hugo Kafumbi, Jimmy Dickson, Viktor Sheen, Mooza, Lvcas Dope",2912
"Hugo Toxxx, Blako, Pridenyyy, Voodoo",4883
"Hugo Toxxx, Dokkeytino",8692
"Hugo Toxxx, Dollar Prync",5064
"Hugo Toxxx, Patrik Love ICY L",8871
"Hugo Toxxx, Smack",9022
"Hugo Toxxx, Z Money",4923
"Hulda Björk Garðarsdóttir, Iceland Symphony Orchestra",2162
"Humberto & Ronaldo, Jerry Smith",75793544
"Humberto & Ronaldo, Matheus & Kauan",24542519
"Huncho Jack, Travis Scott, Quavo",3857852
"Hundred Sins, Azahriah",9453
"Hungria Hip Hop, Alok",235181
"Hungria Hip Hop, Mojjo",5156099
"Huzz, Strychniness",228487
"Huỳnh Tú, Andiez",194236
"Hver gang vi møtes, Christel Alsos",9413
"Hver gang vi møtes, Katastrofe",480637
"Hver gang vi møtes, Sol Heilo",256253
"Hver gang vi møtes, Tone Damli",54325
"Hyolyn, GRAY",3792
"Hypnosis Mic -D.R.B.- (Fling Posse), ヒプノシスマイク -D.R.B- (夢野幻太郎)",43632
"Hypnosis Mic -D.R.B.- (Fling Posse), ヒプノシスマイク -D.R.B- (有栖川帝統)",40029
"Hypnosis Mic -D.R.B.- (Fling Posse), ヒプノシスマイク -D.R.B- (飴村乱数)",40523
"Hypnosis Mic -D.R.B.- (MAD TRIGGER CREW), Hypnosis Mic -D.R.B.- (Matenrou)",33360
"Hypnosis Mic -D.R.B.- (MAD TRIGGER CREW), ヒプノシスマイク -D.R.B- (入間銃兎)",15922
"Hypnosis Mic -D.R.B.- (MAD TRIGGER CREW), ヒプノシスマイク -D.R.B- (毒島メイソン理鶯)",14918
"Hypnosis Mic -D.R.B.- (MAD TRIGGER CREW), ヒプノシスマイク -D.R.B- (碧棺左馬刻)",35160
"Hypnosis Mic -D.R.B.- (Matenrou), ヒプノシスマイク -D.R.B- (伊弉冉一二三)",188746
"Hypnosis Mic -D.R.B.- (Matenrou), ヒプノシスマイク -D.R.B- (神宮寺寂雷)",17908
"Hypnosis Mic -D.R.B.- (Matenrou), ヒプノシスマイク -D.R.B- (観音坂独歩)",87183
"Héctor ""El Father"", Wisin & Yandel",147114
"Héctor Acosta ""El Torito""",97293
"Héctor Lavoe, Willie Colón, Yomo Toro",156001
"Héctor Lavoe, Yomo Toro, Daniel Santos",1777
"Hös Copperfield, Ninho",5149763
"I am Aisha, F1rstman, Shanee",32306
"I am Aisha, Jayh",18742
"I.M.T. Smile, Kali",33889
"I.M.T. Smile, Nikol Stibrova",33200
"I.M.T. Smile, Ondrej Kandráč",33461
"IAmChino, El Chacal",96773956
"ICON, Lenny Tavárez, Darell",372257
"ICON, Pedro Capó, Reykon",1060924
"ILLENIUM, Annika Wells",82945
"ILLENIUM, Excision",339838
"ILLSIGHT, Mauton",73509
"INAP, Tjuven",386140
"IRONBOY, Ploychompoo",242335
"IRONBOY, สิงห์น้อย, Posneg",374764
"ISK, YL",203912
"IV Of Spades, Shanti Dope",22949
"IZA, Ciara, Major Lazer",2631929
"IZA, Marcelo Falcão",19449575
"Iacho, KHEA, Seven Kayne, Omar Varela",2320462
"Ian Erix, David Guetta",76722
"Ian, Amtilb, Simiz",1360005
"Ian, Amuly",1546760
"Ian, Azteca",4873538
"Ian, Azteca, Bengales",557859
"Ian, Azteca, Nane",659616
"Ian, RazvanFengshui",2140
"Ibbe, Jireel, Lamix",24233
"Iben Hjejle, Rasmus Bjerg",13505
"Ibrah Kelfala, Quavo Montana",3075
"Ice Paris, Pearwah",7854187
"Ice Paris, Toey Jarinporn",282359
"Ice Sarunyu, Silly B",3106
"Icebeatzz, Bobbo, Stakex",4047
"Ida Paul & Kalle Lindroth, Ida Paul, Kalle Lindroth",16635407
"Idaly, 3robi",24226
"Idaly, Emms",6319930
"Idaly, Famke Louise",1334972
"Idaly, Frenna",202408
"Idaly, Jack",208172
"Idaly, Jandro",480995
"Idaly, Josylvio",10857178
"Idaly, Kevin, Hef",3501033
"Idaly, Mula B, Bizzey",1328029
"Idaly, Ronnie Flex, Famke Louise, Bizzey",26080580
"Idaly, SFB, Ronnie Flex",11128057
"Idaly, Sevn Alias",708935
"Idaly, Sevn Alias, Adje",29339
"Idaly, Sevn Alias, Chivv",71118
"Idaly, Sevn Alias, Hef",91063
"Idaly, Shennumbanine",272724
"Idan Raichel, Berry Sakharof",486312
"Idan Raichel, Bombino",1633
"Idan Raichel, Nasrin Kadri",26763
"Idan Raichel, TripL",125576
"Ideaali & Jay Who?, Henna Narva",376871
"Ideaali & Jay Who?, Katri Ylander",278600
"Idina Menzel, AURORA",116264622
"Idina Menzel, Evan Rachel Wood",17277042
"Ido Shoam, E-Z",247901
"Idris Elba, Cypress Hill",1279
"Ieva Narkutė, Svaras",5678
"Iggy Azalea, Anitta",2073833
"Iggy Azalea, Pabllo Vittar",100271
"Igor Galdino, MC Koringa",137066
"Ihab Amir, 7-toun",116409
"Ikaz Boi, Damso",3519355
"Ikaz Boi, Hamza",92128
"Ikke Hüftgold, VFL Eschhofen, Kreisligalegende",34591
"Il Pagante, Emis Killa",95781
"Il Pagante, Gemelli Diversi",44035
"Il Pagante, MadMan",589661
"Il Pagante, M¥SS KETA",46639
"Il Pagante, Samuel Heron",38775
"Il Pagante, Shade",49376
"Ilaiyaraaja, Sid Sriram",21355
"Ilegales, Pavel De Jesús, Sócrates de Jesús",77255
"IliassOpDeBeat, Bartofso, Ashafar",252628
"Ilkay Sencan, Dynoro",825489
"Ilkay Sencan, Mert Hakan",329433
"Illslick, DM",7819
"Illslick, DM, SantaZ",66666
"Ily, Furelise, Xanas",1115
"Imanbek, Martin Jensen",2941871
"Imants Kalniņš, Ainars Mielavs",7869
"Imants Kalniņš, Autobuss debesis",5791
"Imants Kalniņš, Renārs Kaupers",9690
"Imen Es, Alonzo",10541409
"Imen Es, Dadju",494019
"Imen Es, Franglish",47028
"Imen Es, Jul",586918
"Imenella, Petter",106973
"In Wintertime, Mia Stegmar",3795
"Ina Wroldsen, Alok",143143
"Ina Wroldsen, Broiler",180424
"Inder Chahal, Rajat Nagpal",18040
"India.Arie, Joe Sample, Tori Kelly",20088
"Indigo, KOJO, Fadex",24996
"Indigo, NobodyListen",4203
"Infected Mushroom, Freedom Fighters, Mr. Bill",2299
"Ingebjørg Bratland, Ina Svenningdal",3626022
"Ingi Bauer, Ezekiel Carl, Chase Anthony",377386
"Ingi Bauer, Luigi",128416
"Ingi Bauer, Séra Bjössi",613509
"Ingrid Michaelson, Grace VanderWaal",1960169
"Ingrid Michaelson, Sara Bareilles",1919
"Ingó Veðurguð, SælirBois",1139
"Innertier, Katastrofe",38591
"Instrumenti, Intars Busulis",6252
"Instrumenti, Prāta Vētra",214013
"Instrumenti, ansis",7902
"Intars Busulis, Abonementa Orķestris",1253
"Intars Busulis, Abonementa Orķestris, GG Choir",7088
"Intense, Simiran Kaur Dhadli",575594
"Internet Money, Lil Tecca, A Boogie Wit da Hoodie",55337775
"Interpreti dello spettacolo ""Bella Ciao""",1139536
"Intoxicados, Andrés Calamaro",20249
"Intriguant, Charlie Lim",4067
"Ioana Ignat, Edward Sanda",1266
"Ion, Sayanbull, Taxi B, Sapobully",91880
"Ir Sais, Rauw Alejandro",22066008
"Iratus, Tom Dzik",1593
"Irie Maffia, Marsalkó Dávid",658910
"Irina Rimes, Amuly",10381
"Irina Rimes, BRUJA",6362
"Irina Rimes, Carla's Dreams",2241
"Irina Rimes, Nane",12616
"Irina Rimes, The Motans",34538
"Irmak Arıcı, Mustafa Ceceli",6317486
"Isaac, Phan Ngan",2068
"Isah, Dutty Dior",20020152
"Isah, Magdi",700563
"Isah, Philip Emilio",202891
"Ishay Levi, Shir Levi",26871
"Ishay Ribo, Amir Benayoun, Amir Dadon",1780199
"Ishay Ribo, Amir",1439
"Ishay Ribo, מוטי שטיינמץ",60731
"Ismail Izzani, ALYPH",2217865
"Ismo, Ali B, Vic9, Kempi",186191
"Ismo, Biwai, YONII, Riffi, Mr. Crazy, DJ Nassi",429497
"Ismo, Henkie T",210936
"Ismo, Latifah",468980
"Ismo, Lijpe",1994318
"Ismo, Lijpe, Riffi, Fatah",893622
"Ismo, LouiVos, Hef",233881
"Ismo, Madina",5457543
"Ismo, Riffi",58886
"Ismo, Riffi, Glades",1672073
"Ismo, Soufiane Eddyani",46824
"Isobei Isobe, Yasutaka Nakata",3149
"Ison & Fille, ISON, Fille Danza",1235043
"Ison & Fille, L1NA",24975
"Israel B, LOWLIGHT",9712055
"Israel Novaes, Wesley Safadão",4386069
"Istanbul Trip, Maestro, Şam, No.1, Heja, Ashoo, Xir",90867
"Istanbul Trip, Muşta, Şehinşah, SvA",15275333
"Istanbul Trip, No.1, Maestro, Şam, Xir, Ashoo, Heja",21047
"Istanbul Trip, No.1, Xir, Şam, Ashoo, Maestro",225595
"Istanbul Trip, No.1, Şam, Heja",20560
"Istanbul Trip, Xir, No.1, Maestro, Ashoo",21408
"Istanbul Trip, Şam, Ashoo",18700
"Istanbul Trip, Şam, Maestro, Heja, Xir",606672
"Isyana Sarasvati, Afgan, Rendy Pandugo",14425932
"Italian Somali, Dubosky",1513527
"Italian Somali, El Combo de Oro",741674
"Italian Somali, Japanese",44675
"Itay Levi, Ben Zaken",77417
"Itay Levi, Eden Ben Zaken",22581
"Itay Levi, Stephane Legar",49292
"Itzo Hazarta, Beloslava",161625
"Itzo Hazarta, Bobo",89550
"Itzo Hazarta, Butilko, YAYA",95807
"Itzo Hazarta, Homelesz",395097
"Itzo Hazarta, Qvkata DLG",181728
"Ivan Granatino, Bl4ir",318469
"Ivete Sangalo, Leo Santana",1171403
"Ivete Sangalo, Mc Livinho",655773
"Ivete Sangalo, Melim",4902720
"Ivete Sangalo, Wesley Safadão",699307
"Ivri Lider, Tomer Maizner",191452
"Izleifur, 24/7",18925
"Izleifur, Birgir Hákon",31455
"Işın Karaca, Sefa Cheshmberah",116721
"J Alvarez, El Alfa",43656
"J Alvarez, Yoi Carrera, Jonna Torres, Jory Boy, Dalmata, Ñejo",2870
"J Alvarez, Zion & Lennox",307984
"J Balvin, Bad Bunny",1581407592
"J Balvin, Bad Bunny, Marciano Cantero",78521761
"J Balvin, Bad Bunny, Mr Eazi",15919615
"J Balvin, Carla Morrison",442121
"J Balvin, Daddy Yankee",121833
"J Balvin, G-Eazy, Sfera Ebbasta, Anitta, MC Fioti, Duki, Jeon",7392617
"J Balvin, Jeon, Anitta",88124628
"J Balvin, Jowell & Randy",88201873
"J Balvin, Jowell & Randy, Nicky Jam, Wisin, Yandel, Ozuna",5275653
"J Balvin, Michael Brun",47531
"J Balvin, Mr Eazi",8205937
"J Balvin, Pharrell Williams, BIA, Sky",108754710
"J Balvin, ROSALÍA",20658598
"J Balvin, Sky Rompiendo",15837881
"J Balvin, Willy William",368064978
"J Balvin, Wisin, Yandel",20621233
"J Balvin, Zion & Lennox",554416305
"J Calix, Capi",8809
"J Calix, Jesus Aguilar",19704
"J Calix, Juan Oliva",7021
"J Molley, Emtee",1778
"J Quiles, kenser, Poeta Callejero",21002
"J-AX, Fedez",68034591
"J-Dawg, Lille Saus",15368601
"J. Cole, Young Thug",341750684
"J.Sheon, Eve Ai, Morrison 馬仕釗",40816
"J.Sheon, TroutFresh",18848
"J.Sheon, Waa Wei",142856
"JACKBOYS, Pop Smoke, Travis Scott",22395686
"JACKBOYS, Sheck Wes",34610354
"JACKBOYS, Travis Scott",278938400
"JAY-Z, Alicia Keys",82079
"JAY-Z, Kanye West",7059408
"JAY-Z, Kanye West, Frank Ocean, The-Dream",74568
"JAY-Z, Kanye West, Mr Hudson",1266
"JAY-Z, Kanye West, Otis Redding",11037
"JAY-Z, Linkin Park",1983697
"JAYLERR, Ice Paris",4252458
"JAZN, Azzi Memo",1635493
"JAZN, Veysel",735137
"JB Scofield, JAY1",2162245
"JCY, Busy Signal",15230
"JENCARLOS, Charly Black",384084
"JENCARLOS, Don Omar",1585542
"JENCARLOS, Ky-Mani Marley",365066
"JETSET'ER, Pijika",1333
"JFlow, Dira Sugandi",46921
"JGKiD (Da LAB), Emcee L (Da LAB), KraziNoyze, Vu Bui Thu Thuy",1281
"JIGGO, Monet192",12098252
"JINU, MINO",34081
"JJ Lin, Charlene Choi",215986
"JJ Lin, G.E.M.",6390527
"JLC, Robin Bengtsson",1604015
"JP Cooper, Astrid S",13440111
"JP Cooper, Mali-Koa",3323
"JP THE WAVY, Nasty C",12063
"JP THE WAVY, OZworld a.k.a. R'kuma",23138
"JP THE WAVY, RIRI",203355
"JP THE WAVY, Sik-K",246464
"JRY, RuthAnne",38572
"JSnake, Nelis Joustra, Ray Bryan",39681
"JUDE, Alex Lam",2254
"JUNG, Clara Mae",7459289
"JURI, Kollegah",1365963
"JURI, Sun Diego",67066
"JURI, Sun Diego, Scenzah",3360036
"JUUN D, RTee",194148
"JVG, Elias Gould, MGI",742095
"JVG, Freeman",6940
"JW, Janice",73264
"JWolfy, Marcocky",89555
"Ja Rule, Ashanti",175710
"Jabbar, Serenay Sarıkaya",10880
"Jacin Trill, $hirak",2854387
"Jacin Trill, 808milli",125085
"Jacin Trill, 808milli, Esko",31180
"Jacin Trill, Bokoesam",2433390
"Jacin Trill, Henkie T",1833660
"Jacin Trill, Leafs",2469038
"Jacin Trill, Suigeneris, 808milli",403265
"Jacin Trill, Trobi",402124
"Jack Wins, Caitlyn Scarlett",3381
"Jack Ü, Skrillex, Diplo",480327
"Jack, 3robi",1589528
"Jack, Ashafar",271121
"Jack, DODO",38534
"Jack, Dopebwoy",303539
"Jacky Cheung, Anita Mui",194575
"Jacky Cheung, 高慧君",2760
"Jacob Forever, Farruko",3099053
"Jaden, A$AP Rocky",804735
"Jaden, Christian Rich",1842129
"Jaden, Kid Cudi",1381
"Jaden, Lido",7105
"Jaden, SYRE",2975
"Jaden, Trinidad James",2701
"Jaden, Tyler, The Creator",3404
"Jaden, WILLOW",8373
"Jador, Lino Golden",530021
"Jads & Jadson, Gusttavo Lima",4755526
"Jagraj Sandhu, Dr. Shree",812728
"Jahyanai, Bamby",4943339
"Jaill, LX",996821
"Jairzinho, BKO, Johnny Sellah",507569
"Jairzinho, BKO, Young Ellens, D-Rashid",1614072
"Jairzinho, Chip Charlez",32596
"Jairzinho, Snelle",10349528
"Jairzinho, Vic9",932612
"Jake La Furia, Alessio La Profunda Melodia",25555437
"Jakub Děkan, Pokáč",21176
"Jala Brat, Buba Corelli",54026
"Jala Brat, Buba Corelli, Coby",123649
"Jala Brat, Buba Corelli, RAF Camora",338545
"Jala Brat, Buba Corelli, Rasta",47041
"Jala Brat, Buba Corelli, Senidah",272388
"Jalen McMillan, Dj Plae",30314
"Jalil River, Airinna Namara",14258
"Jalil, Fler, Olexesh",520359
"Jalil, Fler, Remoe",928450
"Jalil, Fler, Summer Cem",444451
"Jalil, Samra",2066303
"Jam Hsiao, JJ Lin",281195
"Jam Hsiao, Yoga Lin",1243254
"Jamal Abdillah, Saleem",36723
"James Arthur, Ty Dolla $ign",93058
"James Bay, Julia Michaels",863376
"James Blake, André 3000",67099
"James Blake, Moses Sumney, Metro Boomin",175761
"James Blake, ROSALÍA",690096
"James Blake, Travis Scott, Metro Boomin",9412991
"James Earl Jones, Alfre Woodard, Childish Gambino",1505
"James Hersey, Jeremy Loops",1502
"James Hype, Kelli-Leigh",8374928
"James Morrison, Nelly Furtado",184183
"James Reid, Nadine Lustre",1466907
"James Reid, Sam Concepcion, King WAW",460816
"James Watss, Zefanio",28906
"James Worthy, Sonna",94547
"Jameson Rodgers, Luke Combs",450132
"Jamie Cullum, Michel Legrand",76667
"Jamie Kamara, NODE",64591
"Jamil, Emis Killa",49484
"Jamil, J-AX",59701
"Jamil, Laïoung",96708
"Jamil, Lbenj",49323
"Jamil, Nayt",2338645
"Jamil, Vacca",92847
"Jamiroquai, Beverley Knight",15958
"Jamule, Cro",19059192
"Jamule, Eno",106620
"Jamule, Luciano",5422421
"Jamule, Macloud",88458
"Jamule, PA Sports",1078980
"Jamule, reezy",153240
"Jan Bloukaas, Early B, Biggy",1828
"Jan Smit, André Rieu, John De Bever, Jack Van Gelder",27962
"Jan-Rapowanie, Kuba Karaś",30068
"Jan-Rapowanie, Nocny",12230858
"Jan-Rapowanie, Nocny, DJ Kebs",290120
"Jan-Rapowanie, Nocny, Holak",5229012
"Jan-Rapowanie, Nocny, Kacperczyk",78500
"Jan-Rapowanie, Nocny, Otsochodzi",787402
"Jan-Rapowanie, Nocny, Solar",632766
"Jan-Rapowanie, Nocny, Szpaku, Guzior",14496755
"Jan-Rapowanie, Nocny, Vito Bambino",2198209
"Jandro, Bryan Mg",907190
"Jandro, Frenna",745344
"Jandro, Ronnie Flex, Idaly",35504
"Jane Zhang, Ronghao Li",8091
"Janice Vidal, Jason Chan",141553
"Janice Vidal, Jill Vidal",2284
"Janice, Ji Nilsson",29118
"Janieck, BUNT.",876474
"Janna, Kasmir",230828
"Janna, Nikke Ankara",500771
"Janna, Pyhimys",970814
"Janna, Tuure Kilpeläinen",1144479
"Japiaguar, Mama Santa",1463882
"Jarabe De Palo, Antonio Vega",41289
"Jared Moreno, Shayce Opal",1560
"Jarkko Ahola, Pasi Rantanen",104493
"Jaromír Vomáčka, Settler´s Club, Jaromír Vomáčka se svým orchestrem",1973
"Jasbir Jassi, Badshah, Dhvani Bhanushali",3755026
"Jasbir Jassi, Badshah, Dhvani Bhanushali, Tanishk Bagchi, Jassi, Shyam Bhateja",2825738
"Jasleen Royal, Prateek Kuhad",1152173
"Jasmin Moallem, Shekel",226770
"Jasmine Sandlas, Garry Sandhu",10603002
"Jasmine Sandlas, Garry Sandhu, Tanishk Bagchi, Intense",7089278
"Jason Derulo, David Guetta",185393030
"Jason Derulo, LAY, NCT 127",98784
"Jason Derulo, Maluma",186482
"Jason Derulo, Nuka",3403
"Jason Mraz, Colbie Caillat",26978603
"Jason Thurell, KRYGA",4479
"Jason Thurell, Nazzereene",6355
"Jason Weaver, Rowan Atkinson, Laura Williams",34334
"Jass Manak, Jagpal Sandhu",875673
"Jassie Gill, Karan Aujla",1112253
"Jassie Gill, Neha Kakkar, Sukh-E Muzical Doctorz",440860
"Jassie Gill, Shehnaz Gill",40774
"Jassie Gill, Snappy",148660
"Jassie Gill, Sunny Vik",318609
"Javed Ali, Devi Sri Prasad",308757
"Javed-Mohsin, Arijit Singh, Shreya Ghoshal",9895167
"Javier Ramirez, Sofia Castro",5952
"Jawad Ahmad, Shaarib Toshi, Arijit Singh, Shreya Ghoshal",8024094
"Jawsh 685, Jason Derulo",104876065
"Jax Jones, Ina Wroldsen",144531751
"Jax Jones, Madison Beer",95383924
"Jax Jones, Martin Solveig, Madison Beer, Europa",26723131
"Jax Jones, Mike Dunn, MNEK",1342186
"Jax Jones, RAYE",214264210
"Jax Jones, Years & Years",19538815
"Jaxstyle, Jesu Bankerz",9701
"Jay 305, Dom Kennedy",4185
"Jay Burna, Zoe Cinema, Scoopz",21029
"Jay Chou, A-Mei Chang",12655263
"Jay Chou, Gary Yang",19343545
"Jay Chou, Lara Liang",2990717
"Jay Chou, 阿信",20913422
"Jay Handal, Nassir Chahin, Ferra Music",1693
"Jay Menez, Eladio Carrion",5536
"Jay Rose, Classixs",1602
"Jay Rose, Skinnyfromthe9, Thovo",1569
"Jay Rose, Syndrome",1657
"Jay Saad, Newlex",2391
"Jay Sean, Gucci Mane, Asian Doll",187203
"Jay Sean, Lil Wayne",51846
"Jay Trak, Karan Aujla",155444
"Jay Wheeler, DJ Nelson",626237
"Jay Wheeler, DJ Nelson, Alex Rose",105422
"Jay Wheeler, DJ Nelson, Brytiago",454477
"Jay Wheeler, DJ Nelson, Casper Magico",146356
"Jay Wheeler, DJ Nelson, Dalex",147449
"Jay Wheeler, DJ Nelson, Farruko",1423882
"Jay Wheeler, DJ Nelson, Feid",60318
"Jay Wheeler, DJ Nelson, Miky Woodz",169303
"Jay Wheeler, DJ Nelson, Myke Towers",14120918
"Jay Wheeler, DJ Nelson, Nio Garcia",82214
"JayMoreLife, Flashy, Jairzinho, Qlas & Blacka, Blacka, Mesy, Young Ellens, Jack",28406
"JayTSeven, Zues Ya Tu Sabes",2701
"Jayboogz, Jayh",68940
"Jayh, AmsterdamSoundSystem",297889
"Jayh, Eves Laurent",88254
"Jayh, Jandro, Zefanio",1103537
"Jayh, Pyramids",687083
"Jayh, SBMG, Broederliefde",534519
"Jayh, Sevn Alias, Murda, CHO",964328
"Jaykae, Aitch",457308
"Jayred, yuks",1467415
"JazziDisciples, Baritone Hlokza, Mpura",1907
"JazziDisciples, Mporoza",5008
"JazziDisciples, Vigro Deep, DJ Buckz",158362
"Jazzu, Jovani",1086
"Jazzy Bazz, Esso Luxueux, Alpha Wann",33013
"Jazzy Bazz, Lonely Band",30970
"Jazzy Bazz, Nekfeu",2334628
"Jazzy Bazz, Nekfeu, Bonnie Banane",68367
"Jazzy Bazz, Sabrina Bellaouel",29540
"Jd Pantoja, KHEA",1843234
"Jean Sibelius, Lahti Symphony Orchestra, Osmo Vänskä",47238
"Jean Sibelius, Polyteknikkojen Kuoro",13470
"Jean Sibelius, YL Male Voice Choir, Matti Hyokki",7745
"Jean-Philippe Rameau, Víkingur Ólafsson",2103
"Jeano, BeatBoyBenji",2960836
"Jebroer, Dr Phunk",356650
"Jebroer, Gers Pardoel",30435
"Jebroer, Outsiders",5246576
"Jebroer, Paul Elstak",4532225
"Jebroer, Paul Elstak, Dr Phunk",1681513
"Jebroer, Sjaak",28452
"Jebroer, Wesley Klein, Snelle",30376
"Jefferson Moraes, Maraisa",23657802
"Jeffrey Kung, 滿舒克",25420
"Jelassi, Einár",811226
"Jen Jis, Feder",489494
"Jenifer, Slimane",37188
"Jennifer Lopez, Bad Bunny",9986282
"Jennifer Lopez, DJ Khaled, Cardi B",2182804
"Jennifer Lopez, French Montana",13094
"Jennifer Lopez, Marc Anthony",193271
"Jennifer Lopez, Ozuna",8136052
"Jeremih, Chris Brown, Big Sean",7901
"Jeremih, Ty Dolla $ign",27199
"Jeremy Irvine, Lily James, Pierce Brosnan, Amanda Seyfried",1447198
"Jeremy Monteiro, Hugh Harrison, Anne Weerapass, Robert Fernando, Roslinda Baharudin, Jonathan Tan Teck Meng",50757
"Jeremy Zucker, Chelsea Cutler",11787250
"Jermaine Niffer, Bartofso, Mario Cash",198753
"Jermaine Niffer, Djaga Djaga, Kempi",363848
"Jermaine Niffer, Latifah",362404
"Jermaine Niffer, Tabitha",3852992
"Jerra, BKO",269981
"Jerry Di, Zion & Lennox, Lyanno, Noriel, Luis Alberto Ambrosio Cuque, Pablo C Fuentes, Wilmo Belisario",4494482
"Jerry Ropero, Reat Kay",1196
"Jerry Smith, MC Loma e As Gêmeas Lacração, Dj Kelvinho, DJ Cassula",10062191
"Jerry Smith, Mc Nando Dk",470403
"Jerry Smith, Mc Nando Dk, DJ Cassula",24403714
"Jerry Smith, Wesley Safadão",31334153
"Jerry Williams, The Boppers",41087
"Jess Glynne, Jax Jones",17105442
"Jesse & Joy, Gente De Zona",40617583
"Jesse & Joy, J Balvin",23459953
"Jesse & Joy, Juan Luis Guerra 4.40",14009
"Jesse & Joy, Luis Fonsi",23941023
"Jesse Baez, C. Tangana",343594
"Jesse Baez, Dillon Francis",3555
"Jessi Uribe, Espinoza Paz",647118
"Jessi Uribe, Jhonny Rivera",743656
"Jessica Shy, Rokas",6300
"Jessie J, Ariana Grande, Nicki Minaj",175320
"Jessie Reyez, Daniel Caesar",164950
"Jesu Brødre, ADHD",1355487
"Jesu Brødre, Anders Hemmingsen",872660
"Jesús Adrián Romero, Marcela Gandara",1404
"Jetlag Music, Ana Vilela",76944
"Jetlagz, PRO8L3M",1398685
"Jey Blessing, Rauw Alejandro, Los Fantastikos",10994671
"Jhay Cortez, Anuel AA, J Balvin",105929416
"Jhay Cortez, Bad Bunny",84099600
"Jhay Cortez, J Balvin, Bad Bunny",971569017
"Jhay Cortez, KAROL G, Haze",39324
"Jhay Cortez, Myke Towers",18632
"Jhay Cortez, Ozuna",32570941
"Jhay Cortez, Tainy",472655
"Jhay Cortez, Wisin & Yandel",18510465
"Jhay Cortez, Zion & Lennox",139014
"Jhené Aiko, Big Sean",3977351
"Jhené Aiko, Micahfonecheck",662575
"Jhené Aiko, Ty Dolla $ign",10513
"Jherek Bischoff, Sondre Lerche",92088
"Jhon el Diver, Yemil, Bca",13045
"Jhonny Rivera, Jessi Uribe",185142
"Ji Yeon, Soobin Hoàng Sơn",132756
"Jia Jia, EggPlantEgg",187210
"Jia Jia, ØZI",56027
"Jiggy Drama, Emicida, Moral Distraida",20985
"Jigzaw, 18 Karat",696266
"Jigzaw, Celo & Abdi",225691
"Jigzaw, JAZN",1152337
"Jigzaw, Kollegah",2775242
"Jigzaw, Nimo",3242178
"Jill Johnson, Tommy Körberg",527308
"Jim Brickman, Martina McBride",24255
"Jim Pandzko, Jan Böhmermann",193006
"Jimilian, Artigeardit, Gio",792098
"Jimilian, Blak",466577
"Jimilian, Fouli",3587988
"Jimilian, Skinz",6657835
"Jimmy Jørgensen, Annika Aakjær, Chapper",584745
"Jimmy P, Carolina Deslandes",138160
"Jimmy P, Deejay Telio",2431637
"Jimmy P, Diogo Piçarra",24349
"Jimmy P, Djodje, Nelson Freitas",4881
"Jimmy P, Fernando Daniel",26532
"Jimmy P, Wet Bed Gang",7319
"Jimmyjamez, Raw Deal Da Don",6286
"Jirafa Rey, La Pili",74588
"Jireel, Blacky",851156
"Jireel, Ibbe",1451821
"Jireel, K27",8248148
"Jireel, Lamix",538786
"Jireel, Victor Leksell, Reyn",4626447
"Jluch, DJ DELightfull",7144
"Jluch, Imera",5644
"Joakim Lundell, Arrhult",17248303
"Joakim Lundell, Arrhult, Hector",33053
"Joakim Lundell, Lazee, Miinou",1393751
"Joakim Lundell, Sophie Elise",441603
"Joakim Lundell, Tom Noah",24648
"Joakim Molitor, Maia Wright",20345
"Joan Garrido, Julia Medina",277702
"Joan Sebastian, Calibre 50",807597
"Jobe London, Mphow69, Kamo Manje",533667
"Jocelyn Chan, Ronald Cheng",9930
"Joe Arroyo, Diomedes Diaz",46522
"Joe Arroyo, Fruko & Sus Tesos",10689
"Joe Arroyo, La Verdad",852197
"Joe Flizzow, ALYPH",563317
"Joe Flizzow, Altimet, SonaOne, ALYPH",3132020
"Joe Flizzow, Altimet, SonaOne, Faizal Tahir",194188
"Joe Young, Massaka, Snoop Dogg",84609
"Joel Beukers, Sam Hoogland",209531
"Joey Boy, Guioui",4317
"Joey Bravo, Armoo",79090
"Joey Christ, Aron Can, Herra Hnetusmjör, Birnir",260843
"Joey Christ, Birnir",62032
"Joey Christ, Fevor, Aron Can, 1985!, Vala Crunk, Völli, Sturla Atlas, Alvia, Birnir, Logi Pedro",31556
"Joey Christ, Krabba Mane",19878
"Joey Christ, Sturla Atlas",20866
"Joey Moe, Cisilia",67343
"Joey Montana, Felipe Araújo",80873
"Joey Montana, Lalo Ebratt",160774
"Joey Montana, Sebastian Yatra",87898391
"Joey Yung, Dear Jane",48578
"JoeyAK, Djaga Djaga",6999410
"JoeyAK, Djaga Djaga, Killer Kamal",743425
"JoeyAK, Drechter",3338501
"JoeyAK, Lijpe",6905146
"JoeyAK, Trobi",1574654
"JoeyAK, Yung Felix",1098057
"Johann Sebastian Bach, Nikolaus Harnoncourt",387148
"Johannes Hanssen, Gardemusikken",29186
"John C, Neo Pistea, Bhavi, Trueno",16947872
"John De Bever, Marianne Weber",50990
"John De Sohn, LIAMOO",5805799
"John De Sohn, Rasmus Hagen",301846
"John Dee, Kayan",19646
"John Denver, The Muppets",383845
"John Gibbons, Franklin",131939
"John K, Sigala",13680
"John Legend, BloodPop®",2041750
"John Legend, Jhené Aiko",408554
"John Lennon, The Harlem Community Choir, The Plastic Ono Band, Yoko Ono",200895880
"John Travolta, Olivia Newton-John",727509
"John Williams, Boston Pops Orchestra",297233
"Johnny 500, Fmg, Stepherd",1165353
"Johnny 500, Hansie, Adje",133533
"Johnny 500, I am Aisha",27950
"Johnny 500, Jhorrmountain",451638
"Johnny 500, Jozo, Adje",609690
"Johnny Clegg & Juluka, Sipho Mchunu",1593
"Johnny Clegg & Savuka, Soweto Gospel Choir",2887
"Johnny Clegg, Jesse Clegg",2384
"Johnny Clegg, Juluka",6202
"Johnny Clegg, Savuka",19867
"Johnny Clegg, Soweto Gospel Choir",4953
"Johnny Clegg, Soweto Gospel Choir, Juluka",4949
"Johnny Sellah, Kevin",203666
"Johny Cola, Randers Cowboys",9461
"Joint One, Yung Juse",1121467
"Joker Bra, VIZE",60130338
"Joker Two-Face, Styl Mo, Tsaki",9223
"Joker Xue, 劉惜君",66473
"Joker, Kurşun, Defkhan",446384
"Jolin Tsai, 陳君豪",380175
"Jon Z, Baby Rasta, Boy Wonder CF",1238320
"Jon Z, Baby Rasta, Bryant Myers, Cosculluela, Boy Wonder CF",64390
"Jon Z, Darkiel, Boy Wonder CF",559927
"Jon Z, Enrique Iglesias",553491
"Jon Z, Noriel, Boy Wonder CF",80696
"Jon Z, Secreto ""El Famoso Biberon"", Quimico Ultra Mega, La Manta",26720
"Jon Z, Wisin, Chencho Corleone",101912
"Jonas Benyoub, Eddy & Zino",12209
"Jonas Blue, Dakota",21768344
"Jonas Blue, Era Istrefi",10886
"Jonas Blue, HRVY",183887
"Jonas Blue, JP Cooper",73127020
"Jonas Blue, Jack & Jack",795187791
"Jonas Blue, Jessie Reyez, Juan Magán",128317
"Jonas Blue, Joe Jonas",940266
"Jonas Blue, Liam Payne, Lennon Stella",61369615
"Jonas Blue, MAX",7517
"Jonas Blue, Moelogo",17871
"Jonas Blue, Nina Nesbitt",77948
"Jonas Blue, Paloma Faith",133086
"Jonas Blue, RAYE",89197749
"Jonas Blue, Tifa Chen",11165
"Jonas Blue, William Singe",161519996
"Jonas Esticado, Matheus & Kauan",2945137
"Jonel Tjay, Nasser black",13170
"Jonna Fraser, 3robi",203796
"Jonna Fraser, Big Tobz",100818
"Jonna Fraser, Bokoesam, KM",475117
"Jonna Fraser, Broederliefde",1285891
"Jonna Fraser, Broederliefde, Jayh",1002829
"Jonna Fraser, Darkoo, Diztortion",3419938
"Jonna Fraser, Diztortion",1008044
"Jonna Fraser, Dopebwoy",223747
"Jonna Fraser, Emms, Idaly",1731201
"Jonna Fraser, Eves Laurent",90983
"Jonna Fraser, Frenna",2477990
"Jonna Fraser, Frenna, $hirak",1275104
"Jonna Fraser, Frenna, Henkie T",5677765
"Jonna Fraser, Idaly",71327
"Jonna Fraser, Idaly, Yade Lauren",2217871
"Jonna Fraser, Jandro",291101
"Jonna Fraser, Jandro, Murda",155286
"Jonna Fraser, Jayh, Sevn Alias",996681
"Jonna Fraser, Jiggy Djé",90645
"Jonna Fraser, Kevin",177681
"Jonna Fraser, Latifah",365517
"Jonna Fraser, Lil Kleine",22393425
"Jonna Fraser, LouiVos",95993
"Jonna Fraser, Maan",247789
"Jonna Fraser, Ronnie Flex",1632176
"Jonna Fraser, SBMG",6273150
"Jonna Fraser, Sevn Alias, Frenna",1352394
"Jonna Fraser, YOUNGBAEKANSIE",1008303
"Jonna Fraser, Yade Lauren",1329849
"Jonna Fraser, Yung Felix",10854810
"Jonzmen, Alfa",27862
"Joost, Donnie, Tice",6875
"Joost, Mick Spek, Daan Koens",33712
"Joost, Stefano Keizers",222881
"Joost, Tice",100872
"Joost, bbno$",58018
"Jordan Miles, Lijpe, Adje",57490
"Jordymone9, Hef",230962
"Jorja Smith, Burna Boy",45586746
"Jorja Smith, Stormzy",4228468
"Jory Boy, Bad Bunny",8733031
"Joseph Vincent, Jules Aurora",61801
"Josh A, iamjakehill",71912
"Josh Dylan, Lily James, Hugh Skinner",5616819
"Joshi Mizu, Maxwell",1269967
"Josimar y Su Yambú, Son Tentacion",1075879
"Joss Favela, Becky G",55692
"Josylvio, 3robi",5743125
"Josylvio, 3robi, Killer Kamal",1985714
"Josylvio, Adje",199564
"Josylvio, Ali B",36040
"Josylvio, Alrima",4201341
"Josylvio, Appa, Momi",2172198
"Josylvio, Ashafar",3475524
"Josylvio, Ashafar, D-Double",337940
"Josylvio, Ashafar, Mario Cash",304732
"Josylvio, Ashafar, Moeman, KA",2171322
"Josylvio, Ashafar, Sam J'taime",94432
"Josylvio, Boef",144358
"Josylvio, Do",9102485
"Josylvio, Esko",15756724
"Josylvio, Frenna",6183940
"Josylvio, Hansie, Jermaine Niffer, Eves Laurent",48097
"Josylvio, Hef",1322840
"Josylvio, Hef, Kevin",132670
"Josylvio, Hef, Moeman",6462162
"Josylvio, Idaly",3364897
"Josylvio, Jayh",354186
"Josylvio, KA",32137
"Josylvio, Kevin",1044016
"Josylvio, Kevin, Sam J'taime",139772
"Josylvio, Kevin, Sevn Alias, D-Double, Kempi",237286
"Josylvio, Kevin, Vic9, Sevn Alias",220227
"Josylvio, Lia Bijster",33845
"Josylvio, Lijpe",2567942
"Josylvio, Moeman",16277769
"Josylvio, Moeman, Hef, Adje, JoeyAK, Ashafar, LaFunky",1515348
"Josylvio, Moeman, KA, Esko",117009
"Josylvio, Mula B, Yung Felix",15797370
"Josylvio, Sevn Alias",1454537
"Josylvio, Sevn Alias, Psycho, Jairzinho Rozenstruik",563092
"Josylvio, Sevn Alias, Sam J'taime",2368755
"Josylvio, Vic9, KA",130627
"Josylvio, Yade Lauren, Kevin",1096598
"Josylvio, Zefanio",645498
"José Madero, Cami",27806
"Jovani, Jazzu",33529
"Jovani, John Duff",11228
"Jovani, Justinas Jarutis",93746
"Jovani, Youth Appeal",23669
"Jovem Dex, Neves, Hash Produções",2190358
"Jowell & Randy, Ñejo & Dalmata",2872277
"Joyce Jonathan, Vianney",222159
"Joyner Lucas, Chris Brown",1824123
"Joyner Lucas, Logic",72609421
"Joyner Lucas, Will Smith",4099557
"Jozo, SBMG",454100
"João Bosco & Vinicius, Henrique & Juliano",5082233
"João Bosco & Vinicius, Matheus",17566594
"João Gabriel, Dilsinho",1084233
"João Gustavo e Murilo, Analaga",164412520
"João Neto & Frederico, Leo Santana",4940823
"João Neto & Frederico, MC Kevinho",15705099
"João Neto & Frederico, Simone & Simaria",14791494
"Jr Crown, Kath, Cyclone, Young Weezy",8592952
"Juan Caoile, Kyleswish",7393943
"Juan Gabriel, Juanes",107928
"Juan Gabriel, Natalia Lafourcade",61426
"Juan Luis Guerra 4.40, Romeo Santos",1530
"Juan Magán, Alvaro Soler, Marielle Hazlo",6123515
"Juan Magán, B-Case",36505962
"Juan Magán, Belinda",41678
"Juan Magán, Belinda, Manuel Turizo, Snova, B-Case",87500509
"Juan Magán, Boni & Kelly",2848121
"Juan Magán, CeeLo Green, André Truth",53885
"Juan Magán, Deorro, MAKJ, YFN Lucci",44141
"Juan Magán, Don Omar",47824
"Juan Magán, Luciana",3769655
"Juan Magán, Luciana, Victor Magan",37002
"Juan Magán, Mala Rodríguez",68097262
"Juan Magán, Mozart La Para, DCS",2038706
"Juan Magán, Pitbull, Rich The Kid, RJ Word",307794
"Juan Oliva, Javi Sabat, Max-A, Capi",23074
"Juancho Marqués, Cruz Cafuné, InnerCut",55486
"Juancho Marqués, Don Patricio, InnerCut",1163165
"Juancho Marqués, FERNANDOCOSTA, InnerCut",693346
"Juancho Marqués, Natos y Waor, InnerCut",303798
"Juancho Marqués, Recycled J, InnerCut",1594728
"Juanes, Alessia Cara",1591184
"Juanes, Christian Nodal",17893913
"Juanes, Crudo Means Raw",95844
"Juanes, Kali Uchis",539549
"Juanes, Lalo Ebratt",146193
"Juanes, Sebastian Yatra",50287412
"Juanpis Gonzalez, Mauro Tejeiro",168897
"Jubin Nautiyal, Neeti Mohan, Abhijit Vaghani",34055
"Jubin Nautiyal, Prakriti Kakar, Tanishk Bagchi, Anand-Milind",610514
"Jubin Nautiyal, Rochak Kohli",992531
"Jubin Nautiyal, Rocky - Shiv",1782182
"Jubin Nautiyal, Rocky-Jubin",195067
"Jubin Nautiyal, Shamir Tandon",57157
"Judika, Shila Amzah",1368897
"Jugglerz, Miami Yacine, Joshi Mizu, Nura, Bausa",72058
"Jugraj Sandhu, Neha Malik",98386
"Juha Tapio, Jukka Poika",191740
"Juhn, Amenazzy",1051
"Juhn, Brytiago, Myke Towers, Lenny Tavárez, Farruko",4063646
"Juhn, Goldy Boy",23315
"Juhn, Lenny Tavárez",255881
"Juhn, Miky Woodz, Bryant Myers, Lary Over",1752301
"Juhn, Ozuna",3915898
"Juice, Adel, Buddha Vybez",138501
"Juice, Buddha Vybez",76692
"Juice, Einár",3676716
"Juice, S.O.A.P., Christina, Remee",3571335
"Juicy P, Koba LaD",724491
"Juju, Hanna",434571
"Juju, Loredana, Miksu / Macloud",64904463
"Jukka Poika, Elastinen",1037105
"Jukka Poika, Janna",656228
"Jul, Alonzo",2053906
"Jul, Aymane Serhani",239623
"Jul, Bigflo & Oli",1245113
"Jul, Djena Della",676532
"Jul, Doria",1194017
"Jul, Fianso",1324374
"Jul, GIMS",819072
"Jul, Gambino, Zackmess, Metah, Oscar, Miklo, Moubarak, TK",461337
"Jul, Ghetto Phénomène, Kamikaz, Moubarak",599334
"Jul, Gips, Houari GP, Le k, Gambi, TK, Moubarak, Miklo, A-Deal, Kamikaz",796950
"Jul, Gips, Moubarak, TK",483700
"Jul, Gips, TK, Moubarak",64764
"Jul, Heuss L'enfoiré",2714757
"Jul, Jimmy Sax",6769104
"Jul, Kalash Criminel",226501
"Jul, La Famax",1022820
"Jul, Landy",726283
"Jul, Loredana",169648
"Jul, Marwa Loud",826165
"Jul, Morad",1218148
"Jul, Moubarak",1626982
"Jul, Mula B",1461556
"Jul, Nessbeal",1236452
"Jul, Ninho",26075285
"Jul, Nyanda",116560
"Jul, Shay",2242870
"Jul, Soolking",1529552
"Jul, Soprano",1026732
"Jul, TK",1779020
"Jul, Vald",2029351
"Jul, Vladimir Cauchemar",125153
"Julia Medina, Carlos Right",465410
"Julia Medina, Dave Zulueta",352667
"Julia Medina, Marta Sango",45408
"Julia Medina, Natalia Lacunza",220970
"Julia Peng, Christine Fan",3715
"Julia Wu, Bolly, Chillaxe, rgry",7868
"Julia Wu, Kimberley Chen",176175
"Julia Wu, 唐仲彣",106822
"Julia Wu, 婁峻碩",666149
"Julian Jordan, CHOCO",18007
"Julian Jordan, Sj",10495
"Julianno Sosa, Polimá Westcoast",50453
"Julie Bergan, Benjamin Ingrosso",5600273
"Julie Bergan, Seeb",4433642
"Julie Maria, Aslak Hartberg",1194816
"Julie, Martin Brygmann",3588139
"Julinho Ksd, Yuran, Trista",6422343
"Julio Melgar, Danilo Montero",6162
"Julio Melgar, Lowsan Melgar",155858
"Julma Henri, Jiiaa",81562
"Julma Henri, Ro$vosheriffi, Djangomayn",24859
"Jumabee, 9ice",7666
"Jumabee, Fiokee",7546
"Jumpa, Moe Phoenix, Capital T",5266
"Junge Junge, Jamie Hartman",21058
"Junge Junge, Kyle Pearce",631552
"Junge Junge, Redward Martin",24155
"Junge Junge, Valentine",67650
"Junior H, Natanael Cano",8945207
"Junior Lord, MC Kevinho",1689721
"Junkilla, TONYB.",4089
"Juno Mak, Kay Tse",3007212
"Juno Mak, Leon Lai",313291
"Juno Mak, 林嘉欣",240422
"Juno Mak, 韋羅莎",124926
"Jussi Hakulinen, Yö",28019
"JustaTee, Hoang Thuy Linh, Đen",761166
"Justin Bieber, Big Sean",21510
"Justin Bieber, Halsey",24807
"Justin Bieber, J Balvin",653038
"Justin Bieber, Kehlani",33489497
"Justin Bieber, Ludacris",47120
"Justin Bieber, Quavo",53140961
"Justin Bieber, Travis Scott",4236
"Justin Bieber, Usher",7121817
"Justin Hurwitz, Emma Stone",295260
"Justin Jesso, Seeb",1754718
"Justin Quiles, Bad Bunny, Almighty",35114
"Justin Quiles, DJ Africa, JENCARLOS",89319
"Justin Quiles, Daddy Yankee, El Alfa",58195543
"Justin Quiles, Dalex, Arcangel, Dímelo Flow, Sech, Alex Rose, Myke Towers",62653
"Justin Quiles, Los De La Nazza",33758
"Justin Quiles, Magnifico, Plan B",682780
"Justin Quiles, Natti Natasha, Farruko",276958474
"Justin Quiles, Nicky Jam, Wisin",6576234
"Justin Quiles, Sech",449867
"Justin Quiles, Sech, Dímelo Flow",300926
"Justin Quiles, Sech, Jowell & Randy",2382611
"Justin Quiles, Yandel, Gadiel",4055944
"Justin Quiles, kenser, Poeta Callejero",1551
"Justin Timberlake, Meek Mill",2167376
"Justin Timberlake, T.I.",103923
"Justinas Jarutis, Monique",24424
"Juzt Marquez, Fiend",8988
"Jyotica Tangri, Piyush Mehroliyaa, Meet Bros.",132262
"Jyotica Tangri, Vivek Kar",69141
"Jóhanna Guðrún, FM95BLÖ",68957
"JóiPé, Króli",8810701
"JóiPé, Króli, Alxndra",25864
"JóiPé, Króli, Auður",43329
"JóiPé, Króli, Auður, BRÍET",33457
"JóiPé, Króli, GDRN",25663
"JóiPé, Króli, GDRN, SZK",697108
"JóiPé, Króli, Helgi B, Helgi A",89929
"JóiPé, Króli, Hipsumhaps",79069
"JóiPé, Króli, Kef LAVÍK",20234
"JóiPé, Króli, Sdóri",33624
"JóiPé, Króli, Sdóri, Helgi A",97003
"JóiPé, Króli, Smjörvi",198752
"Jón Jónsson, Ragnar Bjarnason",2904
"Jānis Paukštello, Raimonds Pauls",3314
"K Koke, Malik Montana",208608
"K-391, Alan Walker, Ahrix",7629174
"K-391, Alan Walker, Julie Bergan",43754367
"K-391, Alan Walker, Tungevaag, Mangoo",25374148
"K-391, Wyclef Jean",1957628
"K-Clique, ALYPH",9812295
"K-Fly, McN",305267
"K.I.Z, Henning May",8710
"K.O, Nandi Madida",3877
"K/DA, Madison Beer, (G)I-DLE, Jaira Burns, League of Legends",32507371
"K27, Dree Low",86637
"K27, Einár",2333207
"KALIM, Jamule",2070071
"KALIM, Luciano",2904719
"KALIM, Nimo",20427711
"KALIM, Ufo361",8373017
"KAROL G, Anuel AA",340809055
"KAROL G, Bad Bunny",20367788
"KAROL G, Bad Bunny, Quavo",1314377
"KAROL G, Cosculluela",2352656
"KAROL G, Damian Marley",197789
"KAROL G, J Balvin, Nicky Jam",123281498
"KAROL G, Maluma",287774246
"KAROL G, Mariah Angeliq",56932
"KAROL G, Nicki Minaj",1230369934
"KAROL G, Ozuna",1094071
"KAROL G, Shaggy, El Capitaan, Sekuence",31628
"KAROL G, Simone & Simaria",19305
"KAROL G, Yandel",3388
"KASIMIR1441, Pashanim",2406849
"KAYTRANADA, Charlotte Day Wilson",1912
"KAYTRANADA, Estelle",1973
"KAYTRANADA, GoldLink, Ari PenSmith",1950
"KAYTRANADA, Iman Omari",2384
"KAYTRANADA, Kali Uchis",2633
"KAYTRANADA, Masego",2269
"KAYTRANADA, SiR",2319
"KAYTRANADA, Tinashe",1796
"KAYTRANADA, VanJess",3283
"KC Rebell, Elias",607357
"KC Rebell, Gringo",11703715
"KC Rebell, RAF Camora",25119205
"KC Rebell, RAF Camora, Kontra K",2610393
"KC Rebell, Summer Cem",43533690
"KC Rebell, Summer Cem, Capital Bra",71615334
"KC Rebell, Ufo361",1242275
"KC Rebell, Veysel",863111
"KEN THE 390, Hisatomi",29395
"KERENMI, Satoshi Fujihara",78932
"KESI, Gilli",11320589
"KESI, Hennedub",2884179
"KEVVO, Farruko, Chencho Corleone, Arcangel, Darell, Ñengo Flow, Brytiago, Myke Towers",54172985
"KEY, Crush",12982
"KEY, JEON SOYEON",6087
"KEY, SOYOU",23300
"KEZ, Sierra Kidd",64384
"KH, JOEYBOY",28251
"KHEA, Bad Bunny, Duki, Cazzu",99524977
"KHEA, Barloe Team",209214
"KHEA, Brytiago",2730546
"KHEA, Duki, Cazzu, Omar Varela, MYKKA",19606071
"KHEA, Yung Pinch",1130902
"KICK THE CAN CREW, Yasuyuki Okamura",122603
"KID FRESINO, Ayano Kaneko",17668
"KIDD, Don Stefano",147556
"KIDDO, Decco",331912
"KIDDO, GASHI",53574
"KIDS SEE GHOSTS, Louis Prima",27897617
"KIDS SEE GHOSTS, Pusha T",24170078
"KIDS SEE GHOSTS, Ty Dolla $ign",18409524
"KIDS SEE GHOSTS, Yasiin Bey",14332163
"KILATE TESLA, Puri",2324544
"KILLY, Houdini, 6ixbuzz",90906
"KLEAR, Phai Phongsathon",452528
"KM, Bryan Mg",153827
"KM, Chivv",1459556
"KM, Frenna, Jonna Fraser",8236165
"KM, Jack",1061705
"KM, Kater Karma",277606
"KM, Rich Kalashh",1757494
"KM, Yxng Le",1632946
"KMN Gang, Azet, Miami Yacine, Nash, Zuna",13018133
"KNALLER, Jack",28686
"KOHH, Taka",50250
"KOI, TIPPA",29847
"KONO, The Fireflies",120228
"KREAM, Clara Mae",243365
"KREAM, Eden Prince",38591
"KREAM, RANI",14703
"KS"", FOMEO",38322
"KSHMR, 7 Skies",4462
"KSHMR, Marnik",3202
"KSHMR, Yves V",5299
"KSI, Randolph",253605
"KSI, Randolph, Jme",522530
"KSI, Randolph, Quadeca",73919
"KSI, Randolph, Talia Mar",276605
"KUMMER, LGoony, KeKe",92740
"KUMMER, Max Raabe",237561
"KUUMAA, SONNY",47819
"Kaam Bhaari, Ankur Tewari",190735
"Kaan, Snoop Dogg, Eleni Foureira",225452
"Kaaris, 4Keus Gang, Q.E Favelas, Mac Kregor",375871
"Kaaris, DA Uzi",40143
"Kaaris, Fler",1487086
"Kaaris, Kalash Criminel, Sofiane",6271605
"Kaaris, Mac Tyer, Sofiane",2113416
"Kaaris, SCH",2820741
"Kaash Paige, Don Toliver",2218660
"Kabe, Chada",295186
"Kabe, Kizo",5946626
"Kabliz, Yemil, Dj Chelino",349318
"Kabza De Small, Bongza",9074
"Kabza De Small, DJ Maphorisa",270377
"Kabza De Small, DJ Maphorisa, Aymos, Samthing Soweto, Mas Musiq, Myztro",697662
"Kabza De Small, DJ Maphorisa, Bontle Smith, Vyno Miller",183523
"Kabza De Small, DJ Maphorisa, Busiswa",3165
"Kabza De Small, DJ Maphorisa, Cassper Nyovest, Qwestakufet",219639
"Kabza De Small, DJ Maphorisa, Cassper Nyovest, Snowdeep, DJ Skelez",17538
"Kabza De Small, DJ Maphorisa, Focalistic, Kamo Mphela, Bontle Smith",518743
"Kabza De Small, DJ Maphorisa, Kamazu, Mas Musiq",105250
"Kabza De Small, DJ Maphorisa, Kamazu, Njelic",3264
"Kabza De Small, DJ Maphorisa, KingTha, Busiswa",15177
"Kabza De Small, DJ Maphorisa, Masterpiece",1489
"Kabza De Small, DJ Maphorisa, Mlindo The Vocalist",283216
"Kabza De Small, DJ Maphorisa, Njelic",710837
"Kabza De Small, DJ Maphorisa, Samthing Soweto",1434
"Kabza De Small, DJ Maphorisa, Semi Tee, Miano, Kammu Dee",757478
"Kabza De Small, DJ Maphorisa, Tallarsetee",15505
"Kabza De Small, Daliwonga",26383
"Kabza De Small, Daliwonga, MDU a.k.a TRP",9978
"Kabza De Small, Daliwonga, XolaniGuitars",10561
"Kabza De Small, Focalistic",2083
"Kabza De Small, Focalistic, Madumane, Bongza",13656
"Kabza De Small, George Lesley, Earl W. Green",3812
"Kabza De Small, Howard, Nia Pearl, Daliwonga",12797
"Kabza De Small, Howard, XolaniGuitars",12409
"Kabza De Small, Kelvin Momo, Kopzz Avenue",9643
"Kabza De Small, Leehleza",57585
"Kabza De Small, Leehleza, Focalistic",4004
"Kabza De Small, Madumane, Daliwonga, Nia Pearl",16916
"Kabza De Small, Mlindo The Vocalist",14536
"Kabza De Small, Nia Pearl",15536
"Kabza De Small, Samthing Soweto",11274
"Kabza De Small, ShaSha, Madumane",12508
"Kabza De Small, Tyler ICU, Nicole Elocin",15598
"Kabza De Small, Vyno Miller",6531
"Kabza De Small, Vyno Miller, Bontle Smith",3669
"Kabza De Small, WizKid",11191
"Kabza De Small, WizKid, Burna Boy, Cassper Nyovest, Madumane",24374
"Kacey Musgraves, Camila Cabello",279677
"Kacey Musgraves, Troye Sivan",4403882
"Kacha Nontanun, Faye Fang Kaew",33738
"Kacha Nontanun, OG-ANIC",54549
"Kacperczyk, Jan-Rapowanie",15126
"Kafani, SOB X RBE",14095
"Kafu Banton, Bad Gyal",7758762
"Kalash Criminel, Douma",226809
"Kalash Criminel, GS CLAN, Brvbus, Kosi",152854
"Kalash Criminel, Gradur",706310
"Kalash Criminel, Jul",771219
"Kalash Criminel, Kaaris",1907286
"Kalash Criminel, KeBlack",95567
"Kalash Criminel, Soolking",408759
"Kalash Criminel, Vald",260819
"Kalash, Damso",16015418
"Kalash, Kalash Criminel",1262009
"Kalash, Luciano",12856176
"Kalash, Niska",1731011
"Kalash, Sfera Ebbasta",26326447
"Kalash, Still Fresh",80488
"Kalazh44, Capital Bra, Samra, Brudi030",722772
"Kalazh44, Capital Bra, Samra, Nimo, Luciano",33047579
"Kalazh44, Noah",241449
"Kalazh44, Olexesh",99849
"Kalazh44, Samra",4182765
"Kalazh44, Veysel",259734
"Kalben, BKE, Hayrettin Taşkaya",76967
"Kaleth Morales, Andres Herrera",77351
"Kali, Dara Rolins",150516
"Kali, Flvwlxss",1844282
"Kali, Flvwlxss, Paluch",576590
"Kali, Flvwlxss, Paluch, Żabson",1213665
"Kali, Klaudia Szafrańska, PlanBe, Sir Mich",51450
"Kali, Laura Weng",6319
"Kali, Magiera",135002
"Kali, Magiera, O.S.T.R.",302076
"Kali, Magiera, Włodi",467523
"Kali, Majk Spirit",3081
"Kali, Miso Biely",3121
"Kali, Nerieš",7791
"Kali, Rida Radar",575720
"Kali, Separ",1022
"Kali, Sima",112173
"Kali, Slipo, Claudia",1150
"Kali, Tomáš Botló",2108
"Kali, Čis T a Mišo Biely",7331
"Kali, Čis T",64844
"Kalle Moraeus, Orsa Spelmän",58016
"Kamar Tachio, Teni",75379
"Kamelen, Gee Dixon",17354
"Kamelen, KingSkurkOne",741840
"Kamerzysta, Kubańczyk",734673
"Kami-sama, I have noticed",39368
"Kamikazee, Kyla",81275
"Kamufle, Deniz Tekin",144524
"Kan Sano, Tavito Nanao",6297
"Kanon, Hatemost",33221
"Kanon, Thitis",17711
"Kany Garcia, Camilo",1767
"Kany Garcia, Tommy Torres",156464
"Kanye West, Ant Clemons",26216409
"Kanye West, Clipse, Kenny G",35711524
"Kanye West, Fred Hammond",22771207
"Kanye West, Gucci Mane, Big Sean, 2 Chainz, Travis Scott, Yo Gotti, Quavo, Desiigner",1010181
"Kanye West, Jamie Foxx",12423276
"Kanye West, Lupe Fiasco",45885
"Kanye West, PARTYNEXTDOOR",119701612
"Kanye West, Pusha T",79282
"Kanye West, Sunday Service Choir",26271252
"Kanye West, T-Pain",87435
"Kanye West, Travis Scott",3272919
"Kanye West, Ty Dolla $ign, Ant Clemons",39446513
"Kapitány Máté, Dzsúdló",6049
"Kapitány Máté, trAnzKaPHka",2576
"Kaptein Sabeltann, Terje Formoe",52504
"Kapteinen, Unge Ferrari",87392
"Karan Aujla, Gurlez Akhtar",3829591
"Karan Aujla, J-Statik",177199
"Karan Sehmbi, Tanishk Bagchi, Goldboy",9613175
"Karel Gott, Charlotte Ella Gottová",2158362
"Karel Gott, Darina Rolincová",34712
"Karel Gott, Darinka",3537
"Karel Gott, Ivana Snopová",20740
"Karel Gott, Lucie Bílá",3388
"Karel Gott, Lucie Vondrackova",7018
"Karel Gott, Marcela Holanova",10313
"Karencitta, Amaan Ali Bangash, Ayaan Ali Bangash",3153
"Karetus, Wet Bed Gang",1264929
"Kari Jobe, Cody Carnes, Elevation Worship",10081
"Karim Alger, Mwuana",574858
"Karl William, Burhan G",325965
"Karl Wolf, Gyptian",21005
"Karlo, Alxndr London",5149
"Karlo, Davs",10185
"Karlo, Fobia Kid",32908
"Karlo, Fvck_kvlt",17791
"Karlo, Jickson",11896
"Karlo, Loko Loko",33323
"Karlo, Nik Tendo",184146
"Karlo, Nik Tendo, AstralKid22",22460
"Karlo, Nik Tendo, Dalyb",182272
"Karlo, Nik Tendo, Eight O",45902
"Karlo, Nik Tendo, Yzomandias",72009
"Karlo, Robin Zoot, Koky",13378
"Karlo, Separ",61307
"Karlo, Taomi, LUISA",36901
"Karlo, Viktor Sheen",23664
"Karlo, Yzomandias",20616
"Karo x Parana, Parana, Karo",1454458
"Karolina Meschino, Retro",2163
"Karpe, Isah, Dutty Dior",597020
"Kartellen, Sebbe Staxx, Dani M",972584
"Kartky, HVZX",15934813
"Kase.O, El Momo",36171
"Kaskade, LöKii",4407
"Kasmir, F",102597
"Kasmir, JVG",20255
"Kasmir, SAARA",83461
"Kasmir, SINI YASEMIN",51742
"Kastrācija, Steps",1001
"Kasza Tibi, Dér Heni",131655
"Katastrofe, Hver gang vi møtes",512842
"Katastrofe, OnklP, Kriss",2407005
"Katharine McPhee, Jason Reeves",6216198
"Katja Krasavice, Stard Ova",11382909
"Kato, Sigala, Hailee Steinfeld",2816010
"Katrix and Doron Beaton, קייט ואור",1520
"Katy Garbi, Antonis Remos",159863
"Katy Perry, Juicy J",1057
"Katy Perry, Migos",12997180
"Katy Perry, Nicki Minaj",25604852
"Katy Perry, Skip Marley",242367902
"Katy Perry, Snoop Dogg",49845
"Kav Verhouzer, BullySongs",41948
"Kav Verhouzer, Sjaak",11557288
"Kaveh Ali Mohammad, OnklP",28885
"Kavka Shishido, Tokyo Ska Paradise Orchestra",6033
"Kay One, Mike Singer",9880158
"Kay One, Pietro Lombardi",15499654
"Kay One, Stard Ova",57281
"Kay Tse, 樂瞳, Jinny Ng, Linda Chung, Joyce Cheng, Alfred Hui, Super Girls, Hubert Wu",2795
"KayGee DaKing, Bizizi",14384
"KayGee DaKing, Bizizi, Killer Kau",470789
"Kayah, Goran Bregović",42923
"Kaydy Cain, Neo Pistea",14749
"Kayee Tam, Kelvin Kwan",2476
"Kayee Tam, 林師傑, Alvin Ng",5009
"Kaz Bałagane, Kabe, Chris Carson",405615
"Kaze, Dj Figu",50172
"Kazzabe, El Chevo, Polache, Pilo Tejeda",3131
"KeBlack, Dadju",20364
"KeBlack, Niska",99208
"Keak Da Sneak, Gucci Mane, Kafani",8175
"Keak Da Sneak, Kafani",10562
"Keala Settle, The Greatest Showman Ensemble",226526061
"Keanna Taiyh, 雞二兄弟",6228
"Keen Levy, Rvfv",1049550
"Keerthana Sharma, Saketh",1171690
"Keith Urban, Carrie Underwood",768833
"Keizer, F1rstman",81762
"Keişan, Anıl Piyancı",13083093
"Keişan, Ben Fero",1762106
"Keişan, Delaredo",25237
"Keişan, Khontkar",9675135
"Keko Salata, BESS, Sexmane",1511977
"Kekra, Niska",5317732
"Kelemen Kabátban, Eckü",19322
"Kelmitt, Lary Over, Farruko",6684
"Kemal Palevi, Young Lex, Mack G",4770
"Kempi, Anouk",816920
"Kempi, Frenna, KM",1111166
"Kempi, Hef, D-Double, Vic9, Kevin",36286
"Kempi, Kris Salvathore",211086
"Kempi, Salut!",193602
"Kempi, The Blockparty",49003
"Kempi, The Blockparty, Josylvio, Sevn Alias",95578
"Ken Hirai, Aimyon",4307909
"Ken Hung, 屎萊姆",3287
"Kendji Girac, Claudio Capéo",1049833
"Kendo Kaponi, Anuel AA",1145
"Kendrick Lamar, Jay Rock",455450
"Kendrick Lamar, MC Eiht",6583790
"Keng Tachaya, OZEEOOS",23873
"Keng Tachaya, ปู่จ๋าน ลองไมค์",103161
"Kenn Colt, Nari & Milani",103560
"Kenny Allstar, Headie One",56886
"Kenny B, Perle Lama",24254
"Kenny Bee, Jimmy Lin, David Ling Jr",2266
"Kenny Man, Lalo Ebratt, Yera",81127
"Kenny Man, Sebastian Yatra",8740546
"Kenny Rogers, Sheena Easton",297452
"Keren Peles, Ron Buhnik",147386
"Keren Peles, Roni Alter",75417
"Kerim, Nashley",24356
"Kery James, Orelsan",556596
"Kesha, The Dap-Kings Horns",2350
"Ketama126, Massimo Pericolo",20242991
"Ketama126, Tedua, Chris Nolan",17649757
"Kevcody, Hansie",101753
"Kevin Boine, Martine Lunde",1396853
"Kevin Faye, Johnny Edlind",368632
"Kevin Roldan, Ayo Jay",13869
"Kevin Roldan, Bad Bunny",62779
"Kevin Roldan, Bryant Myers, Lyanno",9442729
"Kevin Roldan, De La Ghetto",63470
"Kevin Roldan, Rauw Alejandro, KHEA",298700
"Kevin Roldan, Wisin",24794
"Kevin Roldan, Zion & Lennox, DJ Maff",25183441
"Kevin, 3robi",265800
"Kevin, Bizzey, Trobi",3274678
"Kevin, Boef",1159692
"Kevin, DJEZJA",13724
"Kevin, Emms",1951738
"Kevin, Hef, Vic9",717959
"Kevin, Jonna Fraser",140828
"Kevin, Josylvio",427476
"Kevin, Lijpe",7626453
"Kevin, Lil Kleine, Chivv",18467407
"Kevin, Murda",1212177
"Kevin, Sevn Alias",418247
"Kevin, Sigourney K",3641768
"Kevo DJ, KHEA",33839
"Key Largo, 4Keus",74318
"Key Largo, Kodes",236682
"Kezah, Freddy Gladieux, Squeezie",12560749
"Khai Bahar, Fatin Husna",1722930
"Khaled, GASHI",108356
"Khalid, 6LACK, Ty Dolla $ign",381675412
"Khalid, Disclosure",451757642
"Khalid, Disclosure, DaVido, Tems",32263
"Khalid, H.E.R.",420596
"Khalid, Majid Jordan",2429847
"Khalid, SAFE",323511
"Khaliji, Badr Bnidr",36327
"Khalil Fong, Diana Wang",7571
"Khalil Fong, Jane Zhang",3173
"Khan Bhaini, Shipra Goyal",3389210
"Khontkar, Ben Fero",18828444
"Khontkar, Myndless Grimes",7629135
"Khontkar, UUR",35006
"Khuli Chana, Cassper Nyovest",1793
"Khushank Dalal, Ajey Nagar",423842
"Khói, Two",8619
"Kiana V, Curtismith",19041
"Kianush, Jamule",2623581
"Kianush, Moe Phoenix",1608543
"Kianush, PA Sports",47741134
"Kianush, PA Sports, Mosh36",2783915
"Kid Cudi, King Chip",5617
"Kid Cudi, Pharrell Williams",15451
"Kid Cudi, Travis Scott",143988
"Kid Trunks, Flyboy Tarantino, Robb Bank$",291985
"Kida, Ermal Fejzullahu",58071
"Kidd Keo, Aleman",5566321
"Kidd Keo, Cheu-B",26268
"Kiddo Toto, Cieloazul",2805994
"Kiddtetoon, Diego Smith",51228
"Kideko, George Kwali, Nadia Rose, Sweetie Irie",333530
"Kids of revolution, Ricky Rich",787355
"Kiko el Crazy, Amenazzy",1534
"Kilian & Jo, Erik Rapp",44617
"Killa Fonic, 911",1866
"Killa Fonic, AMI",38045
"Killa Fonic, Azteca, Nane",35712
"Killa Fonic, Carla's Dreams",781965
"Killa Fonic, Nane",964545
"Killa Hakan, Ceza, Ezhel, Ben Fero",14362576
"Killa Hakan, Eypio",82473
"Killa Hakan, Ezhel, Gringo",2568025
"Killa Hakan, Summer Cem",21174
"Killakikitt, Er",10117
"Killakikitt, Gitano",13669
"Killakikitt, Krúbi",30833
"Killakikitt, Krúbi, Ljay",14378
"Killakikitt, Ljay",9521
"Killer Kamal, Pietju Bell",1444468
"Kilo, Stína Ágústsdóttir",1477
"Kilomatik, Ramo, Marlo",820663
"Kim Loaiza, Jd Pantoja",2388
"Kimberley Chen, SMY",66735
"Kimmese, Đen",379337
"Kina, Adriana Proenza",145311603
"King Fela, Omagugu",4299
"King Khalil, Azan, KAY AY",502953
"King Khalil, KAY AY",278168
"King Khalil, Lil Lano",1608302
"King Khalil, Maestro",87830
"King Monada, Madumane, Kabza De Small, Sha Sha",7861
"King Monroe, Falkon",8440
"King Monroe, Filius Dei",2354
"King Monroe, Richie Pagani",5144
"King Monroe, Wörky",4579
"King Promise, Chivv",289659
"King Thateron, King Siniestro",35016
"KingSkurkOne, AVGVSTVS",14233
"KingSkurkOne, OnklP",14477
"Kingfish, Eevil Stöö",8025
"Kingfish, MD$, Bizi, Gracias",7333
"Kings, Alexandra",3189
"Kings, EPITHE",42580
"Kingsize, LouiVos",25434
"Kingsize, LouiVos, 3robi",90195
"Kingsize, Mula B",27776
"Kingsize, Mula B, Bartofso",20616
"Kingttana, Nesty",19796
"Kiyo, Yzkk",610443
"Kizo, Major SPZ",562026
"Kizo, Malik Montana",5177411
"Kizo, Paris Platynov, Kaz Bałagane",2166287
"Kizo, Qry",16442
"Kizo, Qry, Claysteer",3287693
"Kizo, Reto, Borixon",982183
"Kizo, Sapi Tha King",46558
"Kizo, Szpaku, Jano Polska Wersja",873930
"Kizo, Taco Hemingway",1025099
"Kizo, Tymek",2189590
"Kizo, Tymek, Mr. Polska",1263320
"Kizo, Wac Toja",138824
"Kizo, ZetHa",467176
"Kjartan Lauritzen, Store P",387545
"Klava Koka, MORGENSHTERN",17071
"Klingande, Jamie N Commons",37283
"Klingande, Krishane",54488
"Klingande, Stevie Appleton",115870
"Klockrent!, Alpis",21533
"Kmy Kmo, Luca Sickta",35777
"Kmy Kmo, Luca Sickta, Dato' M. Nasir",237092
"Knife Party, Pegboard Nerds",4126
"Knossi, Die Atzen",934520
"Koba LaD, Bolémvn, Mafia Spartiate",2835694
"Koba LaD, Maes",15126204
"Koba LaD, Ninho",21247161
"Koba LaD, Niska",44939800
"Kobb, Socrate",1140
"Kobi Cantillo, Lenny Tavárez",614154
"Kobi Peretz, Avi Elbaz",1503
"Kobik, Joda, Szpaku, Paluch",954240
"Kodak Black, PnB Rock",18100082
"Kodes, Sansar Salvo, Cash Flow, Defkhan",94041
"Kofs, Alonzo",1082691
"Kofs, Kaaris",1234139
"Kofs, Naps",348806
"Kofs, SCH",75318
"Kojo Funds, Kano",79304
"Kokab, Beatchild",289177
"Koky, Viktor Sheen",7290
"Kollegah, Asche",2304560
"Kollegah, Cam’ron",83072
"Kollegah, DJ Arow",1351009
"Kollegah, Farid Bang",18773297
"Kollegah, Farid Bang, 18 Karat, Jigzaw, Summer Cem, King Khalil",347540
"Kollegah, Farid Bang, 18 Karat, Summer Cem, Capital Bra, King Khalil",4217548
"Kollegah, Farid Bang, Asche",577006
"Kollegah, Farid Bang, Musiye",3538302
"Kollegah, Majoe",718253
"Kollegah, Young Latino",1552333
"Konata Small, Crispin",4792
"Konex, Decky",10243
"Konex, Decky, Karlo, Nik Tendo",6385
"Konex, Decky, Karlo, Yzomandias",3559
"Konex, Decky, Nik Tendo",18039
"Konex, Decky, Yzomandias",7052
"Konex, Kamil Hoffmann",383687
"Konex, Kamil Hoffmann, Fobia Kid",16409
"Konex, Kamil Hoffmann, Hasan",13712
"Konex, Kamil Hoffmann, Nik Tendo",43655
"Kongsted, AXI",24274
"Kongsted, Marwo, GC",172462
"Kongsted, Temmpo",9511
"Konnie Metaxa, Tasos Xiarcho",5513
"Konstantin, Medi",42616
"Kontra K, AK AUSSERKONTROLLE",3340485
"Kontra K, Luciano, The Cratez",12308589
"Kontrafakt, Attila Vegh, Gleb",5740
"Kontrafakt, Calin, Viktor Sheen",284281
"Kontrafakt, Dalyb, Dokkeytino, Mirez, Zayo",76603
"Kontrafakt, Ektor, Separ",3285
"Kontrafakt, Gleb, Attila Végh",799323
"Kontrafakt, Laris Diam",3995
"Kontrafakt, Medial Banana",614721
"Kontrafakt, Mirez, Dalyb, Dokkeytino, Zayo",46160
"Kontrafakt, Mirez, Dalyb, Zayo, Dokkeytino",2322003
"Kontrafakt, Samey",536151
"Kontrafakt, Sima",1143280
"Kontrafakt, Viktor Sheen, Calin",2566765
"Kool Savas, MEL",919914
"Kool Savas, Nessi",24652114
"Kool Savas, SDP",344528
"Kool Savas, Sido, Nico Santos",231439
"Koomz, Sneakbo",941287
"Koosen, Strange Fruits Music",439154
"Kores, Moradzo, MW, DeMozah, Leslie",2956
"Kosso, Ali B, Boef",193424
"Kosso, Dorentina",250798
"Kosso, Soufiane Eddyani",89540
"Kosso, Woenzelaar",111696
"Kova, Amber J, Bjerglund",10566
"Kozmos, Anıl Piyancı",1113559
"Kozmos, Khontkar",2046760
"Kraantje Pappie, Bizzey",5916084
"Kraantje Pappie, Bizzey, Jonna Fraser",8946194
"Kraantje Pappie, Guus Meeuwis",10289771
"Kraantje Pappie, Joshua Nolet",22743738
"Kraantje Pappie, Josylvio",622510
"Kraantje Pappie, Lucas & Steve",20719
"Kraantje Pappie, Mick Spek",38497
"Kraantje Pappie, S10",268459
"Kraantje Pappie, Sevn Alias",230429
"Krabba Mane, Birgir Hákon, Herra Hnetusmjör",144705
"Krabba Mane, Bngrboy",20378
"Krabba Mane, Bngrboy, Birgir Hákon, Herra Hnetusmjör",3571
"Krabba Mane, Bngrboy, Joey Christ",4179
"Kreisais Krasts, MaDJooE",58188
"Krept & Konan, Bugzy Malone, SL, Morrisson, Abra Cadabra, Rv, Snap Capone",938896
"Krept & Konan, D-Block Europe, Ling Hussle",3392190
"Krept & Konan, Headie One, K-Trap",459564
"Krept & Konan, MoStack",880588
"Krept & Konan, Spice, Tory Lanez",487301
"Krept & Konan, Stormzy, Cadet",307866
"Krept & Konan, Tabitha",66304
"Krept & Konan, WizKid",3299678
"Kris Kringle's, Olga Chung",28380
"Kris Kross Amsterdam, Ally Brooke, Messiah",446938
"Kris Kross Amsterdam, Conor Maynard",5681087
"Kris Kross Amsterdam, Kraantje Pappie, Tabitha",32179710
"Kris Kross Amsterdam, Maan, Tabitha",62285375
"Kris Kross Amsterdam, Nielson",15881963
"Kris Kross Amsterdam, The Boy Next Door",215688371
"Kris Kross Amsterdam, Tino Martin, Emma Heesters",14533338
"Krisko, Dim4ou, Boro Purvi",5393
"Krisko, Slavi Trifonov",1014
"Kristen Bell, Idina Menzel, Josh Gad, Jonathan Groff, Cast of Frozen 2",2888465
"Kryštof, Sima Martausová",658224
"Kryštof, Tomas Klus",10444
"Króli, JóiPé",39070
"Krúbi, Killakikitt",616198
"Krúbi, Té",1972
"Ku De Ta, Joe Stone",3246
"Kuban, Szpaku",263761
"Kube, Cledos",6486468
"Kube, Eevil Stöö",216724
"Kube, Jakob",16460
"Kube, Kari Tapiiri",9326
"Kube, Matti8, Jakob",10280
"Kube, Matti8, Mari Johanna, Jakob, SEXGANG",10717
"Kube, NCO",71465
"Kube, Reino Nordin",10002
"Kubi Producent, Białas",2500456
"Kubi Producent, Kaz Bałagane",89477
"Kubi Producent, Żabson",68987
"Kubi Producent, Żabson, Young Multi",5132631
"Kubilay Aka, Hayko Cepkin",6303354
"Kubilay Karça, Allame",162018
"Kubilay Karça, Şehinşah",9147824
"Kumachan, Julia Wu",2954322
"Kumachan, 大支, TroutFresh, ØZI, Julia Wu, Barry",24120
"Kumachan, 滴妹",82457
"Kumachan, 豹子膽",56669
"Kumbia Kings, A.B. Quintanilla III, Pee Wee Gonzalez",1288
"Kumi Koda, AKLO",1145
"Kungs, Ephemerals",4099538
"Kungs, Jamie N Commons",25982
"Kungs, Olly Murs, Coely",689353
"Kungs, Stargate, Josh Golden",5013683
"Kuningas Pähkinä & Setä Tamu, Vesku Jokinen",65920
"Kurdo, Kollegah, Farid Bang",173560
"Kurdo, Majoe",804283
"Kurt Nilsen, The Norwegian Radio Orchestra",20313995
"Kuselofte, Postgirobygget",1689808
"Kvelertak, Nate Newton",12790
"Kwan Gor, JW",35521
"Kwiish SA, BRG, C'buda M",42346
"Kyd the Band, Elley Duhé",99831
"Kygo, Andrew Jackson",2543319
"Kygo, Chelsea Cutler",50064266
"Kygo, Conrad Sewell",746048
"Kygo, Dreamlab",110197
"Kygo, Ellie Goulding",49915268
"Kygo, Haux",13678
"Kygo, Imagine Dragons",396483408
"Kygo, Jamie N Commons",364586
"Kygo, Joe Janiak",15752
"Kygo, Justin Jesso",64946183
"Kygo, Kim Petras",6660916
"Kygo, Labrinth",501760
"Kygo, Miguel",366235052
"Kygo, Oh Wonder",67787
"Kygo, OneRepublic",116367791
"Kygo, Parson James",927995
"Kygo, Patrick Droney, Petey Martin",56383
"Kygo, Rhys Lewis",13747
"Kygo, Rita Ora",203631259
"Kygo, Sam Tinnesz",15526
"Kygo, Sandro Cavazza",320161426
"Kygo, Sasha Sloan",31139989
"Kygo, Selena Gomez",363392
"Kygo, St. Lundi",100087
"Kygo, Valerie Broussard",53744005
"Kygo, Whitney Houston",611718216
"Kygo, Zac Brown",46484
"Kygo, Zak Abel",19182517
"Kygo, Zara Larsson, Tyga",97285576
"Kyle Watson, Kylah Jasmine",3462
"Kynda Gray, RIN",2173636
"KÁ-AKÁ, Helgi Sæmundur",1240
"KÖK$VL, Lil Zey",4831789
"Kór Bústaðarkirkju, Egill Ólafsson, Björgvin Halldórsson",52034
"Kór Öldutúnsskóla, Halla Margret Arnadottir, Björgvin Halldórsson, Eirikur Hauksson",136886
"KęKę, Andrzej Grabowski",116973
"KęKę, Białas",783292
"KęKę, Grizzlee",1791253
"KęKę, Jan Siara",80155
"KęKę, Kasia Grzesiek",125779
"KęKę, Paluch, Worek",53151
"KęKę, Paweł Domagała",89989
"KęKę, Sarsa",96573
"KęKę, Sebastian Riedel",52899
"L'Algérino, Boef",2157522
"L'Algérino, Sofiane",40656
"L'Algérino, Soolking",1385595
"L'Algérino, Soprano",44767
"L'Algérino, Soprano, Naps, Alonzo",481436
"L1NA, Einár, KD",73120
"LA Vision, Gigi D'Agostino",290132
"LA$$A, Ashafar, Sjaak, Young Ellens",4503908
"LA$$A, Frsh, LouiVos, Young Ellens",1054220
"LA$$A, Jack, Hef",515422
"LA$$A, LouiVos, Geechi, Frsh",1675913
"LANY, Julia Michaels",6972506
"LEA, Capital Bra",9457314
"LEA, Cyril aka Aaron Hilmer",24368526
"LEWO, Naci Berktaş, Ayben",65209
"LEX, Ortiz",1851169
"LFERDA, Guzman",34989
"LFERDA, KDK",22217
"LFERDA, Tagne",19075
"LFERDA, Witness, kouz1",48548
"LIAMOO, Steerner, Hechmann",24794
"LIBA, EAZ",5296
"LIBERATO, 3D",271819
"LIBERATO, 3D, GAIKA",395600
"LIFE, Eevil Stöö",10540
"LIL BLU£PRINT, Karasine",69856
"LILBRO, Joe L",160333
"LIZOT, Holy Molly",194447
"LMEN PRALA, FIGURA, KONDOR",54835
"LOKE, Gaute Ormåsen",3131893
"LOKE, Morgan Sulele",1742866
"LON3R JOHNY, Fínix MG",1518254
"LOTTE Thakorn, Ice Tamonwan",498942
"LOUDPVCK, Botnek",2551
"LOUJAY, Squiz Nine, Pash, IGNI",1731
"LUCKY TAPES, Chara",58100
"LUDMILLA, Anitta",38807263
"LUDMILLA, DJ Will22",10174662
"LUDMILLA, Ivete Sangalo",613676
"LUDMILLA, Leo Santana",70913384
"LUDMILLA, Marvvila",134153
"LUDMILLA, Topo La Maskara, Walshy Fire",49541948
"LUM!X, D.T.E, Gabry Ponte",18741198
"LUM!X, Gabry Ponte",52055942
"LVNDSCAPE, Cathrine Lassen",802807
"LVNDSCAPE, Kaptan",452612
"LVNDSCAPE, Rat City",1409248
"LX, Bonez MC",770845
"LX, Maxwell",16872922
"LX, Maxwell, Bonez MC",5191496
"LX, Maxwell, Bonez MC, Gzuz, Sa4",34259312
"LX, Maxwell, Bonez MC, Gzuz, Sa4, Fatal",492995
"LX, Maxwell, Estikay",254003
"LX, Maxwell, Fatal",322360
"LX, Maxwell, Gzuz",923951
"LX, Maxwell, Gzuz, Gallo Nero",10839603
"LX, Maxwell, Sa4",525977
"LX, Maxwell, Sa4, Gallo Nero",505874
"LX, Maxwell, The Cratez",2076823
"La Banda De Lechuga, Kevo DJ",836452
"La Bomba de Tiempo, WOS, Baltasar Comotto",1335
"La Dupla, Martín Piña, Toto Riva",8499
"La Factoria, Eddy Lover",222337
"La Faraona, Ramita",19057
"La Franela, Emiliano Brancciari",26347
"La Gran Banda Caleña, Jorge Solís",58109
"La Insuperable, Cromo X",51048
"La Insuperable, Cromo X, De La Ghetto",33988
"La La Love You, Axolotes Mexicanos",34691
"La Manta, Welo Fama, TYS Musica, Bulova",11985
"La Nueva Escuela, Omar Montes",46269665
"La Reserva, Chule Von Wernich",30543
"La Sandonga, Gerardo Nieto",40228
"La Secta AllStar, Eddie Dee",46763
"La Sonora Dinamita, Carlos Piña",20853
"La Sonora Dinamita, Kika Edgar",5141
"La Sonora Dinamita, Lucho Argain",4349
"La Sonora Dinamita, Lucho Argain, La India Meliyará",27795
"La Sonora Dinamita, Margarita",10938
"La Sonora Dinamita, Rodolfo Aicardi",5089
"La Synesia, 4Keus",65998
"La Vela Puerca, Raly Barrionuevo",88270
"LaLa Hsu, Mao Buyi",57517
"LaNuestra, Chirola",3740
"Labello, CA$HANOVA BULHAR",879391
"Labrinth, Zendaya",18936025
"Lacrim, 6ix9ine",2458067
"Lacrim, Booba",3081242
"Lacrim, Brulux",672997
"Lacrim, Cheb Mami",338644
"Lacrim, Damso",4228861
"Lacrim, French Montana",580777
"Lacrim, GIMS",1230776
"Lacrim, Ghali",1259959
"Lacrim, Kayna Samet",503891
"Lacrim, M Huncho, 3robi",347487
"Lacrim, Ninho",233000
"Lacrim, Oxmo Puccino",298492
"Lacrim, Rick Ross",604862
"Lacrim, Rimkus",592074
"Lacrim, SCH",778326
"Lacrim, Snoop Dogg",811627
"Lacrim, Soolking",3529169
"Lacrim, Soso Maness",5196896
"Lady Gaga, Bradley Cooper",-2131902958
"Lady Gaga, Colby O'Donis",130294
"Ladysmith Black Mambazo, P.J. Powers",3452
"Ladysmith Black Mambazo, Thandiswa, Bhekumuzi Luthuli, Hugh Masekela",1657
"Lagum, Cynthia Luz",780525
"Lagum, IZA",109528
"Laguna, Ivy Alex",1005
"Lai'jhon Hawkins, Kafani",10566
"Laidback Luke, Ralvero",25537
"Lakserytteren, Pngmskn",33434
"Lalo Ebratt, J Balvin, Trapical",45995252
"Lalo Ebratt, Juanes, Skinny Happy, Yera, Trapical",83434
"Lalo Ebratt, Manuel Turizo",665148
"Lalo Ebratt, Sebastian Yatra, Yera, Trapical Minds",89762085
"Lalo Ebratt, Tainy",49098
"Lalo Ebratt, Trapical",26800253
"Lalo Ebratt, Yera, Skinny Happy, Trapical",39040
"Lamix, Jireel",531766
"Lamix, Mwuana, Jireel, Blizzy, Elias Abbas",7032580
"Landaboi$, Króli",5900
"Landy Wen, Jay Chou",3618
"Landy, Dadju",16037090
"Landy, Heuss L'enfoiré",739177
"Landy, Hornet La Frappe",4948311
"Landy, Jul",788088
"Landy, Kaaris, Sofiane",1225534
"Landy, Marwa Loud",666422
"Landy, Naza",122999
"Lanek, Białas, Reto",840886
"Lanek, Żabson, Smolasty, Kizo",3587310
"Lange Frans & Baas B, Lange Frans, Baas B",1683806
"Lange Frans & Baas B, Lange Frans, Baas B, Nol Havens",28324
"Lange Frans, Baas B",52075
"Langesjaak, Joyba",186637
"Lani Mo, K27",940362
"Lani Mo, Ricky Rich",2381827
"Lani Mo, Ricky Rich, Thrife, Dree Low, Blizzy, Nathan K",2279241
"Lao Ra, C. Tangana",585285
"Lapiz Conciente, Bulin47",6179
"Lapiz Conciente, Ceky Viciny, Chiki El De La Vaina",1227
"Lapiz Conciente, EL POTE ESTILO CON FILO",3666
"Lapiz Conciente, Gatillero 23, El Experimento, Chosen RD",4625
"Lapiz Conciente, Leslie Grace",7130
"Lapiz Conciente, Magic Juan, Happy Colors",7608
"Lapiz Conciente, Nacho",16209
"Lapiz Conciente, Negro Hp",7659
"Lapiz Conciente, Quimico Ultra Mega",11090
"Lapiz Conciente, Quimico Ultra Mega, Julio Restituyo, Gatillero 23, Chosen RD",3726
"Larry 44, Sivas",509222
"Larry, RK",16852878
"Lars Vaular, Myra",12982
"Lars Vaular, Röyksopp",565331
"Lars Vaular, Unge Ferrari",72770
"Lars Winnerbäck, Miss Li",437744
"Lars-Erik Larsson, Arild Feldborg, Finn Bø, Gardemusikken",86172
"Larsiveli, Vin og Rap",15241
"Lartiste, 7ari",335925
"Lartiste, DA Uzi, Don Milli",345232
"Lartiste, Eva",610223
"Lartiste, Heuss L'enfoiré",333193
"Lartiste, KAROL G",5333061
"Lartiste, Koba LaD",52156
"Lartiste, Landy",1606607
"Lartiste, Naza",1122656
"Lartiste, Sofiane",47848
"Lartiste, Sofiane, Kaaris",471292
"Lary Over, Amenazzy, Farruko",4118033
"Lary Over, Anuel AA",9270
"Lary Over, Farruko",386829
"Lary Over, Farruko, El Alfa, Lirico En La Casa",698559
"Lary Over, Lirico En La Casa",24888903
"Lary Over, Liro Shaq, Quimico Ultra Mega",18111
"Lary Over, Zion & Lennox",238176
"Lary Over, Ñejo",2214
"Lary, Negra Li",856504
"Las Chuches, Daviles de Novelda",2182778
"Lasso, Cami",15562166
"Lasso, Danna Paola",8867791
"Late Night Alumni, Kaskade",2360
"Latgalīšu Reps, D.O.D",8788
"Latifah, 3robi",565903
"Latifah, Ali B, Dyna, D-Double",162627
"Latifah, Chivv",478855
"Latifah, Clandistino",10833555
"Latifah, Henkie T, NAVI",409885
"Latifah, Tabitha, Kaylin",80289
"Latin Fresh, Jason Derulo, Prince Balboa",343198
"Lauana Prado, Maiara & Maraisa",138833928
"Laura, KOIT TOOME",6945
"Lauri Haav, Justsesomali, Gettomasa",19081
"Lauri Haav, TIPPA",10418
"Lauris Reiniks, Dzeguzīte",11359
"Lauris Reiniks, Lily",1193
"Lauv, Anne-Marie",284677872
"Lauv, LANY",186674011
"Lauv, Troye Sivan",710017549
"Lauwtje, D-Double",31308
"Lauwtje, Famke Louise, Poke",4009095
"Lauwtje, Hansie, Josylvio",1422630
"Lauwtje, Josylvio, Esko",287958
"Lauwtje, Young Ellens",227740
"Lavaado, Cub$kout",4245754
"Lavrentis Machairitsas, Babis Stokas",5044
"Lavrentis Machairitsas, Dionisis Tsaknis",6306
"Lavrentis Machairitsas, Dionysis Savvopoulos",7174
"Lavrentis Machairitsas, Pix Lax",11242
"Lawineboys, DJ Jerome",56798
"Lay Low, Ragnar Bjarnason",10938
"Lazyloxy, Maiyarap",2301646
"Lazyloxy, Maiyarap, OG-ANIC, UrboyTJ",5857
"Lazyloxy, OG-ANIC, UrboyTJ",1418567
"Lazza, Low Kidd",8886504
"Lazza, Luche",3001598
"Laïoung, Guè Pequeno",233084
"Lbenj, Hazim Jam",265773
"Lbenj, Mounim Slimani, DJ Med",358371
"Lbenj, Warri",11150
"Le Fvbelos, SHRTY",195990
"Le Fvbelos, ibe",30142
"Lea Salonga, Brad Kane",149712
"Leafs, JoeyAK",29353
"Leafs, Ramiks",5539534
"Leafs, Sevn Alias",95283
"League of Legends, 2WEI, Edda Hayes",9764
"League of Legends, Against The Current",702084
"League of Legends, Alan Walker, Against The Current, Mako",68178
"League of Legends, BOBBY, Mako, The Glitch Mob, The Word Alive",2397
"League of Legends, Cailin Russo, Chrissy Costanza",517081
"League of Legends, The Glitch Mob, Mako, The Word Alive",795061
"League of Legends, Valerie Broussard, Ray Chen",309606
"Ledri Vula, Lyrical Son",78806
"LeeHi, B.I",4861869
"LeeHi, CHOI HYUN SUK of TREASURE",55305
"LeeHi, GSoul",14474
"Leebrian, Cauty, Rauw Alejandro, Brray, Feid",385966
"Leehleza, Mfr Souls",1592
"Leehom Wang, Jane Zhang",3305
"Lees y Feer, Lucas Cliff",279773
"Left Boy, Ferdinand",13158
"Legarda, Diego Val, Dj Towa",54482
"Legarda, Dylan Fuentes",143322
"Legarda, Luisa Fernada W, Itzza Primera",506056
"Legarda, Ryan Roy, Dejota2021",373857
"Legendboy, OZH",6291
"Legendboy, Sk Mtxf",12466
"Leka el Poeta, Mishelle Master Boy, DJ Yayo",441103
"Lele Blade, Luche",530621
"Lele Pons, Fuego",1127241
"Lellow, Saliboy",5867204
"Lemaitre, Jennie A.",81438
"Lena, Nico Santos",38991975
"Lenin Ramírez, Gerardo Ortiz, Jesús Chairez",2692063
"Lenin Ramírez, Grupo Firme",32189416
"Lenin Ramírez, T3R Elemento",9433804
"Lennis Rodriguez, Denyerkin",1197668
"Lenny Tavárez, Cosculluela",195645
"Lenny Tavárez, Justin Quiles",27026606
"Lenny Tavárez, Miky Woodz",1295420
"Lenny Tavárez, Paulo Londra",26684639
"Lenny Tavárez, Shadow Blow",47973
"Lenny, Marpo",134207
"Lenuel, Dalex, Alex Rose, Carlitos Rossy",556858
"Leo Aberer, Fritz Jerey",93103
"Leo Ku, Nancy Wu",968165
"Leo Ku, 黃子華",278044
"Leo Luthando, KIKI",37984
"Leo Santana, Anitta",72074419
"Leo Santana, KAROL G",2506
"Leo Stannard, Frances",2032
"Leon Faun, Duffy",2974759
"Leon Machère, Kay One, Tilly",9234671
"Leon Machère, Stard Ova, KALUMA",47055335
"Leon Somov, Justinas Jarutis",4466
"Leona Lewis, Avicii",1070707
"Leonard Pospichal, Thomas Blug, David Readman",2011
"Leo王, 9m88",373473
"Leo王, DJ Didilong",13411
"Leo王, PNC, 9m88",18795
"Leo王, Soft Lipa",363512
"Leo王, 春艷",21578
"Leroy Styles, Anjulie",508026
"Leslie Cheung, Anita Mui",28893
"Leslie Cheung, Elisa Chan",15028
"Leslie Grace, Becky G, CNCO",1676299
"Leslie Grace, Noriel",203751902
"Leslie Shaw, Legarda",364974
"Leslie Shaw, Mau y Ricky",9407196
"Leslie Shaw, Thalia, Farina",318841
"Letón Pé, Piek",1431
"Levante, Max Gazzé",418248
"Levi Belle, Benji Buckz",19333
"Lexa, Gloria Groove",28534852
"Lexa, MC Lan",66052070
"Lhast, Dillaz",2361369
"Lia Harmoni, Steve Obi",5953
"Liak, Myriiio",202610
"Liam Payne, French Montana",1270490
"Liam Payne, J Balvin",189468682
"Liam Payne, Quavo",180690376
"Liba, Trippy Adi",5388
"Lidia, Dessita, Diona",122800
"Lidl Suomi, Mandy",175401
"Lidl Suomi, Nuarieno",84764
"Lido, Unge Ferrari",51187
"Light, Billy Sio, ATC Nico",1433395
"Light, DJ.Silence",42113
"Light, SNIK",4458
"Lijo George, Dj Chetas, Darshan Raval",63845
"Lijpe, Achie Touf, Ismo",447845
"Lijpe, Ardian Bujupi",396473
"Lijpe, Ares",416567
"Lijpe, Boef",2881556
"Lijpe, D-Double",1290429
"Lijpe, Ismo",236029
"Lijpe, JoeyAK",1119304
"Lijpe, S10",833973
"Lijpe, Stijco",3326603
"Lil Baby, Drake",655399643
"Lil Baby, Future",18293237
"Lil Baby, Gunna",47002299
"Lil Baby, Gunna, Lil Uzi Vert",45713235
"Lil Barty, Fy",99067
"Lil Binni, Birnir, Ra:tio",15325
"Lil Busso, Mr. Monkey",50581
"Lil Frakk, D.Koms, Krúbi",6385
"Lil Halima, AMWIN",12572
"Lil J, Alan D, MK",597192
"Lil Jon, Eastside Boyz",112047
"Lil Kira, Fy",1973
"Lil Kleine, Boef",15685531
"Lil Kleine, Bokoesam",7331767
"Lil Kleine, Hef",66456
"Lil Kleine, Jonna Fraser",992373
"Lil Kleine, Josylvio",2451439
"Lil Kleine, Maleek Berry, Frenna",1357868
"Lil Kleine, Mr. Polska",63083
"Lil Kleine, Ronnie Flex",16528274
"Lil Kleine, Snelle",1938036
"Lil Kleine, WizKid",1491330
"Lil Koni, DJ Stephan, Gosei",1809
"Lil Lano, Edo Saiya",7716207
"Lil Lano, Trippie Boi",560709
"Lil Lee, Riiyoo",24008
"Lil Nas X, Billy Ray Cyrus",803692588
"Lil Nas X, Billy Ray Cyrus, Mason Ramsey, Young Thug",27207875
"Lil Nas X, Cardi B",148373700
"Lil Nas X, Travis Barker",2956672
"Lil Peep, ILOVEMAKONNEN",289759
"Lil Peep, Lil Tracy",621035
"Lil Peep, Lil Tracy, Diplo",4986
"Lil Peep, XXXTENTACION",535373115
"Lil PoP, Ypo, Ivan Greko",212723
"Lil Pump, Anuel AA",29439
"Lil Silvio & El Vega, Dalmata",260940
"Lil Uzi Vert, 21 Savage",21029287
"Lil Vinceyy, Guel",732243
"Lil Wayne, Cory Gunz",267738
"Lil Wayne, Swizz Beatz",99828527
"Lil Wayne, The-Dream",554768
"Lil Wayne, Ty Dolla $ign",5947892
"Lil Yachty, 2 Chainz, K$upreme",413347
"Lil Yachty, Cardi B, Offset",7058320
"Lil Yachty, Lil Pump, Offset",1917902
"Lil Yachty, Migos",3531874
"Lil Yachty, Offset, Lil Baby",207519
"Lil Yachty, PnB Rock",4159027
"Lil Yachty, Quavo",969909
"Lil Yachty, Stefflon Don",33848
"Lil Yachty, Trippie Redd",35424330
"Lil Yachty, Ugly God",978739
"Lil Yachty, YoungBoy Never Broke Again",4547069
"Lil Zey, Khontkar",4560189
"Lil Zey, Metth",177069
"Lila, Rat City",1485460
"Lilas ir Innomine, Evgenya Redko",149735
"Lilas ir Innomine, G&G Sindikatas",119315
"Lilas ir Innomine, Radvilas RA",38723
"Lilli Palvalin, Elisa Piispanen",21752
"Lily & Madeleine, Ofenbach",41544
"Lily James, Jessica Keenan Wynn, Alexa Davies",3873501
"Lily James, Jessica Keenan Wynn, Alexa Davies, Celia Imrie",6910707
"Lincktendo, Solo en Sivar",1594
"Linda Pira, Dani M",1297933
"Linda Pira, Masse",615486
"Linda Pira, Z.E",321298
"Linda Vidala, Cherie Mwangi",15653
"Linda Vidala, KingSkurkOne",2065167
"Linda Vidala, OnklP",13247
"Lindiwe Mkhize, Lebo M.",92062
"Linius, Kordas",2098
"Linnea Henriksson, Molly Sandén, Beri, Peg Parnevik, Imenella, Frida Hyvönen",534760
"Lino Golden, Aspy",11785
"Lino Golden, Jo Klass",50869
"Lino Golden, Marko Glass, Renvto",10619
"Lior Narkis, Elia Rosilio",2271
"Lior Narkis, Itay Levi, Vivo",80155
"Lipa, Szpaku",230132
"Lipo, Nela",3528
"Lipta, The Toys",138151
"Lirico En La Casa, Atomic Otro Way",4423
"Lirico En La Casa, Chencho Corleone",45304
"Liro Shaq, La Sabiduria, La Manta, El Alfa",14075
"Lisa Stokke, AURORA",28040
"Lisandro Meza, Los Hijos De La Niña Luz",15736
"Lit Killah, Bizarrap",336631
"Little Big, Tatarka",44055
"Little Mix, Charlie Puth",5049713
"Little Mix, Machine Gun Kelly",7324244
"Little Nell, Patricia Quinn, Richard O'Brien",469335
"Liu, Samantha Machado",8314666
"Liv.e, Earl Sweatshirt",256683
"Livio Cori, Nino D'Angelo",830030
"Lo Blanquito, Leslie Grace",1780
"Lo Blanquito, Messiah",1648
"Lo Blanquito, Mozart La Para",5412
"Lo Blanquito, Sholivery, Beto Pelaez, Soco Francis, Lean, Miguel Duarte, Mike",90386
"Loco, BAEKHYUN",53250
"Loco, Punch",12553
"Locoplaya, InnerCut",884086
"Logi Pedro, Birnir",290428
"Logic, 2 Chainz",6680914
"Logic, Alessia Cara, Khalid",248354072
"Logic, Big Sean",10295678
"Logic, Damian Lemar Hudson",4875582
"Logic, Eminem",52261125
"Logic, Juto",459055
"Logic, Marshmello",201537431
"Logic, Wiz Khalifa",11806384
"Logic, Young Sinatra",7718442
"Logos Timis, El Stefanato",4760
"Logos Timis, Eleuthero Pneuma, Koraki, Tokesick",894737
"Logos Timis, Eleuthero Pneuma, Lobo",820474
"Logos Timis, Koraki, Eleuthero Pneuma, Tokesick",145867
"Logos Timis, Sativa, Koraki, Eleuthero Pneuma, Smok 5",218189
"Loki Wildin', TooYung",18410
"Loko Loko, Daweed Hustle, Pil C",16905
"Lola Indigo, Don Patricio",26759439
"Lola Indigo, Joey Montana, Charly Black",111674
"Lola Indigo, Lalo Ebratt",11957824
"Lola Indigo, Maikel Delacalle, The Rudeboyz",288903
"Lola Indigo, Mala Rodríguez",30921460
"Lola Indigo, Nabález",107271
"Lola Indigo, Rauw Alejandro, Lalo Ebratt",14927691
"Lola Indigo, The Rudeboyz",191431
"Lomepal, Caballero",2685861
"Lomepal, JeanJass",10296386
"Lomepal, Katerine",1431445
"Lomepal, Orelsan",10135888
"Lomepal, Roméo Elvis",50394090
"London On Da Track, A Boogie Wit da Hoodie",70104688
"London Richards, Charlotte Lawrence",7238
"Long3, Baghdad, TRTL",158005
"Long3, Smuggler",21424
"Loote, Joe Jonas",74604
"Lord Est, MEGA-Ertsi",801841
"Lord Est, Meiju Suvas",809097
"Lord Est, Petri Nygård",555731
"Lord Est, Raappana",26351
"Lord Est, Yksi Totuus, Meiju Suvas",34851
"Lord Siva, Vera",17499825
"Lorde, Khalid, Post Malone, SZA",3016854
"Loredana, Getinjo",578138
"Loredana, MERO",55888978
"Loredana, Miksu / Macloud",862423
"Loredana, Mozzik",142047598
"Loredana, Rymez",22180388
"Loreen, Elliphant",30126
"Lorentz, BENNETT, Madi Banja",62317
"Lorenzo, Charles Vicomte",844446
"Lorenzo, Columbine",623050
"Lorenzo, LES ANTICIPATEURS",1237346
"Lorenzo, Le Poto Rico",1194744
"Lorenzo, Lujipeka, Foda C",635390
"Lorenzo, Oliver Tree",978634
"Lorenzo, Orelsan",2793764
"Lorenzo, Shy'm",4447936
"Lorenzo, Tommy Cash, Vladimir Cauchemar",1521463
"Lorenzo, Vald",7187435
"Los 4, Los Barraza",697257
"Los 4, Mayco D' Alma",25045
"Los 4, Yambele",6831
"Los Chiches Vallenatos, Amin Martinez",421102
"Los Corraleros De Majagual, Eliseo Herrera",83150
"Los Corraleros De Majagual, Julio Erazo",25783
"Los Del Rio, Gente De Zona",392712
"Los Dinamiteros de Colombia, Aniceto Molina",2565
"Los Melódicos, La Billo's y Los Melodicos",7072
"Los Negroni, Miguel Muniz, Gerardo Nieto, Marihel Barboza",12672
"Los Palmeras, Andrés Calamaro",106839
"Los Palmeras, Axel",74459
"Los Palmeras, Chaqueño Palavecino",70697
"Los Palmeras, Coti",152269
"Los Palmeras, Filarmónica de Santa Fe",168461
"Los Palmeras, Los Nocheros",81978
"Los Palmeras, Marcela Morelo",95097
"Los Palmeras, Soledad",71456
"Los Planetas, La Bien Querida",28725
"Los Power, Stailok, Vanessa Valdez",2255533
"Los Power, Tommy Boysen",324321
"Los Rivera Destino, Benito Martinez",47487
"Los Solteroski, Ariel Fortuna, Yeral",27955
"Los Toros Band, Héctor Acosta ""El Torito"", El Torito",4051
"Los Tupamaros, David, Rochy",23941
"Los Tupamaros, Rochy",11392
"Los Turros, Brian Sarmiento",602242
"Los Unidades, Pharrell Williams",269258
"Los Vasquez, Santaferia",3048285
"Los Vecinos, Milly Quezada",4571
"Los Warahuaco, Hernán Rojas",25689
"Los Ángeles Azules, Abel Pintos",1697931
"Los Ángeles Azules, Ana Torroja",2078
"Los Ángeles Azules, Belinda, Lalo Ebratt, Horacio Palencia",76426601
"Los Ángeles Azules, Ha*Ash",963261
"Los Ángeles Azules, Jay de la Cueva",405098
"Los Ángeles Azules, Julieta Venegas, Juan Ingaramo",198791
"Los Ángeles Azules, Natalia Lafourcade",103846587
"Los Ángeles Azules, Pepe Aguilar",2844371
"Los Ángeles Azules, Ximena Sariñana",12028770
"Loski, MoStack",204279
"Lost Frequencies, Mokita",5602
"Lost Frequencies, Netsky",1360447
"Lost Frequencies, The NGHBRS",153193
"Lost Frequencies, Zonderling",46053801
"Lost Frequencies, Zonderling, Kelvin Jones",4017878
"Lost Identities, Onyra",2881
"Lost Kings, Jesper Jenset",164049
"Lost Kings, Norma Jean Martine",4841
"Lost Kings, Sabrina Carpenter",75837
"Lost Kings, Tinashe",102246
"Lost Kings, Tove Styrke",1149672
"Lost Sky, Sara Skinner",9548
"Lost Society, Apocalyptica",8758
"Lotfi Begi, Burai",228746
"Lotfi Begi, Zoltán Erika, Dér Heni, Curtis",8285
"Lotto Ash, MIST",493793
"Lotto Boyzz, Dappy",1198875
"Loud Luxury, Brando",178959190
"Loud Luxury, Bryce Vine",12395541
"Loud Luxury, Nikki's Wives",157097
"Loud Luxury, anders",29081489
"Loud, Charlotte Cardin",967671
"Loud, Lary Kidd",92735
"Louhi Fatt, Ruma, Mäkki",10294
"LouiVos, 3robi",112557
"LouiVos, 3robi, Idaly",2296911
"LouiVos, Bartofso",172263
"LouiVos, Bizzey",471839
"LouiVos, Frsh, Hakmadafack",35904
"LouiVos, Iliass",206550
"LouiVos, Kingsize",226003
"LouiVos, Kingsize, 3robi",196921
"LouiVos, Kingsize, Bartofso, Milo",27815
"LouiVos, Kingsize, Mula B",30046
"LouiVos, Lijpe",57742
"LouiVos, Mario Cash",159830
"LouiVos, Mula B",444770
"LouiVos, Mula B, 3robi, Iliass, Kingsize, Bartofso, Scarface, Boegie, KNALLER",907302
"LouiVos, Pietju Bell",198482
"LouiVos, Scarface",530592
"Louis Armstrong, Benny Carter",192532
"Louis Cheung, Charlene Choi",18846
"Louis Koo, Kay Tse",1281301
"Love Harder, Julie Bergan",277009
"Love Regenerator, Calvin Harris",26290
"Love Regenerator, Eli Brown, Calvin Harris",79225
"Love Yi, Recycled J, Naes Beats",295448
"Love of Lesbian, Ivan Ferreiro",63167
"Loyle Carner, Jordan Rakei",820797
"Loyle Carner, Jorja Smith",1514985
"Loyle Carner, Rebel Kleff, Kiko Bun",122867
"Loyle Carner, Sampha",74590
"Loyle Carner, Tom Misch",274200
"Lp2loose, Henkie T",27242
"Lr Ley Del Rap, Don Miguelo",1773
"Lr Ley Del Rap, Mark b",1598
"Lr Ley Del Rap, Nino Freestyle, kenser, El Fecho, King Kalibre, Tivi Gunz",1602
"Lr Ley Del Rap, Tivi Gunz",1457
"Lu Han, Fabian Mazur",10303
"Lu Han, Kris Wu",19276
"Lu1, CEE, 陳綺貞",39722
"Luan Santana, Anitta",1006193
"Luan Santana, Ivete Sangalo",5571959
"Luan Santana, Jorge & Mateus",58875004
"Luan Santana, Leo Santana, Olodum",1979387
"Luan Santana, MC Kekel",84514764
"Luan Santana, Marília Mendonça",2285926
"Luan Santana, Sandy",678451
"Luan Santana, Simone & Simaria",72803
"Luan Santana, Simone & Simaria, Pabllo Vittar",253244
"Luandy, Crish Ramirez, Defab, Diego Villacis DVM",16758
"Lubomír Lipský, Jirí Malát",20643
"Luca Maris, Tony Esposito",232471
"Lucas & Steve, Brandy",4529607
"Lucas & Steve, Deepend",1706744
"Lucas & Steve, Janieck",3426
"Lucas Cliff, Lees y Feer",88491
"Lucas Lucco, Pabllo Vittar",3517480
"Lucas Sugo, Larbanois & Carrero",5023
"Lucass, Sevn Alias",501344
"Luccas Carlos, IssoQueÉSomDeRap, Matuê",3392447
"Luccas Carlos, Vitão",972413
"Lucho SSJ, Duki, KHEA, C.R.O",732637
"Lucho SSJ, KHEA",113417
"Lucho SSJ, Pablo Chill-E, Dani Ribba",592918
"Luciano Pereyra, Greeicy",29271
"Luciano, Azzi Memo, KALIM",1250848
"Luciano, Capital Bra",7790038
"Luciano, Eno",1279767
"Luciano, Fredo",3557521
"Luciano, KALIM",1002072
"Luciano, Kalash Criminel",2365322
"Luciano, Nikky Santoro",1505607
"Luciano, Nimo",17965502
"Luciano, RIN",1002767
"Luciano, Samra",23901108
"Luciano, Summer Cem",2129858
"Luciano, Ufo361, Lil Baby",20240346
"Luciano, Yung Hurn",724220
"Lucie Bílá, Karel Gott",7593
"Lucie Vondrackova, Petr Kolář",12121
"Lucie Vondrackova, Radim Schwab",20979
"Ludvig Mathias Lindeman, Ivar Aasen, Forsvarets Stabsmusikkorps, THE STAFF BAND OF THE NORWEGIAN ARMED FORCES, Schola Cantorum, Ingar Bergby, Tone Bianca Sparre Dahl",20575
"Ludvig Taninger, Hjalmar Serenius",58238
"Luigi 21 Plus, J Balvin",2046208
"Luigi, Gummi Ben",8753
"Luigi, Herra Hnetusmjör",46347
"Luigi, Joe Frazier",15098
"Luigi, Jón Jónsson",16375
"Luigi, Króli",10919
"Luigi, Venjulegir Gaurar",17793
"Luis Eduardo Acústico, Yilmar Dresan, Brayan dj",961365
"Luis Fonsi, Aleks Syntek, Noel Schajris, David Bisbal",14568
"Luis Fonsi, Daddy Yankee",1416510
"Luis Fonsi, Daddy Yankee, Justin Bieber",366205149
"Luis Fonsi, Demi Lovato",370301529
"Luis Fonsi, JJ Lin",61232
"Luis Fonsi, Juan Luis Guerra 4.40",349070
"Luis Fonsi, KAROL G, Andrés Torres, Mauricio Rengifo",6604626
"Luis Fonsi, Myke Towers",55940
"Luis Fonsi, Ozuna",343550287
"Luis Fonsi, Sebastian Yatra, Nicky Jam",80525403
"Luis Fonsi, Stefflon Don",124125091
"Luis Fonsi, Víctor Manuelle, Victor M. Ruiz",45499
"Luis Jara, Maria Jose Quintanilla, Franco ""El Gorilla""",1778862
"Luis Rico, Jose Zapata, Pepe Murillo, Victor Hugo Leaño, Ernesto Cavour, Lucho Cavour",2684
"Luis Ángel Gómez Jaramillo, Gael Garcia Bernal",156840
"Luis, Sick Luke",358752
"Lukas Graham, My Little Pony",1182081
"Lukas Leon, Cheek, Etta",13560216
"Lukas Leon, F",1168399
"Luke Combs, Brooks & Dunn",1785959
"Lukku Láki, Hjortur, JóiPé, Króli",31419
"Lukku Láki, JóiPé, Króli",38837
"Lukku Láki, Króli",21731
"Lukku Láki, SZK",20068
"Lukku Láki, Snæsi",22299
"Lumevärv, INGA",104571
"Luna, Valerio Mazzei",53669
"Lunadira, Anuar Roslan",8088
"Lunay, Chris Jedi, Gaby Music",121338681
"Lunay, Daddy Yankee, Bad Bunny",895680728
"Lunay, Darell",20410
"Lunay, Lyanno, Anuel AA, Brytiago, Alex Rose",81218406
"Lunay, Myke Towers",44221118
"Lunay, Myke Towers, Ozuna, Chencho Corleone, Rauw Alejandro",32573075
"Lunay, Ozuna, Anuel AA",276467922
"Lunay, Wisin & Yandel",996976
"Lunay, Zion & Lennox",21213052
"Luny Tunes, Daddy Yankee, Wisin, Don Omar, Yandel",1326186
"Luqe, Olexesh",502235
"Luscià, MamboLosco",36338
"Luu Nineleven, Daliwonga",199677
"Luuk, Nativ",6250
"Luvmatt, JUMEX",2424
"Luxor, Lusia Chebotina",4123
"Luísa Sonza, Gaab",132490
"Luísa Sonza, Pabllo Vittar",20905281
"Luísa Sonza, Vitão",16532632
"Luíza & Maurílio, Zé Neto & Cristiano",78283085
"Lvcas Dope, DJ Wich",291100
"Lvcas Dope, DJ Wich, Dara Rolins",31573
"Lvcas Dope, DJ Wich, Kali, Rytmus, Ego",940917
"Lvcas Dope, DJ Wich, P.A.T.",55862
"Lvcas Dope, DJ Wich, Paulie Garand",85079
"Lvcas Dope, DJ Wich, Refew",25175
"Lvcas Dope, DJ Wich, Separ",139205
"Lvcas Dope, DJ Wich, Čis T",205068
"LyLy, Magazine",80581
"Lyanno, Lary Over",167556
"Lyanno, Piso 21, Jerry Di",429957
"Lyanno, Rauw Alejandro, Lunay, Alex Rose, Cazzu, Eladio Carrion, Lenny Tavárez",586497
"Lyca Gairanod, Darren Espanto, juan karlos, Darlene Vibares",69624
"Lydia Liza, Josiah Lemanski",10973
"Lynda, Dadju",2424285
"Lérica, Belinda",12829482
"Lérica, Gente De Zona, Leslie Shaw",692146
"Lérica, Juan Magán",20671611
"Lérica, Maikel Delacalle",44221
"Lérica, Omar Montes, Abraham Mateo",18483617
"Lê Hiếu, Soobin Hoang Son, Touliver",2592971
"M Can, Tommy",5168
"M Can, Yung Nigo Drippin'",38255
"M Huncho, Nafe Smallz",2899248
"M Huncho, Yxng Bane",287876
"M YOSS, PUNG TUNTEK, STAMP",59185
"M-22, Medina",22566849
"M-A, TIA",6287
"M-Phazes, Alison Wonderland",138749
"M.I.C MAFIA!!!, Bikerboi Scooter, SkTrama",5278
"M.O, Chip",1051931
"M.O, Kent Jones",2401748
"M.O, Lotto Boyzz, Mr Eazi",36494180
"M.O.030, Fler",56710
"M.O.B, DJ Madness",821657
"MACHETE, Dani Faiv",3651488
"MACHETE, Dani Faiv, J Balvin",13725599
"MACHETE, Dani Faiv, Jack The Smoker",4180846
"MACHETE, Dani Faiv, Nitro",5848049
"MACHETE, Dani Faiv, Shiva",9720942
"MACHETE, Dani Faiv, tha Supreme",70510390
"MACHETE, Fabri Fibra, Massimo Pericolo",18327203
"MACHETE, Gemitaiz, Izi",17782613
"MACHETE, Ghali",4386312
"MACHETE, Jack The Smoker, Beba",10945240
"MACHETE, Jack The Smoker, Nitro",3237150
"MACHETE, Lazza",16198486
"MACHETE, Nitro",4818571
"MACHETE, Salmo, Hell Raton",10285161
"MACHETE, Salmo, Lazza",43378566
"MACHETE, Salmo, Nitro",41393602
"MACHETE, Tedua, tha Supreme",17364517
"MACO, SALU",6396
"MAJAN, Cro",2123348
"MAJAN, Megaloh",273321
"MAKJ, Timmy Trumpet, Andrew W.K.",12405
"MARS, Arif, Karpe, Unge Ferrari",2112962
"MARS, Arif, Unge Ferrari, Karpe",2623957
"MARS, Karpe, Arif, Unge Ferrari",12396
"MARUV, Boosin",4487437
"MATTN, HIDDN",56583
"MATTN, Klaas, Roland Clark",2760143
"MATTN, Magic Wand, Neisha Neshae",121712
"MATTN, Paris Hilton",27718
"MC Bilal, Pietro Lombardi",107458
"MC Bruninho, Vitinho Ferrari, Dj DG, Batidão Stronda",7875512
"MC Charada, MC Dede",279444
"MC Dede, MC Kevinho",36264074
"MC Dede, MC Rita",1424610
"MC Du Black, DJ 2F",114630880
"MC Du Black, Delacruz",19972588
"MC Du Black, Jully",4230313
"MC Einstein, Flow G, Jekkpot, Yuridope",4818119
"MC Fioti, Future, J Balvin, Stefflon Don",9992
"MC Fioti, Future, J Balvin, Stefflon Don, Juan Magán",117690237
"MC Fioti, J Balvin, Stefflon Don",18118
"MC Fioti, MC Lan, Gabriel Medeiros",871660
"MC G15, MC Bruninho",15559741
"MC G15, Mc Livinho",66197757
"MC Guime, Emicida",49699
"MC Gustta, MC DG",10880727
"MC Hollywood, MC Kevinho",7288843
"MC Ingryd, DJ Henrique da VK",61154641
"MC JottaPê, DJ RD, MC M10",5194125
"MC JottaPê, Lexa",13582435
"MC JottaPê, MC Kekel, MC Kevinho",42853569
"MC JottaPê, MC M10, DJ RD",72927047
"MC Kekel, Dani Russo, DJ RD",20979808
"MC Kekel, Jowell & Randy",3638
"MC Kekel, LUDMILLA",2436765
"MC Kekel, MC Rita",94440421
"MC Kekel, MC V7",500006
"MC Kekel, MC Vinny",2856
"MC Keron, MC Digu",736730
"MC Kevin o Chris, Dj Juninho 22",13716677
"MC Kevin o Chris, FP do Trem Bala",78147206
"MC Kevin o Chris, Ferrugem",12734381
"MC Kevin o Chris, MC JottaPê",920668
"MC Kevin o Chris, POCAH",49035083
"MC Kevin o Chris, Sodré",89754453
"MC Kevin o Chris, Vitor Canetinha",11813119
"MC Kevinho, 2 Chainz, French Montana, Nacho",3577987
"MC Kevinho, Dadá Boladão, MC JottaPê",33361609
"MC Kevinho, Leo Santana",13537122
"MC Kevinho, MC Kekel",76211517
"MC Kevinho, Mc Davi",3728982
"MC Kevinho, Simone & Simaria",80584429
"MC Kevinho, Tyga",5538
"MC Kevinho, Wesley Safadão",648881
"MC L da Vinte, MC Gury",112033707
"MC Lan, Skrillex, TroyBoi",2589045
"MC Loma e As Gêmeas Lacração, MC WM",12043054
"MC Loma e As Gêmeas Lacração, Os Cretinos",220823
"MC Lukkas, MC Kevinho",179069
"MC Lya, Mc Henny, Dj GM",3660758
"MC MM, DJ RD",56143767
"MC Stojan, Hurricane",81612
"MC WM, Jerry Smith",250046
"MC WM, MC Lan",5903365
"MC WM, MC's Jhowzinho & Kadinho",295044
"MC WM, Mc Leléto, MC's Jhowzinho & Kadinho",251044
"MC WM, Os Cretinos",9018535
"MC WM, POCAH, Jerry Smith",24481127
"MC Ysa, DJ 2F, DJ Anderson França, MK no Beat",38477703
"MDBCrew, C.R.O",3336322
"MDBCrew, Homer El Mero Mero, YSY A",1576356
"MEDUZA, Becky Hill, Goodboys",566602017
"MEDUZA, Goodboys",953652866
"MEGA-Ertsi, Adi L Hasla",1057601
"MEGA-Ertsi, El Migu",37801
"MEGA-Ertsi, Elastinen",300174
"MELO, BABYFACE BAX",469758
"MELO, Cavallini",150751
"MELO, Le Fvbelos",29180
"MELO, Turisti",17217
"MELO, Versace Henrik",7950
"MELO, ibe",918175
"MEMBA, EVAN GIIA, Nooran Sisters",2745287
"MERO, BRADO",17988445
"MERO, Eno",542963
"MERO, XATAR",327657
"MEROL, Bokoesam",30931
"MEYOU, UrboyTJ",341457
"MFMF., Bil Musa, Kuizz, Spuds",5709
"MG, DJ Stephan, Gosei",910091
"MG, iLLEOo",538445
"MGF, Keiichi Sokabe",29568
"MGPjr, 4everU",37119
"MGPjr, Indiana",11809
"MGPjr, Nolea",8663
"MHD, Dadju",9898676
"MHD, Koys",183369
"MHD, Ninho",1165717
"MHD, Orelsan",644714
"MHD, Salif Keita",200568
"MHD, Stefflon Don",444788
"MHD, WizKid",26217327
"MHD, Yemi Alade",313809
"MILK, C&N Project",21703
"MIN, Mr A",122971
"MINO, BLUE.D",7522
"MINO, YOO BYUNG JAE",10198
"MISIA, HIDE (GReeeeN)",13083759
"MK, Becky Hill",608798
"MK, Jonas Blue, Becky Hill",35450176
"MK, Sonny Fodera",7056516
"MKDMSK, Pyhimys",10031631
"MM, Lord D'Andre $mith",12297
"MM, YRN Murk, YRN Lingo, Da Vinci Fresh",32576
"MNEK, Hailee Steinfeld",4215588
"MOI MUSIC, Akanni",21134
"MOLY, Ezio Oliva",636004
"MORGENSHTERN, Eldzhey",180664
"MORGENSHTERN, Vitya AK",205405
"MORTEN, Nik & Jay",2745139
"MOTSA, David Österle",33518
"MOTi, Lovespeake",3693
"MOTi, Vigiland",24907
"MR.BLACK, Offer Nissim",3364
"MRD, Murda",55762
"MYA, Abraham Mateo, Feid",52560
"MYA, Emilia",8566
"MYA, Leslie Grace",1088200
"MYA, Mau y Ricky",291846
"MYA, Pedro Capó",19910210
"MYXE, DVNNI",41311
"MaRina, Kabe",30154
"Maaf, Haftbefehl, Milonair",1037848
"Maan, Jonna Fraser",6419533
"Maan, Kraantje Pappie",5668374
"Maan, Tony Junior",703379
"Mabel Matiz, Ah! Kosmos",32562
"Mabel Matiz, Gülden Karaböcek",33345
"Mabel Matiz, Sibel Gürsoy",4038220
"Mabel, Kojo Funds",4467575
"Mac Miller, 88-Keys",4422645
"Mac Miller, Ariana Grande",858997
"Mac Tyer, Kaaris, Sofiane",840874
"MaccyP, Banned Socks, Malaiki",1227
"Maciej Zielinski, De Su",629154
"Macky, Einár",13041896
"Mad Clip, DJ Stephan",341629
"Mad Clip, DJ.Silence",253220
"Mad Clip, Fy",8922
"Mad Clip, Josephine",306076
"Mad Clip, Light",594163
"Mad Clip, Lil Koni",36343
"Mad Clip, Ypo",1136985
"Mad Clip, Ypo, DJ Stephan",1744286
"Mad Dogz, Danny, Matheus Alves",1218728
"Mad.S , Chris Haugan",236799
"MadMan, Gemitaiz",29938104
"MadMan, Lil' Pin",1078018
"Madd, ElGrandeToto",3494
"Madd, Lacrim",101036
"Madd, Laylow",72350
"Madd, Qaayel",260339
"Madd, Xcep",26504
"Madd, Youv Dee",74802
"Madden, Chris Holsten",655953
"Made Of Snow, Jason Dering",176590
"Made Of Snow, Tamesha Alexander",37145
"Madeleine Peyroux, Michel Legrand",53305
"Madhu Priya, Devi Sri Prasad",595053
"Madi Banja, Imenella",169928
"Madina, Ashafar",429124
"Madina, Ismo",484497
"Madison Gold, LU2VYK",4174
"Madison Mars, Caslin",26491
"Mads B, ADHD",56149
"Mads Vathne Lervik, Bjarte Hoff Ludvigsen, Warit Salti, Daniel Owen",9129
"Maes, Booba",87611100
"Maes, Jul",29390196
"Maes, Ninho",41069793
"Maes, Zed",1368873
"Maesic, Lucas Marx",974278
"Maestro, Cash Flow",218675
"Maestro, Guzman",12050
"Maffio, Don Miguelo",108319
"Maffio, Farruko, Akon",6213
"Maffio, Justin Quiles, Nacho",65909091
"Magashegyi Underground, Beck Zoltán",3030
"Magni, félagar",14874
"Magnus Carlson, David Ritschard",21602
"Mahalia, Kojey Radical",56870
"Mahmut Orhan, Colonel Bagshot",3419603
"Mahmut Orhan, Irina Rimes",851878
"Mahmut Orhan, Sena Şener",3111240
"Maiara & Maraisa, Dilsinho",11133147
"Maiara & Maraisa, Jorge & Mateus",21526368
"Maiara & Maraisa, Zé Neto & Cristiano",51710179
"Maickyel, Don Checho Trifulca",25658
"Maikel Delacalle, Alizzz",80981
"Maikel Delacalle, Eladio Carrion",45223
"Maikel Delacalle, Justin Quiles",4840895
"Maikel Delacalle, Kevin Roldan",132520
"Maimoa, Mereana Teka, Makaira Berry, Puawai Taiapa, Awatea Wihongi, Tawaroa Kawana, Raniera Blake, Pere Wihongi, Meto Tagivale Schmidt-Peke, Te Awhina Kaiwai-Wanikau, Hoeata Maxwell-Blake, Kia Kaaterama Pou, Nathaniel Howe",9417
"Mairee, Lara Koll",40693
"Maite Perroni, Alexis y Fido",6947041
"Maiyarap, Ben Bizzy",45114
"Maiyarap, Ben Bizzy, Lazyloxy, Blacksheep",5778
"Maiyarap, Stickyrice Killah",188919
"Maiyarap, คุณพ่อดิเรก",38028
"Majid Almohandis, Saham",46183
"Majk Spirit, Anita Soul",10604
"Majk Spirit, Grimaso",32521
"Majk Spirit, Grimaso, Ben Cristovao",91209
"Majk Spirit, MadSkill",7779
"Majk Spirit, Matěj Vávra",7682
"Majk Spirit, Maxo",3542
"Majk Spirit, Monika Bagarova",19484
"Majk Spirit, Richard Muller",14269
"Majk Spirit, VeronikaS",33497
"Majka, Blr, Curtis",29973
"Majka, Curtis, Király Viktor",3119868
"Majka, Essemm",150320
"Majka, Horváth Tamás",1896062
"Major Lazer, Anitta",2084314
"Major Lazer, Camila Cabello",1113139
"Major Lazer, Diplo",248460032
"Major Lazer, Khalid, Death Stranding: Timefall, Diplo",71685060
"Major Lazer, MC Lan, Anitta",39254289
"Major Lazer, Showtek",1429839
"Major League Djz, Focalistic, The Lowkeys, Kabza De Small, Moonchild",38086
"Major7, Rexalted",14022
"Makasi, Gregoir Cruz",2636
"Makkie, Drummakid",27032
"Makkie, Jacin Trill, Drummakid",360667
"Mala Rodríguez, Stylo G",30990
"Maldita Nerea, Ana Mena",895747
"Maldita Nerea, Leire Martinez",63327
"Malik Montana, Abel de Jong, Mr. Polska",1719079
"Malik Montana, Bazzazian, Haftbefehl",37385
"Malik Montana, Diho",98770
"Malik Montana, Dio Mudara",6480410
"Malik Montana, Dio Mudara, Bedoes",98741
"Malik Montana, FRNKIE",164283
"Malik Montana, FRNKIE, K Koke",5878360
"Malik Montana, K Koke",7906139
"Malik Montana, KD-Beatz, Niza",948550
"Malik Montana, Lassa, Mr. Polska",30861
"Malik Montana, Lil Toe",305375
"Malik Montana, Milonair, Bonez MC",3616824
"Malik Montana, Mr. Polska",11098121
"Malik Montana, Olek",3980970
"Malik Montana, Olek, Dj.Frodo",17964
"Malik Montana, Olek, K Koke",16098
"Malik Montana, Olek, Lil Toe",2003973
"Malik Montana, PANORAMA, Maaf",17605
"Malkata, DENIS TEOFIKOV",168917
"Mallrat, Basenji",2761520
"Maluma, Arcangel",2604275
"Maluma, Becky G, Anitta",25780043
"Maluma, J Balvin",141168295
"Maluma, Marc Anthony",1053870
"Maluma, Nego do Borel",139061847
"Mambo Kingz, DJ Luian, Anuel AA, KAROL G, Arcangel",30777479
"Mambo Kingz, DJ Luian, Luigi 21 Plus, Ozuna",1175554
"MamboLosco, Edo Fendy",12915426
"MamboLosco, Nardi",3018816
"MamboLosco, Nashley",1363668
"Mamun Alnattah, Aseel Hameem",71757
"Mandy Moore, Jonathan Foreman",800345
"Maneiro Na Voz, Luka da Z.O",3849109
"Maneva, Gabriel Elias",67306
"Mani Sharma, Anurag Kulkarni",1274274
"Mani, Dj Mode, Fi Vita Sigma",4746
"Manillio, COBEE",5879
"Manillio, Lo & Leduc",5713
"Mannat Noor, Gurmeet Singh",24214
"Mano Walter, Claudia Leitte",38252579
"Mano Walter, Gustavo Mioto",67833271
"Manqonqo, Dason, Saviour Gee",99345
"Manu Crooks, Anfa Rose",201166
"Manuel Turizo, Anuel AA",154444739
"Manuel Turizo, Caracol Televisión",420035
"Manuel Turizo, Darell",68280
"Manuel Turizo, Nicky Jam",56381
"Manuel Turizo, Noriel",1552441
"Manuel Turizo, Ozuna",236019338
"Manuel Turizo, Sech",12256040
"Manuel Turizo, Zion & Lennox",338835
"Manuel, Apu",2504
"Manuel, Kállay-Saunders András",261538
"Manuellsen, Haftbefehl, Twin",79439
"Manuellsen, Nura",580741
"Manuellsen, Samra",673033
"Maná, Nicky Jam",6414941
"Maná, Sebastian Yatra",9255
"Maor Cohen, Doron Talmon",2363
"Maor Edri, Mooki",162201
"Maor Miller, Darius & Finlay",152269
"Marama, Rombai",5767435
"Marc Anthony, Will Smith, Bad Bunny",98497277
"Marc E. Bassy, G-Eazy",5753662
"Marc Tatchapon, Lazyloxy",1332709
"Marcela Gandara, Jesús Adrián Romero",1331
"Marcell, Raline",36602
"Marcianos Crew, Duki, Homer El Mero Mero, Neo Pistea",58680
"Marcianos Crew, Duki, YSY A",3461358
"Marcianos Crew, Homer El Mero Mero, Duki",201340
"Marcin Wyrostek, Corazon, Marcin Jajkiewicz",27999
"Marco Antonio Solís, Los Bukis",5692
"Marco Barrientos, Marcela Gandara",3467
"Marco Borsato, Armin van Buuren, Davina Michelle",64820408
"Marco Borsato, Snelle, John Ewbank",29757847
"Marco Mares, Nicole Zignago",9637
"Marco Rahim, Branco",1533967
"Marco Wagner, Die Obersteirer",196594
"Marconi Impara, Darell, El Alfa, Pusho, Jon Z",8732
"Marcos & Belutti, Israel & Rodolffo",76826
"Marcos & Belutti, Wesley Safadão",1912980
"Marcos da costa, El Dipy",48183
"Marcos da costa, Vanesa Britos",53509
"Marcus & Martinus, Katastrofe",3487823
"Marcus & Martinus, Silentó",389239
"Marcus Dale, Maria Aasen",36504
"Marek Ztraceny, Rytmus",3611
"Maren Morris, Game of Thrones",1211
"Margaret Island, Apey",1326
"Margaret Island, JumoDaddy",4824
"Margaret, Pamela Stone, Kasia Popowska, Sarsa, Rafał Brzozowski, Antek Smykiewicz & Siemacha",192700
"Margaret, The Voice Of Poland 2015 Finalists",557758
"MariKuroso, Olivier Decrouille",21477
"Maria Becerra, Dani Ribba",2548079
"Mariah Angeliq, Arcangel, Darell",4087532
"Mariah Carey, Westlife",12427
"Mariano Bermudez, La Sandonga",27658
"Mariano Bermudez, Los Negroni",3336
"Mariano Bermudez, Marcos da costa",1730
"Marika Gombitova, Vaso Patejdl, Ján Lehotský",2608
"Marilia Monzón, Joan Garrido",182062
"Mario Bautista, De La Ghetto",4703931
"Mario Cash, Chivv, Dopebwoy",69923
"Mario Cash, JoeyAK",25545
"Mario Cash, Josylvio",29305
"Mario Fresh, Dorian Popa",81488
"Marion Jola, Laleilmanino",19443689
"Marion Jola, Rayi Putra",23383713
"Marion Jola, Rizky Febian",34945324
"Marion Jola, Tuantigabelas",60780
"Marián Kochanský, Miro Žbirka",98502
"Mark B., Amenazzy",77436
"Mark B., Arcangel",308233
"Mark B., Bad Bunny",173976
"Mark B., Farruko, Justin Quiles, Kevin Roldan, DJ Luian, Mambo Kingz",8047
"Mark B., Gabriel Pagan, Ozuna",436136
"Mark B., Lo Blanquito",192634
"Mark B., Lunay, Lirico En La Casa",15414
"Mark B., Nfasis",48629
"Mark B., Pacho El Antifeka, Rochy RD",4764
"Mark B., kenser, Tivi Gunz, Alofoke Music, Claudio Ortiz",5912
"Mark Les, Monique",9677
"Mark Morton, Chester Bennington",3912
"Mark Ronson, Miley Cyrus",20221
"Mark Ronson, The Last Artful, Dodgr",1235
"Marka Akme, The La Planta",185257
"Marko Glass, Arkanian",343988
"Marko Glass, Bisi",285760
"Marko Glass, Bvcovia",1242685
"Marko Glass, Bvcovia, Alex Jo Klaas, RENVTØ",101569
"Marko Hietala, Jarkko Ahola, JP Leppäluoto, Toni Kakko",9710
"Marko Hietala, Toni Kakko, Jarkko Ahola, JP Leppäluoto, Antti Railio, Ari Koivunen, Pasi Rantanen, Tommi Salmela, Ville Tuomi, Antony Parviainen, Kimmo Blom, Ilja Jalkanen, Elise Ryd",236777
"Marko Silva, Kevin Roldan, Ronald El Killa",81269
"Marko Silva, Sophy Mell",198103
"Markus Krunegård, Miriam Bryant",277748
"Markus Riva, Intars Busulis, Reinis Sējāns",2846
"Markus Schulz, Delacey",3344
"Marnik, SMACK",2978981
"Maroon 5, Christina Aguilera",411162
"Maroon 5, Future",209229992
"Maroon 5, Kendrick Lamar",195542600
"Maroon 5, SZA",46368032
"Maroon 5, Wiz Khalifa",453695
"Marpo, IronKap, WHNT",23828
"Marpo, Kali",8250
"Marpo, Lenny",336291
"Marpo, Troublegang",263782
"Marpo, WHNT, IronKap",2118
"Marracash, Guè Pequeno",2790691
"Marracash, Guè Pequeno, Sfera Ebbasta",1614474
"Marracash, Luche",14466856
"Marracash, Madame",21322826
"Marshmello, A Day To Remember",6231467
"Marshmello, Anne-Marie",1112897565
"Marshmello, Bastille",-2051205151
"Marshmello, CHVRCHES",508168821
"Marshmello, Crankdat",1467
"Marshmello, Flux Pavilion, Elohim",23485
"Marshmello, Juicy J, James Arthur",8517103
"Marshmello, Kane Brown",376162809
"Marshmello, Khalid",397428759
"Marshmello, Leah Culver",486245
"Marshmello, Lil Peep",2082336
"Marshmello, Ookay",106969
"Marshmello, Pritam",1051777
"Marshmello, Roddy Ricch",57260380
"Marshmello, SVDDEN DEATH",293773
"Marshmello, Southside",234433
"Marso, Bilyanish",38741
"Marso, Bobkata",6949
"Marso, Mbt",20016
"Marta Daddato, Skywalker",244311
"Marta Sango, Alba Reche",240550
"Marta Sango, Marilia Monzón",187341
"Marta Sango, María Escarmiento",643129
"Marteria, Casper",14802537
"Martin & Rami, Joie Tan",6398
"Martin Brygmann, Maria Lucia",22752
"Martin Brygmann, Sarah West",1089835
"Martin Elías, Juancho De La Espriella",35573
"Martin Garrix, Bebe Rexha",160350749
"Martin Garrix, Brooks",168818
"Martin Garrix, David Guetta",77568246
"Martin Garrix, Dua Lipa",356505344
"Martin Garrix, Julian Jordan",45310
"Martin Garrix, Justin Mylo",12952019
"Martin Garrix, LOOPERS",29413
"Martin Garrix, Matisse & Sadko",860286
"Martin Garrix, Mike Yung",3541455
"Martin Garrix, Pierce Fulton",107216
"Martin Garrix, Troye Sivan",100040804
"Martin Jensen, Bjørnskov",1009185
"Martin Jensen, James Arthur",19865006
"Martin Jensen, Loote",1594785
"Martin Jensen, MOLOW",57931
"Martin Jensen, Malte Ebert",797823
"Martin Jensen, Olivia Holt",101337
"Martin Matys, Kenny Rough",5853
"Martin Solveig, ALMA",4569452
"Martin Solveig, Ina Wroldsen",18928499
"Martin Solveig, Roy Woods",3260410
"Martin Solveig, Tkay Maidza",319175
"Marvel Boy, Casper Magico, Arcangel, Quimico Ultra Mega, Pablo Chill-E",1430544
"Marvin Gaye, Tammi Terrell",6068917
"Marwa Loud, Naza",5774681
"Marwan Moussa, الضبع",3581
"Marwan Pablo, Molotof Music",685557
"Mary J. Blige, Kanye West",6751
"María Escarmiento, Carlos Right",165432
"María Escarmiento, Noelia Franco",193955
"María Escarmiento, Sabela",30796
"Marília Mendonça, Bruno & Marrone",28549185
"Marília Mendonça, Gaab",37203250
"Marília Mendonça, Henrique & Juliano",35872868
"Marília Mendonça, Leo Santana, Didá Banda Feminina",46950369
"Marília Mendonça, Maiara & Maraisa",163145824
"Mas Music, Aymos, DJ Maphorisa, Kabza De Small",188820
"Mas Music, Riky Rick, Shasha, DJ Maphorisa, Kabza De Small",184429
"Masaki Suda, Aimyon",1442484
"Mascota, D-Trax, Itzo Hazarta",254241
"Masew, B Ray, Ý Tiên, REDT",236883
"Masew, Xesi, Nhật Nguyễn",666243
"Masew, Đạt G",3193
"Masew, Đạt G, B Ray",137570
"Massaka, Anıl Piyancı, Sansar Salvo, Dr Fuchs, Canbay, Wolker, Şanışer, Rota, Hayki, Yener Çevik, Tekmill, Defkhan, Sirdav, Diablo 63",9655117
"Massaka, Diablo 63",173527
"Massaka, Joker, Defkhan, Sansar Salvo",1385159
"Massaka, Yener Çevik, Sansar Salvo, Anıl Piyancı, Velet, Monstar361, Defkhan, Contra, Gekko g",7312964
"Massar Egbari, Asmaa Abo El Yazid",2061
"Masse, Moms, Z.E, Dani M, Jacco, AKI, Erik Lundin",573261
"Massimo Pericolo, Crookers, Gersan, Xqz",332643
"Massimo Pericolo, Crookers, Nic Sarno",58965829
"Massimo Pericolo, Crookers, Nic Sarno, Xqz",388252
"Massimo Pericolo, Nic Sarno, Crookers, Ugo Borghetti",716098
"Massimo Pericolo, Palazzi D'Oriente, Xqz, Fight Pausa, Crookers, Generic Animal",655406
"Massimo Pericolo, Speranza, Barracano, Rafilù, Crookers, Nic Sarno",503641
"Massimo Pericolo, Xqz",502386
"Massiv, Capital Bra",3109542
"Massiv, DAHAB, Kilomatik",71915
"Massiv, Farid Bang",54001
"Mastachi, Deezle",145766
"Master KG, Nomcebo Zikode",690657
"Mastermind, Bandokay",1400323
"Mastiksoul, Laton",150208
"Mastiksoul, Los Manitos",127565
"Mat McHugh, The YUM YUM's",36711
"Mata, DJ Flip",2343273
"Mata, Jerzy Bralczyk",774589
"Mata, Moo Latte",3675356
"Mata, Wyguś, Szczepan, Adam",6173606
"Mate.O, Głyk P.I.K Trio",129724
"Matheus & Kauan, Anitta",150692982
"Matheus & Kauan, Gusttavo Lima",54161579
"Matheus & Kauan, Jorge & Mateus",116033935
"Matheus & Kauan, MC Kevinho",15291685
"Matheus & Kauan, Marília Mendonça",123634138
"Mathieu Koss, Aloe Blacc",1755590
"Matisse, Camilo",26225463
"Matisse, Guaynaa",14232760
"Matisse, Reik",27774797
"Matoma, Becky Hill",2720124
"Matoma, Enrique Iglesias",447129
"Matoma, Faith Evans, The Notorious B.I.G.",4011403
"Matoma, Gia Woods",805285
"Matoma, Konshens",746410
"Matoma, LATENIGHTJIGGY",83378
"Matoma, Petey Martin",21828
"Matoma, Shelley FKA DRAM",1776990
"Matoma, The Notorious B.I.G.",79904
"Matt Corby, Tash Sultana",397765
"Matt Hunter, Lele Pons",27919280
"Matt Simons, Betty Who",52665
"Matt Simons, Falco Van Den Aker, Bob Van Ratingen",1511737
"Matte Caliste, Dave East, Ant Wan",212986
"Matthaios, AR$ON",128767
"Matthaios, Calvin De Leon",21270393
"Matthaios, Lonezo",18409771
"Matthaios, Soulthrll",1038325
"Matthew Hall, Meagan Moore",16570
"Matthew Tuck, Sarah Cleary, Enkay47",3934
"Matti8, Kube",9173
"Matuê, Knust, Chris Mc",228136
"Matuê, Predella",25424204
"Matze Knop, SILVERJAM",42223
"Matzka, 小s",49417
"Mau y Ricky, Becky G",162080
"Mau y Ricky, Camilo",161871046
"Mau y Ricky, Camilo, Lunay",149928774
"Mau y Ricky, KAROL G",2969464
"Mau y Ricky, KAROL G, Becky G, Leslie Grace, Lali",39943827
"Mau y Ricky, Manuel Turizo, Camilo",697527273
"Mau y Ricky, Nicky Jam",12497545
"Mau y Ricky, Nicky Jam, Dalex",5117042
"Maudy Ayunda, Teddy Adhitya",20834
"Maurice, Fouli",136329
"Maurice, ICEKIID",189907
"Mauton, Nova",86830
"Mawi, Syamsul Yusof",37183
"Max B, Paul Couture",1074
"Max Giesinger, LOTTE",2652350
"Max Jenmana, พรปวีณ์ ตันกิจจานนท์",492550
"Maxim Schunk, Arva",14567
"Maxwell, Bonez MC",1828859
"Maxwell, Gzuz",57333
"Maxwell, Gzuz, Bonez MC",1894227
"Maxwell, LX",691792
"Maxwell, RAF Camora",902493
"Maxwell, RAF Camora, Bonez MC",7696286
"Maxwell, Tory Lanez, Gzuz",203112
"MayTrix, Dianna",3880
"Maycon e Vinicius, Fernando & Sorocaba",2156358
"Mayday, Cheer Chen",41290
"Mayday, Hebe Tien",386148
"Mayday, Jam Hsiao",185336
"Mayday, Stefanie Sun",1654655
"Mayo, Sofiane, Solo Le Mythe",52670
"Małpa, Sarius",725708
"Mc Bola, Mc Magal",13211024
"Mc Brunyn, Mc Moana",6618594
"Mc Davi, Cynthia Luz, Felipe Flip, Pedro Lotto, Paiva Prod",97883
"Mc Davi, Mc Pedrinho",42703482
"Mc Don Juan, MC Hariel",5190728
"Mc Don Juan, Maiara & Maraisa",5121250
"Mc Don Juan, Mc Davi",30838630
"Mc Gui, MC THD",93999
"Mc Gw, MC Theuzyn, DJ Piu",8841284
"Mc Henry P, Mc Danilo",109563
"Mc Kevin, Mc Davi",43619231
"Mc Kitinho, Mc Gw, MC Levin",863179
"Mc Lele JP, MC Neguinho do Kaxeta",12953790
"Mc Livinho, DJ Jorgin",399024
"Mc Livinho, DJ Marlboro",50059
"Mc Livinho, Gerex, Maejor",6993778
"Mc Livinho, Mc Davi",5169399
"Mc Livinho, Mc Pedrinho",37961252
"Mc Livinho, Mc Pedrinho, Dj Lk",1035256
"Mc Livinho, Rennan da Penha",96784892
"Mc Pikachu, MC Fioti",515833
"Mc Poze do Rodo, D Smoke",971455
"Mc Poze do Rodo, Dj Gabriel do Borel",36806500
"Mc Th, MC Menininho, DJ Victor Falcão",23656104
"Mc Th, Xamã, WC no Beat, Pep Starling",13238011
"Mc Zaac, Anitta, Tyga",7319702
"Mc Zaac, Jerry Smith",46614
"Mc Zaac, MC Vigary",16319516
"Mecna, Sick Luke",3754193
"Mecna, Sick Luke, Luche",1022036
"Medial Banana, Polemic",10202
"Medusa, Bekir Karadağ",263935
"Meek Mill, JAY-Z",10155261
"Meek Mill, Sound M.O.B.",10472739
"MeerFly, Kidd Santhe, MK K-Clique",6096054
"MeerFly, SoMean, Tuju, MK K-Clique",17434
"Meet Bros., Amit Gupta",1679634
"Meet Bros., Jonita Gandhi, Nakash Aziz",3151954
"Meet Bros., Jubin Nautiyal, Dhvani Bhanushali",4139989
"Meet Bros., Kanika Kapoor",51156
"Meet Bros., Mika Singh, Jyotica Tangri",312381
"Meet Bros., Neha Kakkar, Jassie Gill",4017463
"Meet Bros., Palak Muchhal, Altamash Faridi",10239262
"Mef, Fy",121393
"Mef, Lil Barty",2545
"Mehtab Virk, Starboy Music X",3559
"Meland x Hauken, Benjamin Beats",171129
"Melendi, Andy Clay",209333
"Melendi, Cali Y El Dandee",1370870
"Melendi, Carlos Vives",11379405
"Melendi, Ha*Ash",7150212
"Melendi, Mau y Ricky",53908
"Melike Şahin, Hakan Taşıyan",300927
"Memfismafían, Sigurður Guðmundsson",80722
"Mena Massoud, Naomi Scott",5374770
"Mendez, Alvaro Estrella",3339471
"Menice, Joell Ortiz, Sara Passamonte",8521
"Menor Menor, Abraham Mateo, Kelmitt",1241
"Menor Menor, Amenazzy",6288
"Menor Menor, Ankhal",3318
"Menor Menor, Dalex, Milly, Lary Over, Sharo Towers",63636
"Menor Menor, El Alfa, Lary Over, Rvssian",2175
"Menor Menor, Farruko",34009
"Menor Menor, Farruko, Konshens",9969
"Menor Menor, Lary Over",6551
"Menor Menor, Lary Over, Brytiago, Darell, Amenazzy, Mc Pedrinho",24129
"Menor Menor, Lary Over, Jon Z",20438
"Menor Menor, Mr. Perez, Myke Towers",112746
"Menor Menor, Rvssian",2138
"Mensa, Ashafar",95600
"Mensa, Broski",2619517
"Mensa, Sevn Alias",529211
"Mensa, SillySJK, JoeyAK, Ashafar, Geechi, Shennumbanine, D-Double",990025
"Mente Fuerte, Baghdad",73338
"Mente Fuerte, Hawk, Baghdad",6173665
"Mente Fuerte, Hawk, Smuggler",154764
"Mente Fuerte, INK",1590
"Mente Fuerte, Mad Clip",7105
"Mente Fuerte, Raffie Raff",1378708
"Mente Fuerte, Raffie Raff, Saske",6362
"Mente Fuerte, Saske",11907
"Mente Fuerte, Saske, Hawk, Hatemost, Baghdad",708448
"Mente Fuerte, TOQUEL",53248
"Mente Fuerte, Young Montanas",82664
"Mente Fuerte, Young Montanas, Mad Clip, TOQUEL",719237
"Mergui, Stephane Legar",1272674
"Merk & Kremont, Ady Suleiman",3586197
"Meron, Donyanah",297432
"Mert Kıyak, Çağrı Kaymak",2742374
"Mert Şenel, Sokrat St",829480
"Mert, Burry Soprano",3066172
"Mert, Dopebwoy",2831596
"Mert, Eunique",1216760
"Mert, Play69",781339
"Mert, Puri",1613580
"Mert, Soolking",1521831
"Mesa, IGO, Ieva Kerēvica",2101
"Mesa, Intars Busulis",7369
"Mesa, Koris",2176
"Mesa, Renārs Kaupers, Arstarulsmirus",3440
"Mesita, Duki",222990
"Mesita, John C, El Futuro Fuera De Orbita, Blunted Vato",2044417
"Mesita, Pekeño 77",8081
"Metro Boomin, Offset, Drake",21371082
"Metth, Ege Çubukçu",55254
"Metth, Khontkar",2892661
"Metth, Khontkar, Ceg",847110
"Mi Casa, DJ Maphorisa, Kabza De Small",1357
"Miami Yacine, Azet",6037819
"Miami Yacine, Capital Bra",72951
"Miami Yacine, Sfera Ebbasta",3836549
"Michael Pangilinan, Marion Aunor",41164
"Michael Swissa, Boi Ecchi",18369
"Michal Horák, Pokáč",3473
"Michel Dida, BENNETT",19791
"Mickey J. Meyer, Anurag Kulkarni",70547
"Mickey J. Meyer, Anurag Kulkarni, Uma Neha",57306
"Mickey Singh, Dilpreet Dhillon",228810
"Micro TDH, Lenny Tavárez",1799800
"Micro TDH, Rels B",4956714
"Micro TDH, Rels B, Lenny Tavárez",989503
"Mics Mayhem, Breana Marin",7355
"Midel, Arse, KHEA",3359978
"Midel, Duki",440323
"Midel, Seven Kayne",248123
"Midival Punditz, Karsh Kale, Raghu Dixit",93526
"Migos, 21 Savage",4527567
"Migos, Drake",398321707
"Migos, Nicki Minaj, Cardi B",92240096
"Migos, Post Malone",21423665
"Migos, Travis Scott, Young Thug",20149361
"Migos, YoungBoy Never Broke Again",12245175
"Mihaela Fileva, ToTo H",9315
"Mika Sade, Kim In The Sun",1399
"Mika Singh, Bhoomi Trivedi",15031
"Mika Singh, Dhvani Bhanushali",6173
"Mika Singh, Dhvani Bhanushali, Manj Musik, Atul Sharma",259125
"Mika Singh, Farhad Samji, Devi Sri Prasad, Sandeep Shirodkar",275871
"Mika Singh, Kanika Kapoor, Ikka, Raaj Aashoo, Dj Emenes Mib, Vicky, Hardik",320227
"Mika Singh, Sunanda Sharma, Nikhita Gandhi, White Noise Studios, Dilip Sen- Sameer Sen",4733
"Mika Singh, Tulsi Kumar, Tanishk Bagchi",955240
"Mikael Gabriel, Elastinen, Pyhimys",794617
"Mikael Gabriel, Isac Elliot",4245052
"Mikael Gabriel, Vesa-Matti Loiri",4436170
"Mikael, Milano",897805
"Mikaveli, Antti Kleemola",49699
"Mike Bahía, Danny Ocean",42323223
"Mike Bahía, Greeicy",22531080
"Mike Bahía, Ovy On The Drums",19245254
"Mike El Nite, Fínix MG, Sippinpurpp",889775
"Mike El Nite, J-K",3782
"Mike El Nite, Rita Vian",4331
"Mike Perry, Cathrine Lassen",174572
"Mike Perry, Charlotte Haining",49611
"Mike Perry, DIMA",30149
"Mike Perry, Dimitri Vangelis & Wyman, Ten Times, The Companions",3870179
"Mike Perry, Forgét Mej",38374
"Mike Perry, Hot Shade",5699492
"Mike Perry, Hot Shade, René Miller",266156
"Mike Perry, Hot Shade, Sonic Avenue, Mikayla",38914
"Mike Perry, Imani Williams",1076838
"Mike Perry, Mangoo, Wanja Janeva",24004
"Mike Perry, Orange Villa",160773
"Mike Perry, Sarah de Warren",22034
"Mike Perry, Tessa Odden",88575
"Mike Perry, The Vamps, Sabrina Carpenter",1542399
"Mike Perry, Willemijn May",5959813
"Mike Plain, Dominic Strike",19976
"Mike Posner, Gigamesh",173128
"Mike WiLL Made-It, Pharrell Williams",7826540
"MikeSickFlow, YOUNGOHM",4394
"Mikee Mykanic, Krúbi",74440
"Mikee Mykanic, Lok, Ketioz",8508
"Mikee Mykanic, Nyzee, Lok",12332
"Miki Núñez, Adrià Salas, Arnau Griso, Nil Moliner",351065
"Miki Núñez, Alba Reche",181450
"Miki Núñez, Joan Garrido",36608
"Miki Núñez, María Escarmiento",198211
"Miki Núñez, Natalia Lacunza",862093
"Miki Núñez, Sofia Ellar",41857
"Mikkel S. Eriksen, Tor Erik Hermansen, Elliott Yamin, Taj Jackson",67024
"Mikolas Josef, Fito Blanko, Frankie J",1972697
"Miksu / Macloud, Summer Cem, Luciano, Jamule",7973261
"Miky Woodz, Alex Rose",10165731
"Miky Woodz, Bad Bunny",2367149
"Miky Woodz, Dalex",7019
"Miky Woodz, De La Ghetto",2161
"Miky Woodz, El Alfa",63940
"Miky Woodz, El Fother",28261
"Miky Woodz, J Balvin",27012
"Miky Woodz, J Balvin, Jay Cortez, Myke Towers",42258
"Miky Woodz, J Balvin, Myke Towers, Jhay Cortez",34143
"Miky Woodz, Juhn",4758138
"Miky Woodz, Justin Quiles",300718
"Miky Woodz, Marvel Boy",2329993
"Miky Woodz, Tainy",54795
"Miky Woodz, Wisin",492423
"Miky Woodz, Zion & Lennox",77004
"Mil Savior, Kerim Delibalta",1306518
"Mila, Jojo Maronttinni, Tainá Costa, Dj Batata",62571
"Mila, MC JottaPê",6113660
"Milan Chladil, Karel Gott",4299
"Milani, Emanuele Antimi",1283
"Milbo, Ealay",1079960
"Milbo, Gobs",87545
"Mild, Ink Waruntorn, YOUNGOHM",901518
"Mileo, Adelén",14815
"Mileo, Madcon",12223
"Miley Cyrus, Mark Ronson",7766286
"Miley Cyrus, Swae Lee, Mike WiLL Made-It",1921375
"Milion Plus, Fobia Kid, Robin Zoot, Yzomandias, Nik Tendo",180468
"Milion Plus, Hasan, Nik Tendo, Karlo",1366352
"Milion Plus, Karlo, Yzomandias, Fobia Kid",234140
"Milion Plus, Koky, Hasan, Karlo, Orion, Yzomandias, Jickson",88956
"Milion Plus, Nik Tendo",146761
"Milion Plus, Nik Tendo, Hasan, Kamil Hoffmann",3951902
"Milion Plus, Nik Tendo, Hasan, Koky, Yzomandias, Viktor Sheen",185188
"Milion Plus, Nik Tendo, Jickson, Karlo, Konex",169803
"Milion Plus, Nik Tendo, Kamil Hoffmann, Jickson, Hasan, Yzomandias",1379163
"Milion Plus, Nik Tendo, Kamil Hoffmann, Yzomandias, Hasan",199613
"Milion Plus, Nik Tendo, Yzomandias, Konex, Kamil Hoffmann, Karlo, Dokkeytino",211237
"Milion Plus, Nik Tendo, Yzomandias, Viktor Sheen",107737
"Milion Plus, Yzomandias",16819
"Milion Plus, Yzomandias, Hasan, Nik Tendo, Kamil Hoffmann",1449008
"Milion Plus, Yzomandias, Karlo, Jickson, Kamil Hoffmann",365021
"Milion Plus, Yzomandias, Konex, Karlo, Koky",259792
"Milion Plus, Yzomandias, Nik Tendo, Separ",610118
"Milion Plus, Yzomandias, Robin Zoot, Koky, Karlo",155155
"Milky Chance, Izzy Bizu",52639
"Milky Chance, Jack Johnson",38952
"Milky Chance, Tash Sultana",161513
"Millennium Project, Chorale",6600
"Millennium Project, DJ Oku Luukkainen, Levi-Äijä",17387
"Millennium Project, Levi-Äijä",15589
"Millind Gaba, Music Mg",316422
"Millonario & W. Corona, Cartel De Santa",67067
"Milly Quezada, Los Vecinos",8365
"Milly, Farruko, Myke Towers, Lary Over, Rauw Alejandro, Sharo Towers",2010877
"Milly, Farruko, Sech, Miky Woodz, Gigolo Y La Exce",2044573
"Milo K, Lo Blanquito",97666
"Milo K, Poeta Callejero, Ricko, Miguel Duarte",125630
"Milo K, Ricko, Poeta Callejero, Miguel Duarte",177464
"Milo K, Shadow Blow",3188
"Milonair, Bonez MC",5280610
"Milonair, Gzuz",411165
"Milonair, Haftbefehl, Joker Bra",2197333
"Milos, Ima Sobé",561750
"Milow, Matt Simons",1633
"Mimiks, EffE, LCone",5132
"Mimit, Malij",3440
"Mimmi Sandén, Annika Herlitz, Nassim Al Fakir, Sebastian Karlsson, Kor - Frost 2",31866
"Mina Lund, Oliver Mathisen",46818
"Mindset, DABOYWAY, Younggu, Diamond",2594125
"Mindset, MVL",196275
"Mindset, MVL, Waii",30355
"Mindset, Margie",320092
"Mindset, Marina",156645
"Mindset, P-Hot",72777
"Miniminter, Randy",88820
"Minty Burns, Lil Duke",3614
"Mio, Nick Strand",945873
"Mio, Nick Strand, Tungevaag, Christy McDonald",22760
"Mira Luoti, Aki Tykki",40455
"Mirai, Ben Cristovao",977847
"Miri Mesika, E-Z",244023
"Miriam Rodríguez, Agoney",115110
"Miriam Rodríguez, Pablo López",1973302
"Misha Omar, Hafiz Suip",13941
"Misha, Tepki, RUBY, Aksan, GNG, Motive, Burry Soprano",2478957
"Miss Bolivia, j mena",67936
"Miss Li, Petter",203225
"Miss Pru DJ, Blaq Diamond, Malome Vector",38807
"Misshmusic, Burai",259149
"Misshmusic, Essemm",86419
"Misshmusic, HRflow",7390
"Misshmusic, Herceg",216204
"Misshmusic, Hiro",370741
"Mista Bombo, Boza, Bca",2375
"Mista Bombo, Yemil",358570
"Mister V, Dosseh",11440683
"Mister V, Hayce Lemsi, Volts Face",897834
"Mister V, Juice",61141
"Mister V, Jul",10728107
"Mister V, PLK",24942892
"Mister V, Samy Ceezy",1613744
"Mister V, Tortoz",45234
"Mister You, 3robi",1506
"Mister You, Balti",430830
"Mister You, Hamouda",116761
"Mister You, Lacrim",678847
"Mister You, Marwa Loud",349100
"Mithoon, Arijit Singh, Aakanksha Sharma",122922
"Mithoon, Arijit Singh, Asees Kaur",3795155
"Mithoon, Arijit Singh, Shashaa Tirupati",429106
"Mithoon, Atif Aslam, Arijit Singh, Amaal Mallik, Salman Khan, Mohit Chauhan, Yo Yo Honey Singh, Ankit Tiwari, Sonu Nigam, Neeti Mohan, Sabri Brothers, Tulsi Kumar, Dj Chetas",2140027
"Miway, Valeria Gau",15225
"Mixtape Madness, Digga D, Sav'o, TY",95925
"MiyaGi & Endspiel, Rem Digga",2569587
"MiyaGi & Endspiel, Symptom",46776
"Miyo, Bedoes",1457813
"Miyo, Tymek",12128950
"Miyo, Young Igi",3245480
"Miyo, Zeamsone, Merghani",63283
"Mlodyskiny, schafter",1378535
"MoStack, AJ Tracey",6540257
"MoTrip, Ali As",2048147
"MoTrip, Ali As, Kollegah",230039
"MoTrip, Ali As, Summer Cem",518334
"MoTrip, Lary",561613
"Moberg, BEK & Wallin",25144
"MocroManiac, 3robi",65184
"MocroManiac, Chivv",74439
"MocroManiac, Josylvio",237744
"MocroManiac, Latifah, Henkie T",1570376
"MocroManiac, Sevn Alias",643044
"MocroManiac, Vic9",29817
"Moe Phoenix, PA Sports",769247
"Moe Phoenix, Veysel",69273
"Moeman, Josylvio",290587
"Moeman, KA",1492715
"Moha K, DJ Mike One",2492881
"Mohammed Abdu, N/A",1741
"Mohit Chauhan, Rohan Rohan",175342
"Mohombi, Nicole Scherzinger",16071
"Moira Dela Torre, Ben&Ben",13278661
"Moira Dela Torre, I Belong to the Zoo",24068199
"Moira Dela Torre, Jason Marvin",52810497
"Moira Dela Torre, Nieman",112919
"Mois, Maestro",547739
"Mois, Sun Diego",1660595
"Moja Reč, Dano Kapitán",2752
"Mok Saib, Phobia Isaac",106324
"Molly Hammar, Kim Cesarion",67516
"Molly Sandén, Leslie Tay",2072537
"Molly Sandén, Victor Leksell, Joakim Berg",3478472
"Molnár István, Lil Mista",22864
"Molotof, Marwan Pablo",32437
"Molotof, Wegz",25259
"Molotov, Ana Tijoux",62269
"Momi, Jayboogz",327655
"Momi, Kevin",284211
"Momi, Lijpe",252216
"Momo, Anys",39181
"Momo, Matej Straka",32271
"Momo, OUENZA",17697
"Momo, Renne Dang",20577
"Momo, Sandra",32640
"Momo, Tomáš Jedno",17062
"Mon Laferte, Bunbury",5017145
"Mon Laferte, Guaynaa",3984683
"Mon Laferte, Juanes",31983459
"Mon Laferte, Manuel García",32757
"Mon Laferte, Mariel Mariel",163798
"Mon Monik, WANYAi",353801
"Moncho Chavea, Ana Mena, Bandaga",36894
"Monday Kiz, Punch",123012
"Mondo Grosso, Hikari Mitsushima",5670
"Mondo Grosso, bird",2014
"Monica Karina, Dipha Barus",3083
"Monique, Free Finga",4698
"Monkey Majik, Junichi Inagaki, Gagle",195394
"Monkey Majik, Kazumasa Oda",54894
"Monkey Majik, Okazaki Taiiku",16063
"Mons, Flenn",316155
"Monsieur Periné, Pedro Capó",18887
"Monsif, Josylvio",57946
"Monsta X, French Montana",23599
"Monsta X, Sebastian Yatra",194562
"Montano, Beéle, Totoy El Frio",2034040
"Montell Jordan, Wino",38252
"Mood Life, King Trippy",1392
"Mood Life, Li Scott",1191
"Mood Life, Marley Millz, King Trippy",1475
"Mooki, Berry Sakharof",2434
"Mooki, Ivri Lider",2884
"Moonkey, C.R.O, WE$T DUBAI",3133193
"Moonkey, Recycled J, Lucho SSJ, Duki",66204
"Moose, Negros Tou Moria",148433
"Moose, Negros Tou Moria, Tony",2019
"Moose, iLLEOo, Kareem Kalokoh",501139
"Moov'art, MC JAY",50226
"Mora, Brray, Eladio Carrion, Joyce Santana",40987
"Mora, Farruko",460190
"Mora, Pablo Chill-E",4483583
"Morad, Ashafar",209902
"Morad, SHB",848341
"Morad, Young Wolf Beatz",1222306
"Moral Distraida, Joe Vasconcellos",18992
"Morat, Aitana",71118220
"Morat, Alvaro Soler",4516497
"Morat, Antonio Carmona, Josemi Carmona",1752365
"Morat, Cali Y El Dandee",47323
"Morat, Juanes",125811271
"Morat, Sebastian Yatra",10709177
"Morgan Sulele, Blvck O",114009
"Morgan Sulele, Katastrofe",82106
"Morgan Sulele, Måns Zelmerlöw",292689
"Morgan Sulele, Nico D",465253
"Morgan Sulele, OnklP",11710034
"Morgan Sulele, Oral Bee",3209886
"Morissette, Daniel Padilla",12325598
"Mortel, Bonez MC",2157522
"Mortel, Hanybal, Sugar MMFK, Milonair, OG Keemo, Jalil, Reda Rwena, Soliana",84480
"Mosh36, Moe Phoenix",1566738
"Moshe Peretz, Eyal Golan",38247
"Moshe Peretz, Lior Narkis",52000
"Moshe Peretz, Nasrin Kadri",35970
"Moshe Peretz, Omer Adam",3263
"Moshiko Mor, Lior Narkis",351353
"Mostro, Gemitaiz",520176
"Mostro, MadMan",693788
"Mostro, Nick Sick",47065
"Mostro, Ultimo",2905552
"Mota JR, Piruka",12808
"Mote Dogg, Nob Wit Da Golds",11458
"Moti Taka, Arisa",2545
"Moti Taka, Sarit Avitan",240287
"Motive, Tepki, Stap, Modd, Rüzgar",423190
"Motive, UZI",218421
"Movetron, Waldo's People, DJ Oku Luukkainen",9446
"Movits!, Herbert Munkhammar",31306
"Movits!, Suncat",19931
"Movits!, Tjuvjakt",5056724
"Movits!, Tove Burman",21876
"Mozart La Para, Chimbala, Liro Shaq",143753
"Mozart La Para, El Alfa, Shelow Shaq",53660
"Mozart La Para, Justin Quiles",38427972
"Mozart La Para, Tainy",14566
"Mozzik, Luciano",800088
"Mr Eazi, Giggs",59386
"Mr Eazi, Tyga",154687
"Mr JazziQ, JazziDisciples, Focalistic, Busta 929",4492
"Mr JazziQ, JazziDisciples, Josiah De Disciple, Fakelove, Moonchild Sanelly, MDU aka TRP",24821
"Mr JazziQ, JazziDisciples, Vigro Deep, Rams De Violinist",4297
"Mr. David ""The Gnomo"" And His Friends",82433
"Mr. Mum, Vinen",305972
"Mr. Pimp-Lotion, Oral Bee",23624
"Mr. Polska, 3robi, LA$$A",84387
"Mr. Polska, Abel de Jong",381191
"Mr. Polska, Bedoes",633000
"Mr. Polska, Bizzey",209401
"Mr. Polska, Donnie",70944
"Mr. Polska, Malik Montana",6319939
"Mr. Polska, Malik Montana, Bizzey, LA$$A",1678588
"Mr. Polska, Young Igi, Abel de Jong",50922
"Mr. Vegas, Lizi, Walshy Fire",2498293
"Mrs. GREEN APPLE, Sonoko Inoue",15585093
"Ms Nina, Beauty Brain",41535662
"Ms Nina, Maria Escarmiento, MYGAL",37452
"Mudi, MRC",193336
"Mueka, Cosculluela",45646
"Mueka, Cosculluela, J Balvin, Arcangel, De La Ghetto",15928
"Mueva Records, Bhavi, Ecko",5187319
"Mueva Records, Duki",173369
"Muhammed Khaled, Afroto",44937
"Mula B, IliassOpDeBeat",1486345
"Mula B, Kingsize, LouiVos",23161
"Mula B, Lou-Is",20422
"Mula B, LouiVos",1052889
"Mula B, LouiVos, 3robi",475903
"Mula B, Louis",287499
"Mundo Segundo, Sam The Kid",15495
"Mundo Segundo, Sam The Kid, Zacky Man",3563
"Munhoz & Mariano, Jerry Smith",5617241
"Mura Masa, A$AP Rocky",25273804
"Mura Masa, Charli XCX",143844
"Mura Masa, Nao",78221
"Mura Masa, slowthai",122437
"Murat Dalkılıç, Oğuzhan Koç",1191035
"Murda, Bizzey, Kraantje Pappie",1166803
"Murda, Chivv, Dopebwoy",32826
"Murda, Eno, Sevn Alias",177747
"Murda, Ezhel",103270966
"Murda, ICE, Yung Felix",129513
"Murda, Idaly, Sevn Alias",1669102
"Murda, Jonna Fraser",1029940
"Murda, Jonna Fraser, Jandino Asporaat",2750809
"Murda, Lange, Djaga Djaga",353192
"Murda, Ronnie Flex",202658
"Murda, SFB",1362731
"Murda, Summer Cem",455575
"Murda, Yawenthoo, Vic9",71842
"Murda, Zeynep Bastık, Idaly",10093325
"Murilo Huff, Henrique & Juliano",4259005
"Murilo Huff, Marília Mendonça",51703371
"Musicologo The Libro, La Insuperable, Shadow Blow, Tapia El Sikario",13102
"Musicologo The Libro, Lapiz Conciente",177238
"Musicologo The Libro, Lapiz Conciente, Secreto ""El Famoso Biberon""",223646
"Musicologo The Libro, Secreto ""El Famoso Biberon"", Gailen La Moyeta",105895
"Musta Barbaari, Seksikäs-Suklaa",455762
"Mustafa Al-Abdullah, Ali Jassim",82780
"Mustafa Al-Abdullah, Mahmoud Al Turky, Ali Jassim",127061
"Mustafa Ceceli, Irmak Arıcı",699205
"Mustafa Ceceli, İrem Derici",351156
"Mustafa Sandal, Eypio",4067576
"Mustafa Sandal, Zeynep Bastık",13573830
"Mustard, Quavo, YG",3915294
"Muşta, Sokrat St, Şanışer",60741
"Muşta, Şehinşah",12214026
"Mwuana, Timbuktu",447453
"Myke Towers, Farruko",273007009
"Myke Towers, Farruko, Arcangel, Sech, Zion",240970942
"Myke Towers, Maluma, Farruko",38529175
"Myke Towers, Tito ""El Bambino""",123037
"Myke Towers, Yandel",1463388
"Mykola Dmytrovych Leontovych, John Williams",40937548
"Mym, Almighty",336308
"Mym, Jon Z, Ele A El Dominio, Nicky Jam",120510
"Myra Granberg, Malin Christin",24730
"MØ, Diplo",3527123
"MØ, Major Lazer",1979506
"Márcia Fellipe, Gusttavo Lima",61375
"Márcia Fellipe, Jerry Smith",105608481
"Mäkki, Arttu Wiskari",910437
"Mäkki, Keko Salata",136818
"Mäkki, Kielijuhani, Slim Mill",117118
"Mäkki, Pyhimys",2365659
"Mäkki, Reino Nordin",671218
"Mäkki, Sini Sabotage",1789369
"Måns Zelmerlöw, Dotter",7895166
"Médine, Booba",9669802
"Médine, Kery James, Youssoupha",32846
"Médine, Lartiste, Lino, Sofiane, Alivor, Seth Gueko, Ninho, Youssoupha",1529334
"Médine, Sofiane",33268
"Médine, Soolking",113428
"Møme, Merryn Jeann",2985150
"Møme, Ricky Ducati",3195
"Músicxs De Chile, Francisca Valenzuela, Cami, Gepe, Moral Distraida, Fernando Milagros, Mon Laferte, Denisse Malebrán, Benjamin Walker, Pedropiedra, C-Funk, Noche de Brujas, Santaferia, Chancho En Piedra, Consuelo Schuster, Schuster, Gianluca, Princesa Alba, Joe Vasconcellos, Illapu, Nano Stern, Javiera Parra, Elizabeth Morris, Rubio, Mariel Mariel, Paz Court, Manuel García, Angel Parra, Juan Angel",1055136
"Mýa, Christina Aguilera, P!nk, Lil' Kim",143058
"Męskie Granie Orkiestra 2018, Dawid Podsiadło, Kortez, Krzysztof Zalewski",1486005
"Męskie Granie Orkiestra 2018, Kortez, Dawid Podsiadło, Krzysztof Zalewski",24256182
"Męskie Granie Orkiestra 2019, Nosowska, Igo, Organek, Krzysztof Zalewski",8457864
"Mỹ Tâm, Binz",27373
"Mỹ Tâm, Ha Anh Tuan",3509
"N-Dubz, Mr Hudson",55750
"N.E.R.D, Rihanna",53216144
"N.E.R.D, Rihanna, Pharrell Williams",996436
"N/A, Bodø Domkor",104882
"NALO, S1sco",66481
"NANA, CD Guntee",295729
"NAV, Gunna",55249465
"NAV, Metro Boomin",947561
"NAV, Metro Boomin, Lil Uzi Vert",2156682
"NAV, Metro Boomin, Playboi Carti, Offset",171470
"NAV, The Weeknd",21578949
"NAVI, Adje",65630
"NAVI, Chivv, Broertje, D-Double",29316
"NCO, ibe",48815
"NCT DREAM, HRVY",1857583
"NCT, NCT 127",286545
"NCT, NCT 2018",26866
"NCT, NCT DREAM",154653
"NCT, NCT U",1518912
"NEIKED, Dyo",56313515
"NEIKED, MIMI",1827745
"NERVO, LUX (US)",6478
"NF, Sasha Sloan",1025949
"NGEE, Nimo",425314
"NIA, Bruno Alves",38002
"NIA, Gèrard",85086
"NIKI, 88rising",6864568
"NMW, Kiv-U, Tussin",8153
"NODE, Gilli",6279040
"NODE, IVAN$ITO",920261
"NODE, Larry 44",2300990
"NODE, Stepz",4082536
"NOROZ, Boi Ecchi",2621
"NOTD, Astrid S",3238150
"NOTD, Dagny",64858
"NOTD, Daya",167131
"NOTD, Felix Jaehn, Captain Cuts, Georgia Ku",67210901
"NOTD, SHY Martin",1852660
"NOVAKANE, Cindercella",9010
"NOËP, CHINCHILLA",95856
"NOËP, Liis Lemsalu",8049
"NSG, Geko",125793
"NSG, Not3s",88619
"NSG, Tion Wayne",61316503
"Naar, Amir Obe",18020
"Naar, ISSAM",2055
"Naar, Smallx",9455
"Nabález, Morat",23229046
"Nabález, Yera",98469
"Nacho, Chyno Miranda, Chino & Nacho",808904
"Nacho, Justin Quiles",1191
"Nacho, Los Mendoza",87621
"Nacho, Manuel Turizo",43995181
"Nacho, Nicky Jam",4580757
"Nacho, Ozuna",32337435
"Nacho, Wisin, Noriel",4567980
"Nacho, Yandel, Bad Bunny, Mambo Kingz, DJ Luian",98511311
"Nadia Nakai, Kwesta, Sio",1347
"Nadia Nakai, Lady Zamar",2067
"Nadin Amizah, Syarikat Idola Remaja",139875
"Naestro, GIMS, Vitaa, Dadju, Slimane",39898
"Nafe Smallz, GRM Daily",685768
"Naflexx, YUNG TT",13098
"Naflexx, YUNG TT, lil Getz",160970
"Nafthaly Ramona, Bizzey, Hef, Ramiks",4672245
"Nafthaly Ramona, Hansie, James Watss",160424
"Naiara Azevedo, Ivete Sangalo",3550679
"Naiara Azevedo, MC Kevinho",3580040
"Naiara Azevedo, Maiara & Maraisa",5209305
"Naim Daniel, Man Keedal",1170125
"Naim Daniel, Tuju",2982944
"Naive New Beaters, Izïa",2049974
"Nakash Aziz, Inno Genga",8890
"Nakash Aziz, Neeti Mohan, Nayeem Shah, Nayeem-Shabir",104527
"Namewee, Jam Hsiao",68667
"Namewee, Leehom Wang",5447540
"Namewee, 玖壹壹",2530
"Namfon Indee, Claudia Baretto, Chi Pu, Meng Jia, Joyce Chu, Laura Mam, Audrey Tapiheru and Cantika Abigail, Phyu Phyu Kyaw Thein, Palmy",171634
"Namm Ronnadet, Raft",98734
"Nando Reis, ANAVITÓRIA",5653157
"Nando Reis, Ana Cañas",46694841
"Nando Reis, Cachorro Grande",62803
"Nane, Amuly, BRUJA",79883
"Nane, Azteca",126159
"Nane, El Nino",293270
"Nane, Ian",100060
"Nane, Ian, Oscar, Amuly, NOSFE",93333
"Nane, Karmen",5940
"Nane, Keed",5632
"Nane, Killa Fonic",147145
"Nane, Oscar",3581
"Nane, Oscar, Super Ed",126214
"Nane, Super Ed",79395
"Nanpa Básico, Charles Ans",10655247
"Nanu, Turcios",1121
"Naod, Aden, Aden x Asme, Asme",164473
"Napat Injaiuea, D Gerrard",101961
"Naps, 13ème Art",38712
"Naps, 13ème Art, Graya, Kalif, Raisse, YL",718136
"Naps, AM La Scampia",254122
"Naps, Alonzo",1377082
"Naps, Fianso, Le Rat Luciano",119274
"Naps, Heuss L'enfoiré",12625245
"Naps, Kalif Hardcore",194619
"Naps, Kalif",230407
"Naps, Lacrim",375745
"Naps, Maes",1742692
"Naps, Messao",51056
"Naps, Mister You",257682
"Naps, Ninho",26865416
"Naps, Raisse",112871
"Naps, Rohff",213687
"Naps, SCH",276729
"Naps, Sofiane, Dika, Kalif",189504
"Naps, Soolking",9534920
"Naps, Soolking, Kliffzivziv",403323
"Naps, Vald",375169
"Nariaki Obukuro, Hikaru Utada",4225
"Narkis, Ravid Plotnik",16470
"Narkoz, Çağrı Sinci, Deniz Sungur, Gazapizm",1362976
"Nas, Diddy, 070 Shake",5365736
"Nas, Kanye West",6904848
"Nas, The WRLDFMS Tony Williams",1256916
"Nas, The-Dream",3518155
"Nas, The-Dream, Kanye West",3498739
"Nas, Tony Williams",1189558
"Nash, Azet",10469960
"Nash, Miami Yacine",138424
"Nashley, 2nd Roof",16082068
"Nashley, Giaime",2745496
"Nashley, Guè Pequeno",295746
"Nashley, MamboLosco",76896
"Nass, Ismo",93255
"Nassir Chahin, Alejandro Ulloa, Steven Pineda, Andy Ruiz",3846
"Nassir Chahin, Farid Nassar, Jacoboi",1044
"Nasty C, A$AP Ferg",29850
"Nasty C, Kaien Cruz",1420
"Nasty C, Rowlene",407613
"Nasty C, T.I.",40282
"Nasty C, crownedYung",76337
"Natalia Lacunza, Alba Reche",734726
"Natalia Lacunza, BRONQUIO",89289
"Natalia Lacunza, Damion Frost",636828
"Natalia Lacunza, Guitarricadelafuente",15155792
"Natalia Lacunza, Marem Ladson",323073
"Natalia Lacunza, Marta Sango",352528
"Natalia Lacunza, Miki Núñez",336684
"Natalia Lacunza, mori",33299
"Natalia Lafourcade, Los Macorinos",270267
"Natalie Shugars, Gallo Locknez",8998
"Natanael Cano, Bad Bunny",4877442
"Natanael Cano, Lil Tecca",355910
"Natanael Cano, Ovi",9577644
"Natanael Cano, Rene",84964
"Natanael Cano, RobGz, Ovi",400302
"Natasa Theodoridou, Konstantinos Argiros",1163
"Natasha Kay, Boombamontana",15135
"Nathan Goshen, Ishay Ribo",1959890
"Nathan Sykes, Ariana Grande",1313567
"Natiruts, Thiaguinho",67244
"Natos y Waor, Alejandro Deese",747116
"Natos y Waor, C.R.O, Homer El Mero Mero, Bardero$",5040503
"Natos y Waor, Charlie Hijos Bastardos",258376
"Natos y Waor, Costa",294557
"Natos y Waor, Denom",571441
"Natos y Waor, FERNANDOCOSTA, Blasfem",1309355
"Natos y Waor, Maka",589684
"Natos y Waor, Miguel Campello",518926
"Natos y Waor, Nic",17786
"Natos y Waor, Recycled J",720993
"Natti Natasha, Bad Bunny",30178619
"Natti Natasha, Chencho Corleone",299544
"Natti Natasha, Daddy Yankee",69599
"Natti Natasha, Farruko",4996
"Natti Natasha, Nicky Jam, Manuel Turizo, Myke Towers, DJ Luian, Mambo Kingz",6351287
"Natti Natasha, Ozuna",294415029
"Natti Natasha, Romeo Santos",31147337
"Naughty Boy, Beyoncé, Arrow Benjamin",16891
"Naughty Boy, Emeli Sandé",96963
"Naughty Boy, Kyla, Popcaan",6005411
"Naughty Boy, RAY BLK, Wyclef Jean",2863
"Naughty Boy, Sam Smith",115631
"Nause, Daniel Gidlund",26713
"Nause, Molly Hammar",16805
"Nause, OMVR",47882
"Nause, Rebecca & Fiona",22432
"Navv Inder, Lisa Mishra, Raja Kumari",8355870
"Nayt, 3D",39835554
"Nayt, 3D, MadMan",10822303
"Naza, 4Keus",458889
"Naza, Alonzo",48290
"Naza, Dj Leska",252060
"Naza, Joé Dwèt Filé",41854
"Naza, KeBlack",3626255
"Naza, Ninho",23034
"Naza, Ohmondieusalva",1016462
"Nazan Öncel, Manuş Baba",28039
"Nazar, Remoe",20022
"Near, Dian Sorowea",1419852
"Neeraj Shridhar, Jyotica Tangri, Enbee",353935
"Neeraj Shridhar, Kavita Seth",22264
"Neeti Mohan, Dhvani Bhanushali, Millind Gaba",307840
"Neeti Mohan, Dhvani Bhanushali, Millind Gaba, Sachin-Jigar",538757
"Nego do Borel, Rennan da Penha",23027553
"Neha Kakkar, B Praak",596360
"Neha Kakkar, Dhvani Bhanushali, Ikka",10527130
"Neha Kakkar, Dhvani Bhanushali, Ikka, Tanishk Bagchi",18770
"Neha Kakkar, Maninder Buttar",3205659
"Neha Kakkar, Manj Musik, Herbie Sahara",1939128
"Neha Kakkar, Mika Singh, Kumar Sanu",7864089
"Neha Kakkar, Mika Singh, Tanishk Bagchi",375761
"Neha Kakkar, Sonu Kakkar, Tony Kakkar",72395
"Neha Kakkar, Sonu Kakkar, Tony Kakkar, Tanishk Bagchi",163571
"Neha Kakkar, Sukh-E Muzical Doctorz",1148317
"Neha Kakkar, Tanishk Bagchi, Lalit Sen",15208468
"Neha Kakkar, Tony Kakkar",161171
"Neha Kakkar, Tulsi Kumar, B Praak",16458396
"Neha Kakkar, Tulsi Kumar, B Praak, Tanishk Bagchi, Vishal-Shekhar",3401728
"Neha Kakkar, Yash Narvekar, Tanishk Bagchi",6421663
"Nekfeu, 2zer, Mekra",2329566
"Nekfeu, Alpha Wann",6045001
"Nekfeu, BJ The Chicago Kid",1306543
"Nekfeu, Clara Luciani",1195116
"Nekfeu, Crystal Kay",5287154
"Nekfeu, Damso",53880418
"Nekfeu, FRAMAL, Doums",2143183
"Nekfeu, Framal, Jazzy Bazz",393104
"Nekfeu, Murkage Dave",524641
"Nekfeu, Nemir",26570033
"Nekfeu, Nemir, 2zer, Mekra, Doums",978518
"Nekfeu, Nepal",1076072
"Nekfeu, S.Pri Noir",290029
"Nekfeu, Sneazzy, S.Pri Noir",4052912
"Nekfeu, Vanessa Paradis",41743388
"Nelli Milan, Hätä-Miikka",34965
"Nelly Furtado, Timbaland",278660
"Nelly, City Spud",254482
"Nelly, Kelly Rowland",126511
"Nelson Freitas, Richie Campbell",68449
"Nelson Henriquez, Pastor Lopez",29094
"Neo Beats, Calibre 2.1, OIK",6237540
"Neo Pistea, KHEA, Omar Varela",8439772
"Neo Pistea, Obie Wanshot",37320306
"Nephew, Landsholdet",29895
"Nerieš, BassKid",56638
"Nerieš, DMS",331067
"Nerieš, Dame",250683
"Nerieš, Ego",647097
"Nerieš, Kontrafakt",386814
"Nerieš, Separ",1030192
"Nerieš, The Paranoid",192686
"Nerieš, Yzomandias, Eight O",24869
"Nerone, Gemitaiz",44022
"Nerone, Gemitaiz, Salmo",371318
"Nesli, Alice Paba",53148
"Netsky, A.CHAL",479500
"Netsky, David Guetta",158257
"Netto, MALIII",239186
"Nevada, Mark Morrison, Fetty Wap",36343199
"New Level Empire, Majka",2541
"Newkid, Jireel",140110
"Neya, Audrey",4271
"Nfasis, Bad Bunny",1135
"Ngoc Dolil, Hagi, STee",31457
"Ngoc Lan, Nguyen Phu Qui",12521
"Nguyen Dinh Thanh Tam, Nguyen Ha",2749
"Nguyễn Trọng Tài, MC12",877090
"Nguyễn Trọng Tài, San Ji, Double X",8494
"Ngơ, nân",475406
"Niall Horan, FLETCHER",6230
"Niall Horan, Maren Morris",3992
"Nicholas Naison, Mad Mado",8811
"Nicholas Naison, Porsche Boy",12418
"Nicholas Naison, Taomi, Prince Tommy",14822
"Nick Chung, Stella Chung, Chang Yong 常勇, Chang Le 常乐, Susan Wen 温舒森, Benny, Pei San 林佩姗",2216
"Nick Jonas, Anne-Marie, Mike Posner",735774
"Nick Jonas, Nicki Minaj",7999755
"Nick Jonas, Robin Schulz",8205205
"Nick Strand, Mio",4526918
"Nick Talos, Mitchl",5311
"Nicki Minaj, Drake, Lil Wayne",24375718
"Nicki Minaj, Lil Wayne",776658
"Nicki Minaj, Mike WiLL Made-It",97842
"Nicki Minaj, PnB Rock",540063
"Nicki Nicole, Cazzu",1071142
"Nicki Nicole, Duki",1955610
"Nicky Jam, Anuel AA",323945771
"Nicky Jam, Arcangel",4335
"Nicky Jam, Bad Bunny, Arcangel",3048804
"Nicky Jam, Daddy Yankee",245705379
"Nicky Jam, Enrique Iglesias",7737089
"Nicky Jam, J Balvin",1075197706
"Nicky Jam, J Balvin, Anuel AA, Arcangel",5921532
"Nicky Jam, J Balvin, Maluma, Ozuna",109240
"Nicky Jam, Ozuna",566809379
"Nicky Jam, Sech",156842117
"Nicky Jam, Steve Aoki",2704687
"Nicky Jam, Will Smith, Era Istrefi",94371041
"Nicky Lee, Flowsik",50277
"Nicky Romero, David Guetta",3624
"Nicky Romero, Deniz Koyu, Walk Off the Earth",3848
"Nicky Romero, Olivia Holt",10854
"Nicky Romero, Stadiumx",63926
"Nicky Romero, Trilane, Kokaholla",3248
"Nico & Kim, 林京燁",164470
"Nico Santos, Broiler",1159962
"Nico Santos, Topic",12816969
"Nicolas Haelg, Tyler Sjöström",5968
"Nienke Plas, Jayh",72757
"Night Skinny, Luche",17677940
"Nightcrawlers, John Reid",861230
"Nija, Beyoncé, Busiswa, Yemi Alade, Tierra Whack, Moonchild Sanelly, DJ Lag",21620
"Nijo, Gjigant, Sugar MMFK",50737
"Nik & Jay, Landsholdet",26227
"Nik & Jay, Søren Huss",70919
"Nik Makino, Raf Davis",23326042
"Nik Tendo, Alo431, Hasan",485384
"Nik Tendo, AstralKid22",1330113
"Nik Tendo, Calin",404207
"Nik Tendo, Decky",1311051
"Nik Tendo, Decky, Viktor Sheen",96956
"Nik Tendo, Fobia Kid",136461
"Nik Tendo, Hasan",4012861
"Nik Tendo, Jickson",58630
"Nik Tendo, Kamil Hoffmann",108880
"Nik Tendo, Karlo",636735
"Nik Tendo, Neries",22332
"Nik Tendo, Viktor Sheen",579973
"Nik Tendo, Yzomandias",2865508
"Nik Tendo, Zayo",39374
"Nikhita Gandhi, Rene Bendali, Tanishk Bagchi",1438976
"Nikk, Avneet Kaur",9824593
"Nikke Ankara, Aki Tykki",108998
"Nikke Ankara, Irina",536898
"Nikke Ankara, Julma H",21814
"Nikke Ankara, Olli Antonio",10609
"Nikke Ankara, Ollie",343496
"Nikki Blonsky, Zac Efron, Amanda Bynes, Elijah Kelley, John Travolta, Queen Latifah",33960
"Nikki Vianna, Matoma",760158
"Niko Pandetta, Marco Calone, Pino Franzese",452928
"Nikos Vertis, Amir",531027
"Nil Moliner, Bely Basarte",384507
"Nilo, Einár",1812958
"Nils Landgren, Johan Norberg, Jonas Knutsson",46436
"Nimo, CHAYE",247398
"Nimo, Capo",73296044
"Nimo, Casar",113420
"Nimo, Celo & Abdi",120181
"Nimo, Celo, Abdi",282399
"Nimo, Hava",45248105
"Nimo, Jamule",1795955
"Nimo, Jenny Marsala",213771
"Nimo, Luciano",8198464
"Nimo, Luqe",89948
"Nimo, Manuellsen",195553
"Nimo, Mortel",134633
"Nimo, Ra'is",261747
"Nimo, Ramo",3112792
"Nimo, Rina",8442744
"Nimo, Schubi AKpella",848201
"Nimo, Yung Hurn, Ufo361",7533532
"Nimo, reezy, KALIM",821938
"Nimrat Khaira, Bunty Bains",63913
"Nina Sky, Jabba",56503
"Nine Chen, Feng Ze",8211959
"Nine Chen, Shi Shi",46160
"Nine Chen, WeiBird",68451
"Nine Chen, WeiBird, Wang Shun",64061
"Nineb Youk, 24K",19196
"Nineb Youk, Jeano, Ricky Rich, Kids of revolution",8105619
"Nines, Dave",501818
"Nines, Fundz",410014
"Nines, Haile",71113
"Nines, J Styles",482882
"Nines, Likkle T, Fatz, Storm, Fundz, Streetz",72340
"Nines, RAY BLK, Skrapz",654432
"Nines, SL, Yung Fume, Tiggs Da Author",1495334
"Nines, Tee Supreme",314628
"Nines, Trapstar Toxic",76990
"Ninho, Hös Copperfield",7388075
"Ninho, Niro",6807442
"Ninja, Lazyloxy, FRVNKY",201366
"Nino Bags, Legit barz",9016
"Nino, Nagita",37353
"Nio Garcia, Anuel AA, Myke Towers, Brray, Juanka",95245459
"Nio Garcia, Brray, Juanka",7123174
"Nio Garcia, Bryant Myers",67634
"Nio Garcia, Bryant Myers, Lenny Tavárez, Miky Woodz, Jay Wheeler",3377902
"Nio Garcia, Casper Magico",98210
"Nio Garcia, Casper Magico, Bad Bunny, Darell, Ozuna, Nicky Jam",1103461533
"Nio Garcia, Casper Magico, Darell, Miky Woodz, De La Ghetto, Almighty",325608
"Nio Garcia, Ceky Viciny",23283
"Nio Garcia, Darell",119086
"Nio Garcia, Darell, Casper Magico",1739835
"Nio Garcia, Rauw Alejandro, Brytiago",50299
"Nio Garcia, Rauw Alejandro, Lenny Tavárez",5003455
"Nio Garcia, Rauw Alejandro, Lenny Tavárez, Myke Towers, Casper Magico, Darell",48991899
"Nio Garcia, Young Blade, Bryant Myers, Arcangel",816553
"Nio Nassar, Farid Nassar",4119
"Nipsey Hussle, Diddy",264125
"Niqo Nuevo, Olexesh, SAMY",322187
"Niro, Ivy",386243
"Niro, Koro",33548
"Niro, Nino B",38461
"Niska, 4Keus",1282700
"Niska, Booba",68081055
"Niska, GIMS",27986
"Niska, Heuss L'enfoiré",5239595
"Niska, Koba LaD",5243761
"Niska, Nimo",5046543
"Niska, Ninho",30432760
"Niska, Quavo, Stefflon Don",100978
"Niska, Skaodi",2870848
"Nitin Mukesh, Jubin Nautiyal, Saloni Thakkar",181902
"Nitin Mukesh, Jubin Nautiyal, Saloni Thakkar, Raaj Aashoo",252842
"No Rome, The 1975",8566583
"No Te Va Gustar, Catalina García de Monsieur Periné, Flor de Toloache",2000
"No Te Va Gustar, Hugo Fattoruso",1728
"No Te Va Gustar, Jorge Drexler",56833
"No Te Va Gustar, Juan Casanova",5209688
"No Te Va Gustar, Julieta Venegas",5576903
"No Te Va Gustar, Los Mareados, La Mojigata",140550
"No.1, Heja",2514685
"No.1, Melek Mosso",21391658
"No.1, Melis Güven",57860
"No.1, Xir",2635965
"Noa Kirel, שחר סאול",524313
"Noah Carter, Benny Jamz",99971
"Noah Cyrus, Labrinth",59972688
"Noah Cyrus, Lil Xan",22955
"Noah Cyrus, MAX",15084
"Noah Kahan, Julia Michaels",22530901
"Noah, AVO",194044
"Noah, Capital Bra",1867825
"Noelia Franco, Julia Medina",30159
"Noga Erez, ROUSSO",3278
"Noifeld's Glasses, Ishay Ribo",2744
"Noizy, SNIK",100196
"Noo Phước Thịnh, Thủy Tiên",1094
"Nora Bumbiere, Raimonds Pauls, Viktors Lapčenoks",6913
"Nora Bumbiere, Viktors Lapčenoks",4771
"Nora Fatehi, Rayvanny",86456
"Nora Istrefi, Gjiko",60621
"Noriel, Eladio Carrion, KHEA, Ecko, Juhn, Jon Z",2242083
"Noriel, Manuel Turizo",8694601
"Noriel, Myke Towers, Rauw Alejandro, Almighty",127093107
"Noriel, Nicky Jam, Yandel",77840
"Noriel, Shelow Shaq, La Manta",35816
"Norlie & KKV, Junie",504863
"Norlie & KKV, estraden",33621842
"Nosstress, Dadang Sh Pranoto, Deny Surya",3438957
"Not3s, GRM Daily",514559
"Not3s, Mabel",17736978
"Not3s, Tinie Tempah",1647890
"Novel 729, Logos Timis, Lobo",1658
"Noyz Narcos, Carl Brave x Franco126",2166933
"Noyz Narcos, Luche",13959757
"Noyz Narcos, Night Skinny",2365243
"Numa, Lit Killah",1271068
"Numidia, Famke Louise",196220
"Numidia, Johnny 500",1249580
"Nura, Remoe",1929914
"Nura, SAM",3880310
"Nuski Baby, glock savvy",34969
"Nusrat Fateh Ali Khan, Rahat Fateh Ali Khan, Tanishk Bagchi",1254148
"NxtSkool, Gifted",1302
"Nyno Vargas, Juan Magán",91626
"Näääk, Fricky, Denz",5484863
"Näääk, Jireel",274534
"Népal, 3010",65443
"Népal, Di-Meh",123657
"Népal, Doums",232651
"Népal, Nekfeu",575489
"Népal, Sheldon",161127
"Númi, Alexander Jarl",1055
"Númi, Haki",4909
"Nükhet Duru, Zeynep Bastık",25417
"O-Pavee, UrboyTJ",395975
"O.G., Nimo, Celo & Abdi",729062
"O.S.T.R., Arman Kanun",26668
"O.S.T.R., Cadillac Dale",319544
"O.S.T.R., Cadillac Dale, Famson",53501
"O.S.T.R., Green",400562
"O.S.T.R., LWC, Afront",47352
"O.S.T.R., Magiera",34060
"O.S.T.R., Nicole Funk",16880
"O.S.T.R., Playground Zer0",93178
"OBOY, Aya Nakamura, Dopebwoy",9341406
"ODE, Nikke Ankara",67133
"ODESZA, Madelyn Grant",281643
"ODZ, Azide",327654
"ODZ, Masse",97788
"ODZ, Oktav",40987
"ODZ, Young Earth Sauce",1948869
"OFB, Bandokay, Double Lz",812845
"OG Eastbull, Amuly, Alex Sosa, Ian, Azteca, Super Ed, Keed, NOSFE",11987
"OG Eastbull, Nane, Tovaritch, Mago del Blocco, Dogslife, Master Code",659531
"OG Version, 7th Block",20011
"OG Version, Free Finga",23967
"OG Version, Furytto",56061
"OG Version, Furytto, Retro",6152
"OG Version, Proflame",193371
"OG Version, Proflame, Furytto",23455
"OG Version, SIK Illest",2547
"OG-ANIC, Gavin D, Nino",132238
"OG-ANIC, Lazyloxy",5699984
"OG-ANIC, Mona V",1352625
"OG-ANIC, ลําเพลิน วงศกร",99184
"OKEY, Erika Norwich",29901
"OKEY, Theo Lundestad Lawrence",23828
"OLEK, Malik Montana",63847
"OMG, Ezhel",25802
"OMG, reezy",579853
"ONEFOUR, A$AP Ferg",2319070
"OPIUM, Pyhimys, Juulia",98561
"Ocean Park Standoff, Lil Yachty",65963
"Ocs, Djaga Djaga",81410
"Octavian, Gorillaz",47880
"Octavian, Skepta",1403750
"Odd Nordstoga, Hver gang vi møtes",10390
"Odd Nordstoga, Ingebjørg Bratland",814263
"Odd Nordstoga, Norwegian Chamber Orchestra, Frida Ånnevik",366109
"Ofenbach, Quarterhead",1899263
"Oge, Elena Tsagrinou",92995
"Ohash, Ezhel",280963
"Oki, Gedz",39203
"Oki, Popkiller Młode Wilki",255066
"Oki, Szpaku",187979
"Okin, Ocan Siagian",2732269
"Okmalumkoolkat, Da Les",2737
"Ola Nordmann, RykkinnFella, Jack Dee",404320
"Ola Nordmann, Rykkinnfella & Jack Dee, Ola Nordmann, RykkinnFella, Jack Dee",29209
"Ole Hvam, Gardemusikken",13483
"Olexesh, A Boogie Wit da Hoodie",4695011
"Olexesh, AK AUSSERKONTROLLE",301794
"Olexesh, Azzi Memo, Zack Ink",2055863
"Olexesh, Bonez MC",356331
"Olexesh, CALO",3736144
"Olexesh, Capital Bra",737283
"Olexesh, Casper, Yung Hurn",58669
"Olexesh, Celo & Abdi",3574724
"Olexesh, Celo, Abdi, Hanybal",35928
"Olexesh, Edin",52946291
"Olexesh, Hell Yes",191292
"Olexesh, Jala Brat, Buba Corelli, DJ Katch",380698
"Olexesh, Krime",77290
"Olexesh, Manuellsen",895415
"Olexesh, Nimo",15330495
"Olexesh, Ufo361",147423
"Olexesh, ZippO",1575849
"Olga Bończyk, Zbigniew Wodecki, Alicja Majewska",117851
"Oli Geir, Ingó Veðurguð",9910
"Oliver Heldens, Becky Hill",294135
"Oliver Mtukudzi, Ladysmith Black Mambazo",1004
"Olkan Soycan, Jerry Key",3146
"Olli Antonio, Negatiiviset Nuoret",27883
"Ollie, SONNY",824397
"Olly Murs, Liu Yu Ning",4806
"Olly Murs, Louisa",1915903
"Olszakumpel, Sapi Tha King",197481
"Olvidate!, Marcos da costa",210963
"Olympis, Alfons, Helion, Ludwiig, Hallasen",66382
"Omar Montes, Ana Mena, Maffio",51997
"Omar Montes, Ñengo Flow",2689252
"Omar Rudberg, Lamix",628045
"Omdat Het Kan Soundsystem, DJ Jack Amai M'n Klak",7250
"Omega, Bad Bunny",573553
"Omer Adam, Adar Gold",2545
"Omer Adam, Elia Rosilio",31038
"Omer Adam, Ishay Ribo",1587111
"Omer Adam, Lior Narkis",13320
"Omer Adam, Lior Narkis, Moshe Peretz",207159
"Omer Adam, Marina Maximilian, נדב גדג', מה קשור",47941
"Omer Adam, Moshe Peretz",3877
"Omer Adam, Netta",971695
"Omer Adam, Richie Loop",2510112
"Omy de Oro, Bad Bunny, Shootter Ledo",227856
"On June, Kevi",72616
"One Bit, Noah Cyrus",7133795
"One Man Boy Band, Rasmus & Loffen",9743
"OneRepublic, Galantis",150765
"OneRepublic, Logic",1511010
"OneRepublic, Sebastian Yatra",2533290
"OnklP, Temur, Martin Hazy",18451
"Opetaia Foa'i, Lin-Manuel Miranda",202133
"Opgeblazen, Wilbert Pigmans",7445165
"Orange, Binz",151901
"Orange, Khói, Chau Dang Khoa",164685
"Organek, O.S.T.R.",13228
"Orgânico, Lourena, Sant, Rap Box",27116503
"Orgânico, SóCIRO, Pelé MilFlows, San Joe, Olívia, Rap Box",777656
"Oriente, Cynthia Luz, Delacruz",41863819
"Oriente, MC Hariel",11299045
"Original Elias, Moncho Chavea, Yotuel, C de Cama",51361
"Ornatos Violeta, Gordon Gano",3798
"Ornly You, Kanomroo",22245
"Orochi, Dallass",32154535
"Orochi, Kizzy",21143376
"Orochi, Papatinho",31593306
"Os Barões Da Pisadinha, Xand Avião",924538
"Osad, VRT",328047
"Oscar Borg, Gardemusikken",18115
"Oscar and the Wolf, Raving George",602333
"Oscar, Amuly, Ian",2129
"Oscar, Ian",645696
"Oscu, Flexo",3382692
"Oscu, Gsaias, Luck Ra, Lau G",1700825
"Osher Cohen, עומרי 69 סגל",8570
"Oshri Cohen, HUKAS",2367
"Oskar Linnros, Jireel, Ana Diaz",805816
"Oskar Oiestad, Maria Engås Halsne",65170
"Oslo Gospel Choir, Maria Haukaas Mittet",1612250
"Osmani Garcia ""La Voz"", Justin Quiles, Fuego",316388
"Osrin, ELVIRA",4748
"Otsochodzi, O.S.T.R., Taco Hemingway, Holak",1228595
"Otsochodzi, Pezet",665587
"Otsochodzi, Rosalie.",43219
"Otsochodzi, Rosalie., Oki",132969
"Otsochodzi, Taco Hemingway",13281485
"Otsochodzi, Ten Typ Mes, schafter",3135071
"Otsochodzi, Włodi",16081
"Otsochodzi, Young Igi",1622423
"Otto Knows, Klahr",26701
"Otto Orlandi, ManyFew, Melanie Fontana",290410
"Otto Orlandi, Melanie Fontana",357081
"Otto Serge, Rafael Ricardo",66534
"Oualid, Ali B",768483
"Oualid, DJEZJA",1261186
"Oui, Na Polycat, Stamp",49067
"Outlander, 9m88",907270
"Outsiders, Django Wagner",2548953
"Outsiders, Jebroer",124479
"Outsiders, Jebroer, The Darkraver",216775
"Ovy On The Drums, Beéle",19913944
"Ovy On The Drums, Mau y Ricky",3829441
"Ovy On The Drums, TINI",4035262
"Owl City, Carly Rae Jepsen",473878
"Oxmo Puccino, Orelsan",49410
"Ozan Doğulu, Demet Akalın",497411
"Ozan Doğulu, Ece Seçkin",519513
"Ozan Doğulu, Gülden Mutlu, Bahadır Tatlıöz",19866
"Ozan Doğulu, Gülden, Bahadır Tatlıöz",78161
"Ozan Doğulu, Hera",1473323
"Ozan Doğulu, Simge",46375
"Ozan Doğulu, Ziynet Sali",5568
"Ozbi, Melek Mosso",13173134
"Ozols, Intars Busulis",1167
"Ozols, Sudrabu Sirds",1039
"Ozols, ansis",1181
"Ozols, rolands če, xantikvariāts",2280
"Ozuna, Akon",5979447
"Ozuna, Anitta",12767940
"Ozuna, Anuel AA",48125736
"Ozuna, Anuel AA, Snoop Dogg",2246846
"Ozuna, Anuel AA, Wisin, Yandel",11502854
"Ozuna, Arthur Hanlon",9327815
"Ozuna, Bad Bunny, Farruko, Ñengo Flow",41722626
"Ozuna, Barloe Team",18471264
"Ozuna, Cardi B",39136907
"Ozuna, Cosculluela, Revol",9713119
"Ozuna, Daddy Yankee, J Balvin, Farruko, Anuel AA",197615519
"Ozuna, Daddy Yankee, Plan B",685972
"Ozuna, Dalex, Nicky Jam",114709
"Ozuna, Darell",11728784
"Ozuna, Diddy, DJ Snake",255482
"Ozuna, Ele A El Dominio",8650179
"Ozuna, Generacion Escogida, Christian Nieves",331324
"Ozuna, J Balvin",102908455
"Ozuna, J Balvin, Natti Natasha",1906612
"Ozuna, Lunay, Rauw Alejandro, Lyanno",46934835
"Ozuna, Mambo Kingz, DJ Luian, Bad Bunny, Wisin, Almighty",204452089
"Ozuna, Manuel Turizo",807087685
"Ozuna, Nicky Jam",1629924
"Ozuna, R.K.M & Ken-Y",633844
"Ozuna, Romeo Santos",345648031
"Ozuna, Sech",296642
"Ozuna, Swae Lee",49802
"Ozuna, Willy Rodríguez",113639
"Ozuna, Wisin, Yandel",6015492
"Ozuna, Yampi, Anuel AA",5129
"Ozuna, Zion & Lennox",936266
"Ozzy, Ant Wan",1074474
"Ozzy, Timbuktu",2873952
"P Money, Giggs",57176
"P-Hot, F.HERO, ปู่จ๋าน ลองไมค์, RachYO",127805
"P-Hot, Mindset, MVL",438096
"P-Hot, Way-G, Dreamhigh",99164
"P-Hot, YOUNGOHM",739466
"P. S. Jayhari, K. S. Harisankar",67451
"P.A.T., Separ",8359
"P.J, Adel",565457
"P.J, Dree Low",44656
"P3, Tessa, Christopher, Lukas Graham, Jada, Benjamin Hav, Clara, Don Stefano, Mads Langer",1892128
"PA Sports, Kianush",2975499
"PA Sports, Kollegah",36195
"PA Sports, RAF Camora, Bonez MC",1307131
"PARK WOO JIN, LEE DAE HWI",103697
"PARTYNEXTDOOR, Rihanna",116188556
"PAY, NODE",729514
"PDL, Skusta Clee, Jnske, Bullet D, Yuridope, Flow G",46174184
"PDL, Skusta Clee, Yuri",52089823
"PEDRO SAMPAIO, Felipe Original, JS o Mão de Ouro",110414673
"PEDRO SAMPAIO, Mc Jefinho",8782300
"PH e Michel, Belo",850833
"PILLS, The Toys",9479
"PKCZ(R), GENERATIONS from EXILE TRIBE",77535
"PKCZ(R), Hiroomi Tosaka, Crystal Kay, CrazyBoy",53018
"PKCZ(R), J SOUL BROTHERS III",2466
"PNAU, Kira Divine, Marques Toliver",310329
"POCAH, Leo Santana",186568
"POCAH, MC Mirella",30517030
"PON CHO, Paige IV",1587488
"PORTRAIT, THE RUBE",529719
"PRNY, Amuly, Abi",420763
"PRO8L3M, Artur Rojek",753947
"PRO8L3M, Majka Jeżowska",1176996
"PRO8L3M, Wanda i Banda",3788964
"PSH, Bert, FRIENDS",3076
"PSH, Cis T",6568
"PSH, Cut Dem",11271
"PSH, Katarzia",12319
"PSH, Maniak",11541
"PSH, Strapo",3435
"PSICOLOGI, Sick Luke",956547
"PSICOLOGI, Zef",356222
"PSO THUG, RK",194303
"Pabllo Vittar, Charli XCX",5064214
"Pabllo Vittar, Jerry Smith",337294
"Pabllo Vittar, Mateus Carrilho",1193873
"Pabllo Vittar, Psirico",30605535
"Pabllo Vittar, Rico Dalasam",5416857
"Pabllo Vittar, Thalia",1885009
"Pabllo Vittar, Thiaguinho MT, JS o Mão de Ouro",1838130
"Pablo Alborán, Ava Max",18502177
"Pablo Alborán, David Bisbal, Antonio Carmona, Jesse & Joy, Juanes, Pablo López, Malú, Vanesa Martín, India Martinez, Antonio Orozco, Niña Pastori, Laura Pausini, Abel Pintos, Rozalén, Shakira, Tommy Torres, Manuel Carrasco",6433109
"Pablo Alborán, David Bisbal, Antonio Carmona, Manuel Carrasco, Jesse & Joy, Juanes, Pablo López, Malú, Vanesa Martín, India Martinez, Antonio Orozco, Niña Pastori, Laura Pausini, Abel Pintos, Rozalén, Shakira, Tommy Torres",3108226
"Pablo Alborán, Pablo López",155075
"Pablo Chill-E, 0-600",1007390
"Pablo Chill-E, Chuchu Retro",11209950
"Pablo Chill-E, El Futuro Fuera De Orbita",13892363
"Pablo Chill-E, Julianno Sosa",12066
"Pablo Chill-E, Kevin Martes 13",5907271
"Pablo Chill-E, Yung Beef",2265179
"Pablo López, Antonio Orozco",30886
"Pablo López, Juanes",851006
"Paces, NYNE",50480
"Pacho El Antifeka, Daddy Yankee, Bad Bunny",2692752
"Pacosp, Pasquale Finiello",7228
"Pagan Fury, Paradox Interactive",418348
"Paithon, Guaracha Sound",946710
"Pajafella, JVG",106858
"Pakho Chau, Janice Vidal",310766
"Pakho Chau, Miriam Yeung",330438
"Pakho Chau, Yoyo Sham",106617
"Paky, Kermit",11382534
"Paky, Shiva",7896889
"Paky, Shiva, Kermit",2067872
"Palm Trees, MdL, Abi F Jones",440650
"Paluch, Joda, Szpaku",154759
"Paluch, Kobik",184235
"Paluch, PLK",160558
"Paluch, Quebonafide",285068
"Paluch, Szpaku",381077
"Paluch, Słoń",3253594
"Panos Kalidis, Tus",7430
"Paola Jara, Jessi Uribe",2196908
"Papa Noel ""Villancicos""",62347
"Paperi T, Chisu",1308333
"Paperi T, Khid",206410
"Paperi T, Mirel Wagner",104521
"Paperi T, Ringa Manner",671435
"Paperi T, SANNI, Eevil Stöö",106424
"Papi Hans, Tita",50636
"Papichamp, Ecko",23182099
"Papillon, Murta",1911479
"Papillon, Plutónio",809780
"Papon, Shradha Mishra",88710
"Paradise Hotel, Norway, Kristian René & Charlotte",67744
"Param Singh, Kamal Kahlon, Pratik Studio",1211372
"Paramocro, Boef",476084
"Parangolé, Delano",67709
"Parazitii, Adrian Despot",22411
"Parazitii, Daniel Lazar",41218
"Parham, Mwuana",1494615
"Park Bom, Whee In",4294
"Parmalee, Blanco Brown",56482
"Parra for Cuva, Anna Naklab",1901
"Party in Backyard, pewdiepie",136433
"PartyFriex, Schorre Chef",554354
"Pasabordo, Noriel",7371
"Pascal & Pearce, Locnville",1804
"Pash, Ramses Perez",1041
"Pasi ja Anssi, Portion Boys",2227502
"PastoriPike, Gracias, Kingfish, Sebastian Da Costa, Musta Barbaari, Bile",52695
"PastoriPike, Mikael Gabriel",7678
"PastoriPike, Pete Parkkonen",1022267
"PastoriPike, Stig Dogg",40450
"Pat Metheny, Anna Maria Jopek",174048
"Pate Mustajärvi, Jorma Kaariainen, Harri Marstio, Topi Sorsakoski",20354
"Patrick Brasca, Jay Chou",61124
"Patrick Brasca, Tyson Yoshi",72642
"Patrik Love ICY L, Niki 2lauda, CA$HANOVA BULHAR, Ggunja, Illja",3567
"Patron, Ati242",18408259
"Patron, Ati242, Bedo, Emboli",3639444
"Patron, Ati242, FRO",33659
"Patron, Ceg",3051373
"Patron, Dardan",2633662
"Patron, FRO",3066825
"Patron, Fate Fat",88872
"Patron, Kezzo, Fuat Ergin",13343
"Patron, Sagopa Kajmer",3726674
"Patron, Saian",1011323
"Patty Pravo, Briga",609636
"Paty Cantú, Alejandro Sanz",165960
"Paty Cantú, Jesse Baez",1396
"Paty Cantú, Juhn",6444896
"Paul Carpenter, Gimmy Weaver",6773
"Paul Elstak, Dr Phunk, Joel Beukers",42069
"Paul Kelly, The Messengers",4813946
"Paul Sinha, Frenna",454663
"Paul Sinha, Kraantje Pappie",40756
"Paul Sinha, Snelle",239464
"Paula Fernandes, Luan Santana",2602730
"Paula Gonu, Pulse",196772
"Paulie Garand, Adiss",9175
"Paulie Garand, Boy Wonder",20622
"Paulie Garand, DJ Wich",579310
"Paulie Garand, DJ Wich, 7krat3",147373
"Paulie Garand, Karlo, Djaka",1076
"Paulie Garand, Kenny Rough",729250
"Paulie Garand, Kenny Rough, Separ, Nerieš",58525
"Paulie Garand, Lenny",20665
"Paulie Garand, Miris",1162
"Paulie Garand, Supa, Idea",21603
"Paulie Garand, fiedlerski, Marcell",21386
"Paulina Rubio, Morat",3126
"Paulina Rubio, Nacho",22601
"Paulo Londra, Lenny Tavárez",149071619
"Pavel Callta, Pokáč",1385175
"Pavell & Venci Venc', ALMA",2054
"Pavell & Venci Venc', Lubo Kirov",14867
"Pavol Habera, Peter Dvorsky, Karel Gott",5288
"Payal Dev, Jubin Nautiyal",19002497
"Payung Teduh, Citra",94292
"Payung Teduh, Orkes Panawijen",271667
"Payy, Ardian Bujupi",514942
"PeR, Mārtiņš Freimanis",4171
"Pedrito Fernández, Ricky Martin, Tatiana",1321
"Pedro Calderon, D' La Crem",4131472
"Pedro Capó, Alicia Keys, Farruko",10623
"Pedro Capó, Farruko",1300121671
"Pedro Paulo & Alex, Lucas Lucco",2044108
"Pee Wee Gaskins, Muhammad Syaifullah",490689
"Peer Tasi, Maor Edri",63064
"Peer Tasi, Niv Mantzur",22092
"Peer Tasi, Pablo Rosenberg",204502
"Peer Tasi, Ron Nesher",78562
"Pekeño 77, C.R.O",150109
"Pekeño 77, Homer El Mero Mero",1342654
"Pekeño 77, Kloudy Koon",2716
"Pekeño 77, Luck Ra, Tobi",259720
"Peking Duk, AlunaGeorge, Aluna",2733431
"Peking Duk, Icona Pop",1318928
"Peking Duk, Jack River",3489635
"Peking Duk, Nicole Millar",123004
"Pelago, Maximus",49270
"Pelle Almgren, Wow Liksom",148220
"Pelo D'Ambrosio, Los Amantes del Balón",7008
"Pentagram, Şebnem Ferah",6194
"Pepe Aguilar, Melissa Robles, Ángela Aguilar, La Marisoul",49966725
"Pepe Aguilar, Ángela Aguilar, Melissa, La Marisoul",23125874
"Pepe Frantik, Hawk, Sapranov, Spine, Above The Hood",630448
"Pepe Frantik, Spine, Above The Hood, A1Roth",9981
"Pepe Frantik, Spine, Above The Hood, DJ Cron, Long3",6508
"Pepe Frantik, Spine, Above The Hood, MUNEYLXRD",3278
"Pepe Quintana, Arcangel, Nio Garcia, Darell, Casper Magico",125772
"Pepe Quintana, Ñengo Flow",575314
"Peppe Soks, DANI",150957
"Peppe Soks, Janax",13987157
"Per Gessle, Lars Winnerbäck",916970
"Perry Como, The Fontane Sisters",92932523
"Perttu, Malou",62584
"Peso Peso, Fenix Flexin",5099
"Pesso, Gasellit",21605
"Peter Nagy, Jano Bocko",4245
"Peter Power, Flying Hirsche",135701
"Peter Vanlaet, Mama's Jasje",54214
"Petit Biscuit, JP Cooper",40367
"Petit Biscuit, Lido",208444
"Petit Biscuit, Møme, Isaac Delusion",87827
"Petit Biscuit, Skott",45168
"Petr Hapka, Michal Horacek, Hana Hegerova",3747
"Petra Sihombing, Ben Sihombing",56116
"Petri Nygård, Erika Vikman",1376801
"Petri Nygård, Mariska",78856
"Petri Nygård, Vesku Jokinen",7919749
"Petter Pilgaard, Staysman",342862
"Petter, Eye N'I",232571
"Petter, Madi Banja",7515849
"Pezet, Bryndal",119296
"Pezet, Lua Preta, Oskar",190182
"Pezet, Oki, Otsochodzi, Jan-Rapowanie, Zdechły Osa",128575
"Pezet, Onar, Płomień 81, Kali, Paluch",436959
"Pezet, Onar, Płomień 81, Louis Villain",34385
"Pezet, Paluch, KęKę, Sokół, Ten Typ Mes",474503
"Pezet, Piotrek Lewandowski",1501531
"Pezet, Syny",86627
"Pezet, Taco Hemingway",291296
"Pezão, FP do Trem Bala, DJ 2F",2583067
"Phantom Caine, Yung Tory",3355
"Pharrell Williams, Camila Cabello",40439414
"Phen, MG",2556
"Phil Harris, Bruce Reitherman",3303
"Philip Emilio, Kapteinen",13161
"Philip Emilio, Unge Ferrari",111441
"Philly Moré, Frenna, Murda",482312
"Philly Moré, Snelle",3446323
"Phlake, Mercedes the Virus",2654708
"Phlake, Mercedes the Virus, Awinbeh",49882
"Phlake, Mercedes",15172
"Phoenix Rdc, Boss AC",43323
"Phoenix Rdc, GSON",1298224
"Phoenix Rdc, Jakson D'alva, Josslyn, Mike 11",21132
"Phoenix Rdc, Mike 11, Jakson D'alva, Josslyn",4953
"Phoenix Rdc, Tom Enzy",3948
"Phuong Ly, JustaTee",1163
"Phuong My Chi, Hiền Thục",1036
"Phát Hồ, JokeS Bii, Thiện",70399
"Pia Mia, Chris Brown, Tyga",14673
"Pianomies, Kube",101005
"Piateed, Gudinnen",29152
"Picture This, CXLOE",138506
"Pidde P, Landslagsbarnen",1782388
"Pietju Bell, KONO",20711
"Pietro Basile, Sarah Lombardi",638353
"Pietro Lombardi, Dardan",2448966
"Pijama Party, Cande Buasso",2018684
"Pijama Party, Chule Von Wernich",75334
"Pijama Party, Valentina Olguin",1313400
"Pil C, Annet X",500214
"Pil C, Dollar Prync, Luisa",264460
"Pil C, Ektor",389322
"Pil C, Frayer Flexking",204159
"Pil C, Marko Damian",144212
"Pil C, SAK10DENZ",304193
"Pil C, Smack",476935
"Pil C, Viktor Sheen",1154007
"Pilar Pascual, Santiago Saez",1202711
"Pind, Benjamin Hav",2506787
"Pineapple StormTv, Bob do Contra, MV Bill, Froid, Djonga, Azzy, Delacruz, Salve Malak",8143148
"Pineapple StormTv, Choice, Azzy",481240
"Pineapple StormTv, Choice, Juyè, Jean Tassy, Salve Malak",50320
"Pineapple StormTv, Chris MC, Xamã, Gson, Luccas Carlos, Kroa, Giovanni, Zara G",181540
"Pineapple StormTv, César Mc",950988
"Pineapple StormTv, César Mc, Chris MC, Luccas Carlos, Xamã",257668
"Pineapple StormTv, César Mc, Elana Dara, Kayuá, Froid, Cynthia Luz, MV Bill, Bob do Contra, Projota",21452745
"Pineapple StormTv, Filipe Ret, Delacruz, Djonga, Jogzz",133817
"Pineapple StormTv, Froid, Xamã, Dk 47, Chris MC, Cynthia Luz, Luccas Carlos",7777339
"Pineapple StormTv, Hodari, Ducon, Chris MC, Kayuá, Don L, Luccas Carlos, Maria, Salve Malak",2047278
"Pineapple StormTv, JayA Luuck, Jogzz",216643
"Pineapple StormTv, Knust, César Mc, Chris MC, Xamã, Salve Malak",14415393
"Pineapple StormTv, MC Cabelinho, Bob do Contra, Azzy, Filipe Ret, Dudu, Xamã, Orochi, Maquiny, Salve Malak",87429318
"Pineapple StormTv, MC Hariel, Negra Li, Ducon, MC Kevin o Chris, Chris MC, Matuê, Dk 47, Vitão, Salve Malak",44697482
"Pineapple StormTv, Sant, Tiago Mac, Lord, Maria, Choice, Salve Malak",44649872
"Pinhani, Kalben",66784
"Pinhani, Melis Danişmend",471569
"Pink Sweat$, Crush",52080
"Piolo Pascual, Sarah Geronimo",2773028
"Piotr Ziola, Flirtini",25872
"Piruka, 1Kilo",1412124
"Piruka, Bluay",5703918
"Piruka, Khapo",577212
"Piruka, Mota JR",581733
"Piruka, Vate, Savage",133362
"Piso 21, Black Eyed Peas",10300946
"Piso 21, Christian Nodal",188995409
"Piso 21, Micro TDH",506115499
"Piso 21, Myke Towers",64569216
"Piso 21, Nicky Jam",2298
"Piso 21, Paulo Londra",308346095
"Pitbull, Daddy Yankee, Natti Natasha",50792713
"Pitbull, El Chombo, KAROL G",59783
"Pitbull, Jennifer Lopez",63056
"Pitbull, Kesha",148924
"Pitbull, Ne-Yo",190865
"Pitbull, Ne-Yo, Lenier, El Micha",13105
"Pitbull, Rhea",2067
"Pitbull, Theron Theron",963703
"Pitbull, Yomil y El Dany",1235
"Pixa, ByeAlex",611215
"Pixa, Hiro",4168
"Pixa, Rostás Szabika",24827
"Pjotr, Snelle, Okke Punt",951350
"Pk, LUDMILLA",23766628
"Pk, Luísa Sonza",12541373
"Pk, MC Kevin o Chris, Dj Pedro Henrique",226347
"Plan B, Chencho Corleone, Farruko, Darell, Brytiago",16114061
"Plan B, Natti Natasha, Daddy Yankee, R.K.M & Ken-Y, Arcangel",7162804
"PlanBe, Otsochodzi",2770937
"PlanBe, Smolasty",153172
"PlanBe, Tymek",1904615
"Plasticboy, Bleache, Yung Nigo Drippin'",14713
"Play-N-Skillz, Daddy Yankee, Zion & Lennox",505115
"Play69, Eunique",802947
"Play69, Fler, Farid Bang",749468
"Play69, Sipo",107086
"Playboi Carti, Lil Uzi Vert",13249333
"Playboi Carti, Pi’erre Bourne",1838739
"Pleight, Pirate Snake",19405
"Plumbo, Katastrofe",540029
"Pluuto, Heleza",42735
"Pluuto, nublu",144333
"Pluuto, nublu, Reket",170442
"PnB Rock, XXXTENTACION",10421098
"Poeta Callejero, Black Jonas Point",1239
"Point, Art Marut",33339
"Poju, DJ Anton",2636046
"Pokahontaz, Kaliber 44",14015
"Poke, Chivv",1359642
"Poke, Mensa",230622
"Poke, MocroManiac",822658
"Pokáč, Anna Slovackova",3323
"Pol Granch, Natalia Lacunza",514745
"Pole., Pilar Moxó",9975357
"Polimá Westcoast, Gianluca, Young Cister",4688865
"Polimá Westcoast, Pablo Chill-E",20224781
"Polimá Westcoast, Young Cister",891507
"Polo G, Lil Tjay",1393869
"Polo G, Stunna 4 Vegas",83537301
"Polo G, Stunna 4 Vegas, NLE Choppa, Mike WiLL Made-It",20132611
"Polycat, พี่เทอด",284449
"Poncho, Felipe Herrera",37374
"Ponso, 蕭小M",4102
"Poo Bear, J Balvin",63349
"Poo Bear, Jennifer Lopez",11909
"Poo Bear, Justin Bieber, Jay Electronica",10753248
"Poo Bear, Zara Larsson",209452
"Poorchoice, Cam Sanders, Veronica Bravo",5523
"Pop Smoke, Rowdy Rebel",13849950
"Popeda, Mariska",7450
"Popkiller Młode Wilki, Opał, Qry, Koza, Oki, Karian, Lipa, Przyłu, be vis, ZetHa, Bober, Miły ATZ, Augustyn",46506
"Popkiller Młode Wilki, Zeamsone, Frosti, Kamil Pivot, White 2115, Fejz, Jan-Rapowanie",1546629
"Poptracker, ArianA",3369
"Porsche Boy, Dalyb",424961
"Portavoz, Cidtronyck",88629
"Portavoz, Stailok",503673
"Porter Robinson, Madeon",107269
"Portion Boys, HesaÄijä",134805
"Portion Boys, Pasi ja Anssi",2016310
"Post Malone, 21 Savage",265497051
"Post Malone, Justin Bieber",10199574
"Post Malone, Nicky Jam, Ozuna",3143
"Post Malone, Quavo",874602051
"Post Malone, Roddy Ricch, Tyga",54656264
"Post Malone, Swae Lee",-1494842175
"Potato, Kong Saharat",1221
"Potato, Vee Violette Wautier",113621
"Pournaras, Yze",6196
"Powfu, beabadoobee",704617566
"Praveen Koval, Chintan Chauhan, Alexandra Joy",2733
"Prem Dhillon Ft. Sidhu Moosewala, Naseeb",2258925
"Preslava, Galin",187777
"Pressa, Lil Uzi Vert, Murda Beatz",119358
"Priceless, Delany",707100
"Priceless, Eljero Elia",129356
"Priceless, Frenna, Murda",22748920
"Priceless, Le' max",204768
"Priceless, LouiVos, Brasco",550562
"Priceless, Philly Moré, Yxng Le",237035
"Priceless, Qlas & Blacka",3852497
"Priceless, Rhema & Bethel",77049
"Pricetagg, CLR",3187959
"Prince Fendi, Yung Nigo Drippin'",44591
"Prince Kaybee, AKA, Indlovukazi, Afro Brothers, Supta",3193
"Prince Kaybee, Busiswa, TNS",333550
"Prince Kaybee, Holly Rey",1167
"Prince Kaybee, Indlovukazi, Supta, Afro Brothers",298180
"Prince Kaybee, LaSoulMates, TNS, Zanda Zakuza",1176
"Prince Kaybee, Msaki",686213
"Prince Kaybee, Rose",5388
"Prince Kaybee, Shimza, Black Motion, Ami Faku",1747
"Prince Royce, Shakira",23376879
"Princesa Alba, Alizzz",181594
"Princesa Alba, Gianluca",3399026
"Prins, Rune Rudberg",13439
"Prinz Pi, Bosse",724882
"Prinz Pi, Bosse, Capital Bra",1164343
"Prinz Pi, Nessi",486820
"Priscilla Alcantara, Whindersson Nunes",28301701
"Pritam, Amit Mishra, Shilpa Rao",1545953
"Pritam, Arijit Singh",49245039
"Pritam, Arijit Singh, Antara Mitra, Nikhil D'Souza",5624088
"Pritam, Arijit Singh, Nikhita Gandhi",2486690
"Pritam, Arijit Singh, Shashwat Singh",11575312
"Pritam, Arijit Singh, Shilpa Rao",88802
"Pritam, Darshan Raval, Antara Mitra",7760927
"Pritam, Mohit Chauhan",2796050
"Pritam, Pardeep Singh Sran, Nakash Aziz",6050
"Pritam, TUSHAR JOSHI",516413
"Pritam, Tochi Raina, Rekha Bhardwaj",4104877
"Pritam, Vishal Dadlani, Shalmali Kholgade",71447
"Prodigio, G Son",28671
"ProfJam, benji price",605544
"Profeetat, Cheek, Elastinen",6341741
"Professor Green, Alice Chater",318300
"Profound Artist, Eric C.",15673
"Project Pat, Keak Da Sneak, Kafani",10603
"Projota, ANAVITÓRIA",9934806
"Projota, Anitta",474542
"Projota, Vitão",63012720
"Prusax, Ozols",4935
"Prusax, Steps",57043
"Prusax, Teacha",1284
"Prusax, Trench Mafia Locco",3633
"Prusax, VIŅA",4481
"Prusax, rolands če, xantikvariāts",3550
"Prāta Vētra, Gustavo",2348
"Prāta Vētra, Marina Kravets",52789
"Prāta Vētra, Musiqq",108879
"Pulsedriver, Tiscore",205383
"Punnany Massif, Papp Szabi",288297
"Punnany Massif, Pásztor Anna, Charlie, Pető Szabolcs",316194
"Puri, Jhorrmountain, Adje",8929990
"Puri, KILATE TESLA, Adje, Dopebwoy",33598
"Purple Disco Machine, Sophie and the Giants",80213
"Pusha T, Kanye West",7888745
"Pusha T, Rick Ross",4344180
"Pusho, MC Pablo, Lr Ley Del Rap",11372
"Pusho, Ozuna, Wisin",4106766
"Putzgrilla, TAY, Sacik Brow",4174
"Pyhimys, Aksel Kankaanranta",13815950
"Pyhimys, Ellinoora",900903
"Pyhimys, Evelina",876632
"Pyhimys, Hulda Huima",829895
"Pyhimys, Jasmine Lefrancois",126970
"Pyhimys, Miri",251508
"Pyhimys, Pepe Willberg",155072
"Pyhimys, Saimaa",4591160
"Pyhimys, Tiisu",149833
"Pyhimys, Vesta",4123455
"Pykäri, Pyhimys, Reino Nordin",39182
"Pyotr Ilyich Tchaikovsky, Claudio Abbado, Chicago Symphony Orchestra",334203
"Pøla, Apu",18627
"Púr Múdd, Andreas",1138
"Płomień 81, Pezet, Onar, Kabe",114404
"Q Twins, DJ Tira",1848
"Q.E Favelas, Sadek, GLK",951730
"QARAN, Badshah",6105091
"QUEEN BEE, DAOKO",47905
"Qlas & Blacka, $hirak",380549
"Qlas & Blacka, Blacka",4342637
"Qlas & Blacka, Felicia Tavares",28316
"Qlas & Blacka, Josylvio, Vic9",462196
"Qlas & Blacka, Kevin",430904
"Qlas & Blacka, Ronnie Flex",764146
"Qlas & Blacka, Ronnie Flex, Vic9",415572
"Qlas & Blacka, Tur-G, Andy VDM",34064
"Qry, MØJI",280803
"Qry, ZetHa",67610
"Quality Control, Lil Baby, DaBaby",40130350
"Quality Control, Migos",2433171
"Quality Control, Migos, Lil Yachty, Gucci Mane",1346569
"Quality Control, Quavo, Lil Yachty",5933217
"Quavo, Lil Pump",1406
"QueQuality, Siles, Qry, Żabson",145915
"Quebonafide, Bedoes",4081619
"Quebonafide, Duit, Daria Zawiałow",7750992
"Quebonafide, Kiełas",2376594
"Quebonafide, Klaudia Szafrańska",2910723
"Quebonafide, Kuban, Kuba Knap",13199
"Quebonafide, Kukon",249006
"Quebonafide, Mata",4036715
"Quebonafide, Mrozu",1956846
"Quebonafide, Natalia Szroeder",9158257
"Quebonafide, Paluch",145977
"Quebonafide, PlanBe & Szopeen",159521
"Quebonafide, PlanBe",1114754
"Quebonafide, Ralph Kaminski",1234804
"Quebonafide, Reto",9360625
"Quebonafide, Sentino",3047121
"Quebonafide, Smarki Smark, DJ Ike",1638996
"Quebonafide, Sokół, Czarny HIFI",3932895
"Quebonafide, Solar, Wac Toja",116759
"Quebonafide, Taco Hemingway",8785368
"Quebonafide, The Returners, Eripe",4376
"Quebonafide, Vito Bambino",1417383
"Quebonafide, Young Igi",177978
"Quebonafide, Young Lungs",179212
"Queen, David Bowie",362852697
"Quentin40, Dr. Cream",1154150
"Quimico Ultra Mega, Black Point",25379
"Quimico Ultra Mega, Bulin 47, Ceky Viciny, El Crok",83382
"Quimico Ultra Mega, Lapiz Conciente, Musicologo The Libro, BooBassKing",35557
"Quoc-Bao, Nguyen Ha",6606
"R-chord, Diana Wang",15407
"R-chord, Evangeline Wong",139023
"R-chord, Z-Chen",1333830
"R.K.M & Ken-Y, Natti Natasha",5882708
"R.Tee, Anda",5302
"R3HAB, A Touch Of Class",232788220
"R3HAB, Conor Maynard",735684
"R3HAB, Elena Temnikova",49280
"R3HAB, Ella Vos",44504
"R3HAB, Fabian Mazur",17791
"R3HAB, Felix Cartal",320367
"R3HAB, Frank Walker",623113
"R3HAB, GATTÜSO",2320516
"R3HAB, Jocelyn Alice",81702
"R3HAB, Jungleboi",8295468
"R3HAB, Kaela Sinclair",21031
"R3HAB, Lia Marie Johnson",415066
"R3HAB, MOTi, Fiora",4587
"R3HAB, Mike Williams",12247425
"R3HAB, Mokita",4240
"R3HAB, Noah Neiman",329944
"R3HAB, Quinn Lewis",6091
"R3HAB, Quintino",167847
"R3HAB, Skytech",17638
"R3HAB, THRDL!FE",295284
"R3HAB, VÉRITÉ",814246
"R3HAB, Waysons",3229
"R3SYNTH, Elias Vace",1038
"RADWIMPS, Toko Miura",58627
"RAF Camora, Ahmad Amin",908372
"RAF Camora, AriBeatz",33326452
"RAF Camora, Bausa",759230
"RAF Camora, Bonez MC",35110115
"RAF Camora, Bonez MC, Gzuz, Maxwell",13657816
"RAF Camora, Bonez MC, Gzuz, Ufo361",3918579
"RAF Camora, Gallo Nero",1824202
"RAF Camora, Gentleman",51178
"RAF Camora, Ghetto Phénomène",1845522
"RAF Camora, Joshi Mizu",965555
"RAF Camora, KC Rebell",3424080
"RAF Camora, Kontra K",728490
"RAF Camora, Lent",1919986
"RAF Camora, Maxwell, Gzuz, Bonez MC",3124383
"RAF Camora, The Cratez",14763292
"RAF Camora, Ufo361",2035364
"RAF, Fy",5072
"RAN, Hindia",2398980
"RAN, Kahitna",809992
"RAN, Yura Yunita",264663
"RAYE, Mabel, Stefflon Don",9605240
"RAYE, Mr Eazi",6350663
"REDZED, Tsunami J.",323145
"REVV, WOLKM3N",28390
"RHODES, Birdy",1365415
"RHODES, Felix Jaehn",2273479
"RIKA, Mickey Singh",10549
"RIN, Bausa",64757545
"RIRI, Junoflo",15962
"RIRI, KEIJU, Nariaki Obukuro",231492
"RITUAL, Tove Styrke",22639
"RK, Icy Narco",486138
"RK, Jul",1373000
"RK, Koba LaD",3233983
"RK, Maes",601366
"RK, PLK",477670
"RK, Sofiane",18504213
"RL Grime, Daya",52916
"RL Grime, Miguel, Julia Michaels",431048
"RM, NELL",208055
"RM, eAeon",202210
"ROLLÀN, F1rstman",917045
"ROSALÍA, A.CHAL",289787
"ROSALÍA, J Balvin, El Guincho",733020995
"ROSALÍA, Ozuna",460888992
"RPG, EggPlantEgg",36145
"RPG, RED芮德",73091
"RSAC, ELLA",10513
"RUGGED, F1rstman",152684
"Ra'is, Noah",2560121
"Ra'is, XATAR",1118233
"Raaban, Tungevaag",9677439
"Raaban, Tungevaag, Lovespeake",10932233
"Raaban, Tungevaag, Victor Crone",555671
"Rabby Racks, Bravs, Gino Stacksz, TAVV, Priceless, Sevirio",783461
"Rachel House, Auli'i Cravalho",3587
"Rachel Liang, Mixer",57707
"Rachel Liang, Ricky Hsiao",38471
"Rachel Liang, 六甲樂團",42396
"Radansa, No.1",51835
"Radikal Chef, Dymer",99439
"Radikal Chef, Indigo",40175
"Radikal Chef, LUISA",19832
"Radikal Chef, Maniak",35014
"Radikal Chef, Separ",48433
"Radistai Dj's, Beatrich",2265
"Rae Sremmurd, Gucci Mane",131153840
"Rae Sremmurd, Slim Jxmmi, Pharrell Williams",645956
"Rae Sremmurd, Swae Lee",19842326
"Rae Sremmurd, Swae Lee, Slim Jxmmi",327480704
"Raf Camor, Knochen MC",2566839
"Raf Davis, Nik Makino, M$tryo",354748
"Rafa Pabön, Brytiago, Barloe Team",1082169
"Rafa Romera, Hugo Cobo",34118
"Rafa Romera, Samantha",79275
"Rafet El Roman, Derya",6190310
"Raftaar, Karma",200355
"Raftaar, Nindy Kaur",30935
"Raftaar, Shah Rule",50797
"Raftaar, Shivi",221638
"Raghav Chaitanya, Anurag Saikia",120759
"Rahat Fateh Ali Khan, Asees Kaur, Tanishk Bagchi",5857282
"Rahat Fateh Ali Khan, Momina Mustehsan",62276
"Rahat Fateh Ali Khan, Tanishk Bagchi",672395
"Rahmania Astrini, Nino",83826
"Raiden, CHANYEOL, LeeHi, CHANGMO",835769
"Raige, Giulia Luzi",100835
"Raimonds Pauls, Nora Bumbiere, Viktors Lapčenoks",11629
"Raimonds Pauls, Nora Bumbiere, Viktors Lapčenoks, Margarita Vilcāne, Ojārs Grīnbergs",4491
"Raimonds Pauls, Nora Bumbiere, Viktors Lačenoks",1838
"Raimonds Pauls, Ojārs Grīnbergs",3758
"Raimonds Pauls, Viru vokalais ansamblis",4448
"Raimonds Pauls, Vīru Vokālais Ansamblis Edgara Račevska Vadībā",2892
"Raimonds Pauls, Zigfrīds Muktupāvels",11855
"Raimonds Pauls, Žoržs Siksna",14902
"Raisa, Dipha Barus",1095120
"Raisa, Isyana Sarasvati",1217964
"Raja Hasan, Romy",24701
"Rajaa Belmir, Omar Belmir",65919
"Rakel Pálsdóttir, Arnar Jónsson",1071
"Ralph Felix, SDJM",353770
"Ramji Gulati, Goldie Sohel",161726
"Ramji Gulati, Jyotica Tangri",298378
"Ramo, Hemso",72098
"Ramzi, Zwangere Guy, Manlike, Brackos",9464
"Random, Carl Brave",373308
"Randy, De La Ghetto",72512
"Ranjit Bawa, Desi Crew",434211
"Ranveer Singh, DIVINE, Naezy, Sez on the Beat",913480
"Ranveer Singh, Dub Sharma, DIVINE",8323074
"Ranveer Singh, Rishi Rich",340311
"Ranveer Singh, Spitfire, D-Cypher, BeatRAW",580686
"Ranveer Singh, Vibha Saraf, Ankur Tewari, Karsh Kale, Kaam Bhaari",93700
"Rari Boys, Softside",7605
"Rari Boys, Yung Nigo Drippin'",30349
"Rari Boys, Yung Nigo Drippin', Joey Christ",1025
"Rarri, Lil Xan",2390
"Rasel, Bebe, Xantos",70029
"Rashid, Luccas Carlos",15515628
"Rashid, Lukinhas",13530289
"Raskasta Iskelmää, Tony Kakko",8564
"Raskasta Iskelmää, Ville Tuomi, JP Leppäluoto, Kimmo Blom, Antony Parviainen, Tony Kakko, Antti Railio, Marco Hietala, Tuple Salmela",7799
"Rasmentalism, Białas",17470
"Rasmentalism, Dawid Podsiadło, Vito Bambino",362128
"Rasmentalism, Rosalie., Taco Hemingway",55508
"Rasmus Bjerg, Citybois",939681
"Rasmus Gozzi, Louise Andersson Bodin",20803
"Rasskulz, BKO, Saffeh",3561795
"Rasskulz, BKO, Saffeh, Ballin30, Spens, Massief",579789
"Rasster, Erin Bloomer",349683
"Rasty Kilo, Night Skinny",85570
"Rasty Kilo, Taxi B, Night Skinny",43726
"Rat City, Isak Heim",17220450
"Rat City, Kiesza",86175
"Rauf & Faik, MELALI BEATS",30644
"Rauw Alejandro, Alex Rose, Lyanno, Lenny Tavárez, Cazzu",7453902
"Rauw Alejandro, Anuel AA, Natti Natasha, Farruko, Lunay",71567794
"Rauw Alejandro, Bryant Myers",6476
"Rauw Alejandro, Chencho Corleone",127810548
"Rauw Alejandro, Chencho Corleone, KEVVO, Bryant Myers, Lyanno, Dalex",77728908
"Rauw Alejandro, Dalex, Lenny Tavárez",138633048
"Rauw Alejandro, Farruko",605193922
"Rauw Alejandro, Lary Over",5854
"Rauw Alejandro, Lyanno, Alex Rose, Lenny Tavárez",179472
"Rauw Alejandro, Lyanno, Mathew",2320
"Rauw Alejandro, Myke Towers, Sky Rompiendo",9585922
"Rauw Alejandro, Nicky Jam",96271818
"Rauw Alejandro, Nicky Jam, Brytiago, Myke Towers, Justin Quiles",3333551
"Rauw Alejandro, Wisin",776927
"Rave Republic, Luciana",55169
"Ravid Plotnik, Jimbo J",522134
"Ravid Plotnik, Sima Noon",167233
"Ravneet Singh, Vee",120378
"Rawayana, Apache",3366
"Rawayana, Willy Rodríguez, McKlopedia, La Vida Bohème",1145
"Ray J, Kurupt, LA Buck, Compton Av",41555
"Raymix, Juanes",192091
"Razi, Ahmarni",9473
"Razmara, Unge Balison",14309
"Rea Garvey, Kool Savas",10507714
"Real Madrid, Red'One",45575
"Reat Kay, Thomas Godel, Nick Lindahl, Madeleine Wood",1598
"Rebecca & Fiona, Derek Pope",34396
"Rebecca & Fiona, Marcy Chin",35857
"Recayd Mob, Derek, Dfideliz, Jé Santiago",13212032
"Recayd Mob, Dfideliz, MC Igu, Jé Santiago, Derek",2536752
"Recycled J, Aleesha",991687
"Recycled J, Don Patricio, Selecta",38949
"Recycled J, Selecta",1587207
"Red Band, Full Trunk",993173
"Red Band, Ninet Tayeb",1850
"Red Bull Pilvaker, Fluor, Deego, Szakács Gergő",478452
"Red Bull Pilvaker, Fluor, Fura Csé, Halott Pénz, Meszi",5380
"Red Bull Pilvaker, Fura Csé, Szakács Gergő, Sub Bass Monster",192981
"Red Bull Pilvaker, Lábas Viki, Sub Bass Monster, Fluor",33516
"Red Bull Pilvaker, Marsalkó Dávid, Lábas Viki",1095
"Red Bull Pilvaker, Papp Szabi, Fluor, Marsalkó Dávid, DiazBeats",8900
"Red Bull Pilvaker, Papp Szabi, Fura Csé, Bom, Szivák Zsolt",5379
"Redimi2, Alex Zurdo, Oveja Cosmica",4047
"Redimi2, Almighty",40161
"Redimi2, EL LEO",6928
"Redimi2, Jay Kalyl",3163
"Redimi2, Lizzy Parra, Angel Brown",1825
"Redimi2, Madiel Lara, DOMINICO GONZALEZ, Sr Perez",5503
"Redimi2, Samantha",5061
"Regard, RAYE",47259033
"Regev Hod, Daniel Di Angelo",37837
"Reggaeton bachata Hit, Ismael Rivera, Salsa Brava",52805
"Reggie Mills, Sick Luke, Rich The Kid, Famous Dex",58728
"Regi, Jake Reese",4895031
"Regi, Jake Reese, OT",3674199
"Regi, Milo Meskens",1865107
"Regi, OT",968560
"Reginald, Sofian Medjmedj",308044
"Regula, Dillaz",312699
"Reik, Farruko, Camilo",39054749
"Reik, J Balvin, Lalo Ebratt",346756546
"Reik, Maluma",360061531
"Reik, Manuel Turizo",74638661
"Reik, Morat",4177328
"Reik, Wisin & Yandel",10907471
"Reinis Sējāns, Intars Busulis",6059
"Reket, Avoid Dave",58048
"Reket, Gram-Of-Fun",1294
"Reket, Liis Lemsalu, Avoid Dave",125274
"Reket, Manna",186513
"Relja, Nikolija",21288
"Rels B, DELLAFUENTE",14036126
"Rels B, DL Blando",20088
"Rels B, Don Patricio",12198735
"Rels B, Duki, The Rudeboyz",1457016
"Rels B, Morad",188398
"Rels B, Nathy Peluso",704495
"Remoe, Noah, Kurdo",296067
"Remoe, Nura",3134145
"Rene Karst, Stef Ekkel",26588
"Rennan da Penha, POCAH",6497549
"Renne Dang, Ben Cristovao",55887
"Renne Dang, Blakkwood",35744
"Renne Dang, Calin",6982
"Renne Dang, Jickson",7196
"Renne Dang, Maat",7001
"Renne Dang, Momo",46475
"Renne Dang, Paulie Garand",58802
"Renne Dang, Protiva, Schyzo",13103
"Renne Dang, Radikal Chef",21818
"Renne Dang, Rest",1455755
"Renne Dang, Strapo, Majself",5820
"Renne Dang, Viktor Sheen",7084
"Residente, Bad Bunny",108179963
"Residente, Dillon Francis",3656135
"Residente, Nach",96430
"Resistiré 2020, Alex Ubago, Carlos Baute, Despistaos, Diana Navarro, Efecto Pasillo, Georgina, Mikel Erentxun, Nil Moliner, Rosana, Rulo y la contrabanda, Alvaro Soler, Conchita, David Bisbal, David Otero, David Summers, Dvicio, Efecto Mariposa, ELE, India Martinez, Jose Merce, Josemi Carmona, Pedro Guerra, Pitingo, Rozalén, Sofia Ellar, Andrés Suárez, Pastora Soler, Vanesa Martín, Blas Cantó, Melendi, Manuel Carrasco",2175800
"Ressu Redford, Pyhimys",419576
"Rest, Colectiv",19722
"Rest, DJ Wich",13419
"Rest, Michajlov",19221
"Rest, Paulie Garand",30531
"Rest, Pio Squad",5734
"Rest, Strapo, Separ",113301
"Rest, VR",31740
"Reto, Borixon, dzikakorea, Deemz",2004668
"Reto, Borixon, dzikakorea, Deemz, SecretRank",33084
"Reto, Borixon, dzikakorea, Kubi Producent",796010
"Reto, Borixon, dzikakorea, SecretRank",1480928
"Reto, Quebonafide",10396529
"Revol, Bad Bunny, Bryant Myers",10008606
"Revol, J Balvin, Bad Bunny, Arcangel, De La Ghetto",5086302
"Rex Orange County, Benny Sings",212388
"Reykon, J Alvarez, Kevin Roldan",2543565
"Reynir, Luigi",3098
"Reynmen, Ben Büdü",2443662
"Reynmen, Lil Bege",317357
"Reynmen, Ufo361",3854685
"Reynmen, Veysel Zaloğlu",585024
"Ricardo Ray, Bobby Cruz",36143
"Rich Brian, Guapdad 4000",2162040
"Rich Brian, Keith Ape, XXXTENTACION",355429
"Rich Music LTD, Dalex, Sech, Justin Quiles, Wisin, Zion, Dímelo Flow, Lenny Tavárez, Feid",38190297
"Rich Music LTD, Sech, Dalex, Justin Quiles, Lenny Tavárez, Feid",171757545
"Rich Music LTD, Sech, Dalex, Justin Quiles, Lenny Tavárez, Feid, Cazzu",23093720
"Rich Music LTD, Sech, Dalex, Justin Quiles, Lenny Tavárez, Feid, De La Ghetto, Zion & Lennox",43973396
"Rich Music LTD, Sech, Dalex, Justin Quiles, Lenny Tavárez, Feid, Mariah Angeliq",1255747
"Rich Music LTD, Sech, Dalex, Justin Quiles, Lenny Tavárez, Feid, Wisin, Zion",316832092
"Rich The Kid, 2 Chainz",912545
"Rich The Kid, YG",1110596
"Rich The Kid, YoungBoy Never Broke Again",3119031
"Rich Vagos, Samantha Barrón, Nanpa Básico",150281
"Richard Nordraak, Bjørnstjerne Bjørnson, Gardemusikken",21790
"Richie Campbell, Plutónio",8417
"Rick and Morty, Justin Roiland, Lauren Hillman, Ryan Elder",3836
"Rick and Morty, Ryan Elder",11175
"Ricky Gazetta, Alina Renae",3131
"Ricky Hsiao, A-Lin",663540
"Ricky Martin, Alejandro Sanz, Thalia, Juan Luis Guerra 4.40, Gloria Estefan, Celia Cruz, Olga Tañón, Ricardo Montaner, Ana Gabriel, Jorge Hernández, Los Tigres Del Norte, Alicia Villarreal, Alejandro Fernández, Carlos Vives, Jaci Velasquez, Marco Antonio Solís, José José, Lucía Méndez, Jennifer Lopez, Emmanuele, Chayanne, Gilberto Santa Rosa, Paulina Rubio, Alberto ""Beto"" Zapata, La Ley, Ana Bárbara, Carlos Ponce, Jon Secada, Shakira, Gian Marco, Luis Fonsi, Yuri, Miguel Bosé, Wilkins, Giselle, Melina Leon, Limi-T 21, Christina Aguilera, José Feliciano, José Luis Rodríguez",86525
"Ricky Martin, Farruko",8711
"Ricky Martin, Lamari",25498
"Ricky Martin, Residente, Bad Bunny",166642
"Ricky Rich, ARAM Mafia",38713537
"Ricky Rich, ARAM Mafia, Dani M",3873196
"Ricky Rich, Ardian Bujupi, Kids of revolution",1276443
"Ricky Rich, Kids of revolution",4540605
"Ricky-Tick Big Band, Julkinen Sana",59560
"Rico, Miss Mood, Bsw",162698
"Ricus Nel, Adam Tas, Bok Van Blerk, Refentse",110703
"Rida Radar, Bitman",11016
"Rida Radar, Captayn Freeman",13392
"Rida Radar, Deadly Hunta",7881
"Rida Radar, Pokyman",17033
"Rida Radar, Separ",35094
"Riffi, D-Double",93516
"Riffi, Ismo",183751
"Riffi, Ismo, Sevirio, Broertje",130399
"Riffi, Lijpe",213292
"Riffi, Pierrii",370478
"Rigormortiz, Breana Marin",6391
"Rigormortiz, Propayne",6220
"Rigormortiz, Tara Ivory",17673
"Rihanna, Calvin Harris",304126
"Rihanna, Drake",43447965
"Rihanna, JAY-Z",1008805
"Rihanna, Mikky Ekko",259021
"Rihanna, Ne-Yo",1783524
"Rikard Nordraak, Bjørnstjerne Bjørnson, Forsvarets Stabsmusikkorps, THE STAFF BAND OF THE NORWEGIAN ARMED FORCES, Schola Cantorum, Ingar Bergby, Tone Bianca Sparre Dahl",122097
"Rikard Nordraak, THE STAFF BAND OF THE NORWEGIAN ARMED FORCES, Schola Cantorum, Forsvarets Stabsmusikkorps, Ingar Bergby, Tone Bianca Sparre Dahl",33380
"Riki Gal, Matti Caspi",2264
"Rim'K, Alonzo",112384
"Rim'K, Dadju",3247208
"Rim'K, Koba LaD, SCH",6416256
"Rim'K, Ninho",47640004
"Rim'K, S.Pri Noir",18366
"Rim'K, SCH",470325
"Rim'K, Vald",1733409
"Rim'K, YL",446922
"Rina, Sin Boy",2418513
"Ringnes-Ronny, DJ FITTE",1666403
"Ringnes-Ronny, Kaptein Hook, Legendene",12108
"Rin音, RhymeTube",1997072
"Rio, Fi Vita Sigma",41499
"Rio, Fi Vita Sigma, Dj Mode",9638
"Rio, Fi Vita Sigma, Kako, Mani",31614
"Rio, Fi Vita Sigma, Mani",17897
"Rio, Fi Vita Sigma, Mani, Dj Mode",44898
"Rio, Fi Vita Sigma, Mastigo",9412
"Rishi Rich, Badshah, Vishal Dadlani, Payal Dev",109704
"Ritalin, Jyderne",1005918
"Riton, Nightcrawlers",54288
"Riton, Oliver Heldens",144667101
"Ritviz, Seedhe Maut",2656771
"Rivan, Abdul & The Coffee Theory",504363
"Rivo, Paleface, Brädi, Skandaali, Ironine, 2nen, Konala Cartelli, FAM",42969
"Rizky Febian, Aisyah Aziz",25285349
"Rizky Febian, Mikha Tambayong",21830558
"Rkomi, Izi",610036
"Rkomi, Marracash",6854204
"Rob Nunes, Jerry Smith",4157537
"RobGz, Anuel AA",1428
"Robbie Doherty, Keees.",8422966
"Robbie Wessels, Bok Van Blerk",12715
"Robbz x Brookz, Robbz, Brookz",3394481
"Roberta Campos, Nando Reis",68031
"Roberto Parra, Angel Parra",17701
"Robi Guid, Yemil",113853
"Robin Kadir, Simeon, Mwuana, Jamzey",24599
"Robin Schulz, David Guetta, Cheat Codes",132976455
"Robin Schulz, HARLOE",22709965
"Robin Schulz, HUGEL",2248399
"Robin Schulz, James Blunt",55309281
"Robin Schulz, Marc Scibilia",13626215
"Robin Schulz, Nick Martin, Sam Martin",83426
"Robin Schulz, Piso 21",19721806
"Robin Schulz, Wes",3655603
"Robin Thicke, T.I., Pharrell Williams",149197
"Robin Zoot, Calin, Yzomandias, Hasan",75894
"Robin Zoot, DJ Rusty",67379
"Robin Zoot, Emma Smetana",161430
"Robin Zoot, Fobia Kid, Hugo Toxxx, CA$HANOVA BULHAR",129809
"Robin Zoot, Kamil Hoffmann, Jickson",99302
"Robin Zoot, Koky, Yzomandias",408558
"Robin Zoot, Nik Tendo",264410
"Robin Zoot, Nik Tendo, Karlo",701383
"Robin, Nelli Matula",2302962
"Robinho, Mr. Saik",75672
"Robledo, Alex Martini",12986267
"Robledo, Omar Montes, Quimico Ultra Mega",1861976
"Robo Opatovsky, Jana Kirschner",4530
"Robo Opatovsky, Maria Cirova",2341
"Robyn, Röyksopp",10710
"Robyn, Zhala",291891
"Rocco Hunt, Nicola Siciliano",9440897
"Rochak Kohli, Arijit Singh, Neha Kakkar",13902032
"Rochak Kohli, Lauv, AKASA",686716
"Rochak Kohli, Navraj Hans",53037
"Rochy RD, Ceky Viciny el Mega Cherry Scom",35953
"Rochy RD, Ceky Viciny, El Cherry Scom, El Mega",180007
"Rochy RD, El Chuky",20358
"Rochy RD, Lors",2300
"Rochy RD, Mayimbaso",4554
"Rochy RD, Myke Towers, Nicki Nicole",54660
"Rochy, El Mega, Ceky Vicini",8779
"Rocio Alvarez, Terry Lex",22692
"Rocky Wellstack, Nicole Bus",58931
"Rockywhereyoubeen, Bizzey, Kraantje Pappie",494859
"Rod Stewart, Bridget Cady",3950
"Rod Stewart, CeeLo Green, Trombone Shorty",55733
"Rod Stewart, Ella Fitzgerald, Chris Botti",136820
"Rod Stewart, Michael Bublé",260722
"Roddy Ricch, NLE Choppa",166481054
"Rodney Atkins, The Fisk Jubilee Singers",1073952
"Rodolfo Aicardi, La Tipica Ra7",349194
"Rodolfo Aicardi, Los Hispanos",821472
"Rodrigo, Ulises Bueno",235148
"Roger Shah, Aisling Jarvis",127441
"Rohanpreet Singh, The Kidd",9937
"Rohff, Guirri Mafia",49729
"Rohff, Leck",104656
"Rohff, Nassi",39920
"Rohff, Niro",463273
"Rokkapela ""Parlaments""",2979
"Roll Deep, Jodie Connor",50526
"Roll Rida, Rahul Nambiar, Lady Kash, Rahul Sipligunj, Blazee, Thaman S",621265
"Rombai, Abraham Mateo, Reykon",1868411
"Rombai, Alvaro Apagón",20182
"Rombai, Marama",2855046
"Romeo Blanco, Allan Eshuijs",23328
"Romeo El Santo, Sofia Hervier",635994
"Romeo Santos, Anthony Santos, Luis Vargas, Raulin Rodriguez",17937
"Romeo Santos, Daddy Yankee, Nicky Jam",78971613
"Romeo Santos, El Chaval de la Bachata",1119342
"Romeo Santos, Elvis Martinez",627534
"Romeo Santos, Frank Reyes",922027
"Romeo Santos, Joe Veras",706305
"Romeo Santos, Juan Luis Guerra 4.40",111552
"Romeo Santos, Kiko Rodriguez",1279231
"Romeo Santos, Luis Vargas",539955
"Romeo Santos, Monchy & Alexandra",260837
"Romeo Santos, Raulin Rodriguez",924972
"Romeo Santos, Teodoro Reyes",774264
"Romeo Santos, Zacarias Ferreira",984343
"Romy, Bombay Rockers, Tanishk Bagchi",36121
"Romy, Nikhita Gandhi",941361
"Romy, Nikhita Gandhi, Tanishk Bagchi, Tigerstyle",646134
"Romy, Tanishk Bagchi, Yo Yo Honey Singh",5550134
"Romy, Vivek Hariharan, Shashwat Sachdev",11718
"Roméo Elvis, Le Motel",1169753
"Roméo Elvis, Le Motel, Angèle",853296
"Roméo Elvis, Le Motel, Grems",221450
"Roméo Elvis, Le Motel, Jan Paternoster",2713
"Roméo Elvis, Le Motel, VYNK",258097
"Ron Ng, 黃宗澤",42558
"Ronald El Killa, Alex Rose, Lenny Tavárez",1501055
"Ronghao Li, Lexie Liu",79802
"Ronnie Ferrari, Locke",1025729
"Ronnie Flex, ADF Samski",546426
"Ronnie Flex, BLØF",13919429
"Ronnie Flex, Boef",4533917
"Ronnie Flex, Bokoesam, Djahboy",994053
"Ronnie Flex, Bokoesam, Priceless",1072150
"Ronnie Flex, D-Love",1208814
"Ronnie Flex, Famke Louise",10678002
"Ronnie Flex, Frenna",16611303
"Ronnie Flex, Jacin Trill",1941154
"Ronnie Flex, James Francis, Alec Petrus",640512
"Ronnie Flex, Jonna Fraser",647599
"Ronnie Flex, Leafs",3554615
"Ronnie Flex, Lil Kleine, Mr. Polska",336455
"Ronnie Flex, Maan",14271787
"Ronnie Flex, Priceless",226863
"Ronnie Flex, Sarita Lorena",4409038
"Ronnie Flex, Sevn Alias",538190
"Ronnie Flex, Tabitha",3753042
"Ronnie Flex, Winne",1268770
"Ronny J, Sfera Ebbasta, Duki",289743
"Rooftop, AUTTA",2502522
"Roop Kumar Rathod, Sonu Nigam",13939
"Rooz, Dardan, Jayem",1442471
"Rooz, Olexesh",1086490
"Rosa Chemical, Boro Boro",60143
"Rosa Chemical, Dani Faiv",161571
"Rosa Chemical, Rkomi",331483
"Rosa Chemical, Thelonious B.",3189174
"Rosa Chemical, Wayne Santana, MACE",61843
"Rosalie., Stendek",23291
"Rose Sirintip, พีธ พีระ",1763
"Roshelle, Don Joe",76504
"Roshelle, Lele Blade",59510
"Rosie Yang, 余枫",23352
"Rota, Canbay & Wolker, Cato, Velet, Defkhan",797053
"Rotjoch United, MocroManiac, Eves Laurent, Jozo, LouiVos, SBMG, Pietju Bell, Kempi",581528
"Roxeanne Hazes, Andre Hazes",129204
"Roxx Remora, Danielle Ripley",2019
"Roxy Rosa, Chivv",204412
"Roy Kafri, Tal Tirangel, שירי מרפסת",188793
"Roy Kafri, Tal Tirangel, שירי מרפסת, Omri Anghel",21543
"Roy Kafri, Tal Tirangel, שירי מרפסת, Shuzin",14485
"Roy Kim, EZ Kim",214806
"Rozz Kalliope, Ece Seçkin",11259279
"Ruanzinho, Dany Bala",25898226
"Rubel, ANAVITÓRIA",1522542
"Ruco Chan, Nancy Wu",135652
"Rudeboyz, Nokwazi, TNS",1128
"Rudimental, Major Lazer",36006998
"Rufus Wainwright, Carla Bruni, Madeleine Peyroux, Iggy Pop, Emilie Simon, Michel Legrand",225676
"Rufus, Chaka Khan",58419
"Rum, NIT, Masew",1045
"Ruma, Bulle",16319
"Ruma, Dj Sweedy",122999
"Rupinn, Lisa Mishra",90480
"Russ Millions, Ms Banks, Lethal Bizzle, Taze, LD, Digga D",1682285
"Russ Millions, Tion Wayne, Aitch, Swarmz, Sav'o, JAY1",45793129
"Russ, Ty Dolla $ign",754188
"Ruth Reginalds, Björgvin Halldórsson",374623
"Rutvik Talashilkar, Aanandi Joshi, Shail Hada",45111
"Rv, Headie One",188049
"Rvfv, Bandaga",11880864
"Rvfv, Keen Levy",3808234
"Rvfv, Omar Montes, Daviles de Novelda",24806872
"Rvfv, Pablo Mas",8730290
"Rvssian, Anuel AA, Juice WRLD",6624250
"Rvssian, Arcangel, Farruko, Konshens, Nicky Jam",1209
"Rvssian, Bad Bunny, Farruko, Nicky Jam, Kosa",2468756
"Rvssian, Darell, Zion & Lennox",59193073
"Rvssian, Farruko, J Balvin",60369414
"Rvssian, Nicky Jam, Farruko, Arcangel, Konshens",2808277
"Rvssian, Sfera Ebbasta",43132969
"Ryan Blyth, After 6",830073
"Ryan Gosling, Emma Stone",18428484
"Ryan Roy, Itzza Primera, Legarda, Luisa Fernada w, Dejota 2021",42676
"Rytmus, Fillipian",20925
"Rytmus, Mega M, P.A.T.",116713
"Rácz Gergõ, Burai Krisztián",14668
"Rácz Gergõ, Orsovai Reni",1285200
"Rémy, Hornet La Frappe, Kalash Criminel",573917
"Rémy, Leto",8022749
"Rémy, Mac Tyer",228735
"Río Roma, Fonseca",1975294
"Río Roma, Yuridia",89416
"Röyksopp, Susanne Sundfør",28763
"S-X, KSI",137226
"S.Pri Noir, 4Keus",102055
"S.Pri Noir, Alonzo",2945358
"S.Pri Noir, Alpha Wann, Sneazzy",735629
"S.Pri Noir, Dadju",53252
"S.Pri Noir, Haute",210574
"S.Pri Noir, Laylow",105483
"S.Pri Noir, Lefa",51078
"S.Pri Noir, Leto",255575
"S.Pri Noir, Lyna Mahyem",45942
"S.Pri Noir, Nekfeu",22511150
"S.Pri Noir, Nemir",134667
"S10, Kevin, Hef",53302
"S1sco, Sosa",28673
"S9ine, ADAAM",19486
"SACHI, NÏKA",144192
"SALU, JP THE WAVY, EXILE SHOKICHI",290377
"SAMMY & LESEN, Alvaro Valencia",6645
"SAMMY & LESEN, Bass Ball",6350
"SAMMY & LESEN, Dafne",6471
"SAMMY & LESEN, Lily Caro",6604
"SAMMY & LESEN, Minerva Mercado",6543
"SAMY, Eno",317016
"SANÉ, IKE",15591
"SB Maffija, Bedoes, Białas, Moli, Solar",535066
"SB Maffija, Bedoes, Białas, White 2115",533515
"SB Maffija, Beteo, Białas, Mata, Adi Nowak, White 2115, Lanek",22237
"SB Maffija, Beteo, Janusz Walczuk, Jan-Rapowanie, Solar, Mata, Moli, Adi Nowak, Białas",173759
"SB Maffija, Białas, Jan-Rapowanie, Lanek, Moli, Beteo, Kacperczyk",786053
"SB Maffija, Deemz, Bedoes, PlanBe",2390538
"SB Maffija, Jan-Rapowanie, Janusz Walczuk, Białas, White 2115, Bedoes, Adi Nowak, Beteo, Mata, Solar",1773994
"SB Maffija, Kacperczyk, Jan-Rapowanie, Solar, Janusz Walczuk, Moli, Adi Nowak",695943
"SB Maffija, Mata",195194
"SB Maffija, Mata, Bedoes, White 2115, Solar, Janusz Walczuk, Adi Nowak",764257
"SB Maffija, Mata, White 2115, Jan-Rapowanie, Janusz Walczuk, Kacperczyk, Beteo",1900013
"SB Maffija, Mata, White 2115, Jan-Rapowanie, Janusz Walczuk, Kacperczyk, Beteo, Adi Nowak",220851
"SB Maffija, White 2115",3019283
"SB Maffija, White 2115, Bedoes",600817
"SBM, J Balvin, Zion, Lennox",126844
"SBMG, Boef",21972451
"SBMG, D-Double, MocroManiac, Josylvio",968905
"SBMG, Diquenza",3270752
"SBMG, Elliven",1077039
"SBMG, Eves Laurent, Geechi",238438
"SBMG, Frenna",576960
"SBMG, Jayh, Zefanio",913772
"SBMG, Jonna Fraser",14257
"SBMG, Josylvio, Sevn Alias, D-Double, Stijco",33215
"SBMG, Kojo Funds",708652
"SBMG, Latifah",1708856
"SBMG, Lil Kleine",9467931
"SBMG, Monsif",269867
"SBMG, NAVI",1823010
"SBMG, Stijco, Lil Kleine",2461671
"SBMG, Willie Wartaal, Dio, Big2, Sef",17474
"SCRUBB, Vin Siriwong",35322
"SDJM, Conor Maynard",36597
"SDP, 257ers",59465
"SDP, Bela B.",421292
"SDP, Capital Bra",38731621
"SDP, Prinz Pi",85012
"SDP, Sido",39243
"SEULGI, CHUNG HA, SinB, JEON SOYEON",113624
"SFB, Broederliefde, Ronnie Flex",87857
"SFB, Dopebwoy, Leafs",8945012
"SFB, Jayh",441988
"SFB, Jonna Fraser",1107492
"SFB, Josylvio",333673
"SFB, Lijpe, Boef",794803
"SFB, Murda",14638116
"SFB, Philly Moré, F1rstman",4767634
"SFB, Rabby Racks",126895
"SFB, Ronnie Flex",15304689
"SFB, Sevn Alias",790072
"SFB, Tabitha",273186
"SFB, Zefanio",1228507
"SG Lewis, Clairo",4524
"SHADE VALINTINO, Jaquae",1083
"SHAED, ZAYN",31893414
"SHAUN, Advanced",32370
"SICKOTOY, Minelli",261273
"SICKOTOY, Roxen",17093
"SIN, Ohm Cocktail",799381
"SINAN, Macky",175183
"SINAN, Matte Caliste",2101369
"SJUR, B-Case",846360
"SJUR, Boye & Sigvardt",16243
"SKII6, Cledos, ibe",13872
"SKY-HI, SALU",2027
"SKiNNY BARBER, Fobia Kid",7212
"SKiNNY BARBER, STEIN27",16689
"SKiNNY BARBER, Sensey",4368
"SKiNNY BARBER, Sensey, Young Multi",25646
"SL, Chip",1242577
"SL, Kenny Beats",734265
"SLUMBERJACK, Vera Blue",46487
"SMC Lähiörotat, K.V.N, Lobo",70185
"SNIK, A!MS",1865954
"SNIK, Capo Plaza",945089
"SNIK, Guè Pequeno, Noizy, Capo Plaza",4408389
"SNIK, Light",86232
"SNIK, Mad Clip",1754119
"SNIK, Mente Fuerte",799560
"SNIK, Noizy",1101880
"SNIK, Tamta",3999078
"SOIL & “PIMP” SESSIONS, Daichi Miura",17078
"SOYOU, BAEKHYUN",3309
"SRNO, David Benjamin",287705
"STARLYTE, Sophia Fredskild",51124
"STEIN27, ConspiracyFlat",127277
"STUK, Zanger Kafke",213387
"SUPER JUNIOR, Leslie Grace, Play-N-Skillz",556807
"SUPER JUNIOR, Reik",325520
"SXTEEN, Mula B",2370632
"SXTEEN, Poke",868423
"SZA, Calvin Harris",28776897
"SZA, Game of Thrones",37704896
"SZA, Justin Timberlake",39023504
"SZA, The Weeknd, Travis Scott, Game of Thrones",36936606
"SZA, Travis Scott",712300
"SZK, ADHD",50122
"SZK, Barnakór Lindakirkju, Ra:tio",17471
"SZK, DiljáFKNPé",17427
"SZK, Króli",145572
"SZK, freyja",9605
"Saad Lamjarred, Mohamed Ramadan",1315876
"Sabaton, Apocalyptica",8019
"Sabela, Marilia Monzón",68303
"Sabela, Miki Núñez",160334
"Sabina Ddumba, Mr Eazi",592644
"Sabrina Carpenter, Jonas Blue",27210635
"Sabrina Carpenter, Saweetie",47234
"Sabrina Carpenter, Shanti Dope",73072
"Sachet Tandon, Dhvani Bhanushali, Tanishk Bagchi",15075079
"Sachet Tandon, Parampara Tandon, Sachet-Parampara",23054365
"Sachet Tandon, Rochak Kohli",24961
"Sachet Tandon, Sachet-Parampara",25896750
"Sachet Tandon, Sachin-Jigar",2022696
"Sachet Tandon, The Fusion Project",9330479
"Sachin-Jigar, Arijit Singh, Priya Saraiya",210008
"Sachin-Jigar, Badshah, Shalmali Kholgade, Gurdeep Mehendi",6693696
"Sachin-Jigar, Darshan Raval, Neha Kakkar",6372021
"Sachin-Jigar, Jubin Nautiyal, Asees Kaur",3928262
"Sachin-Jigar, Mika Singh, Nikhita Gandhi, Benny Dayal",172138
"Sachin-Jigar, Shreya Ghoshal, Tochi Raina",40992
"Sachin-Jigar, Vishal Dadlani, Jonita Gandhi",122403
"Sad Eye, Chris Kilroy, Swedish Red Elephant",156961
"Sadam, Dof Twogee",319365
"Sadam, Savv",16982
"Sadek, Dinos, Ixzo",515951
"Sadek, Kofs",336201
"Sael, El Villano, Mozthaza",680332
"Sagi Abitbul, Guy Haliva",12392
"Sagopa Kajmer, Bergen",97794
"Saian, Allame",19752
"Saian, Kst",85931
"Saif Amer, Mahmoud El Turky",41380
"Sak Noel & Salvi, Sean Paul",1940076
"Sal Priadi, Nadin Amizah",25130097
"Salatiel, Pharrell Williams, Beyoncé",5548
"Saliboy, GWG",3099836
"Saliboy, Rob Bourne",1814661
"Salim, Amenazzy",66848
"Salim–Sulaiman, Maher Zain",6944
"Salim–Sulaiman, Sukhwinder Singh, Marianne D'Cruz, Jaideep Sahni",11731
"Salma Rachid, Mok Saib",88245
"Salman Ali, Muskaan, Sajid-Wajid",15859
"Salman Khan, Payal Dev, Sajid-Wajid",38885
"Salvador Da Rima, NOG, Mc Kevin, MC Ryan SP, Mc Lele JP",1788335
"Sam C.S., Anirudh Ravichander",153637
"Sam Feldt, Akon",428518
"Sam Feldt, Deepend, Teemu",301094
"Sam Feldt, Hook N Sling",112697
"Sam Feldt, Kate Ryan",36545
"Sam Feldt, LVNDSCAPE",1692594
"Sam Feldt, Lucas & Steve, Wulf",207740
"Sam Feldt, Lush & Simon",368749
"Sam Feldt, Möwe",97863
"Sam Feldt, Sigma",3415803
"Sam Feldt, VIZE",817670
"Sam Feldt, Yves V",4511
"Sam Hui, Leslie Cheung",30831
"Sam J'taime, Moeman",38607
"Sam Smith, John Legend",41690
"Sam Smith, Logic",1200736
"Sam The Kid, Boss AC",4573
"Sam's, Lacrim",511651
"Samanta Tina, Arnis Račinskis, Jānis Zvirgzdiņš",2214
"Samantha, Javy Ramírez",32771
"Samey, Ben Cristovao",483576
"Samey, Ego, Dalyb",239166
"Samey, Gleb",555418
"Samey, Saul",239093
"Samey, Taomi",375263
"Samey, Yzomandias",308182
"Samey, Yzomandias, Ego",128136
"Samey, Zayo, Saul",459644
"Sami, Lil Lano",2271913
"Samir & Viktor, TIX",205700
"Samir Badran, Sigrid Bernson",302157
"Sammi Cheng, Tie Shu Lan",14309
"Sammie Halliday, Yxng Bt",2891
"Sammy Sum, Prudence Liew",11562
"Sammy Sum, 莫凱謙, 享樂團",2341
"Samra, Capital Bra",234291626
"Samra, Capital Bra, Brudi030, Kalazh44",16995720
"Samra, ELIF",28341743
"Samson, EME",151219
"Samthing Soweto, DJ Maphorisa, Kabza De Small, Mfr Souls",335747
"Samthing Soweto, Makhafula Vilakazi",42791
"Samthing Soweto, Mlindo The Vocalist, DJ Maphorisa, Kabza De Small",61609
"Samthing Soweto, Sha Sha, DJ Maphorisa, Kabza De Small",935830
"Samuel Heron, Lo Stato Sociale",56745
"Samuel Heron, Sick Luke",3615674
"Samuel Heron, TY1",42512
"Samuel Heron, Tony Effe",260730
"Samuel Kim, Black Gryph0n",208581
"Samuel, Jovanotti",14495
"Samurai Jay, Dat Boi Dee",73401
"Samurai Jay, M4W, Dat Boi Dee",20934678
"San E, Hwa Sa",2440
"San Holo, Bipolar Sunshine",3084
"San Joe, Freitera",2713264
"Sanctuary of The Lonely, 鄭叡鴻, 罌粟, 王小宇",9470
"Sandee Chan, Waa Wei",43569
"Sandee Chan, 許正泰",6220
"Sander Mölder, Daniel Levi",5032
"Sander Mölder, NOËP",20241
"Sander Wazz, KHEA, Ecko",456647
"Sandhy Sondoro, Monita Tahalea",12421
"Sandra Lyng, Morgan Sulele",34384
"Sandra Lyng, Temur",177156
"Sandra Lyng, Vidar Villa",1070453
"Sandrine Pinna, Nana Lee, Fan Yi Chen, 林慶台, 趙詠華, Suming, 米非, Juan Ying Zhuang, Zhong Yu Lin, 馬念先, Wei Min Ying, Min Xiong Lee",92458
"Sandro Cavazza, Brother Leo",154427
"Sandro Cavazza, Lou Elliotte",923769
"Sandro Cavazza, P3GI-13",17724471
"Sandy, ANAVITÓRIA",15412506
"Sandy, Lucas Lima",85521
"Sandy, Tiago Iorc",3330649
"Sandzo, Olexesh",71710
"Sani, Kasmir",6498
"Sanjith Hegde, Arjun Janya",110084
"Sanluis, Chino & Nacho",97052
"Sanna, Shirley & Sonja",1529739
"Sanne Salomonsen, Nikolaj Steen",1098934
"Sansar Salvo, Can Kazaz",261963
"Sansar Salvo, Ceza",50780
"Sansar Salvo, Kaan Boşnak",6404193
"Sansar Salvo, Koray Avcı",11600
"Santaferia, Illapu",6553867
"Santana the Golden Boy, Amenazzy, Noriel",33562
"Santiago Cruz, Andrés Cepeda",8596
"Santiago Cruz, Manuel Medrano",20135
"Santiago Cruz, Miranda!",13511
"Santiago Cruz, Morat",494126
"Santiago Cruz, Vicente Garcia",6882
"Santiago SaySo, Kevin Hues",7636
"Sapobully, Greg Willen",161843
"Sara Farell, Simon Samaeng",55203
"Sara Gold, SOFIA",168382
"Sara Varga, Juha Mulari",339840
"Sarah Dawn Finer, Malena Ernman",359167
"Sarah Geronimo, This Band",33010
"Sarah Geronimo, Yeng Constantino",651074
"Sarath Santosh, Ramya Behra",106447
"Sarit Hadad, MaZeZe",2254
"Sarius, Gedz",91370
"Sarius, Gibbs",27731394
"Sarius, Gibbs, Szpaku",4535385
"Sarius, Szpaku",149306
"Sarpsborg Kammerkor, Forsvarets Stabsmusikkorps",51693
"Sartiboy, Lary Over",27498
"Sash!, Olly James",38250
"Saske, Baghdad",656310
"Saske, Beyond",265504
"Saske, DJ PaCo",1262847
"Saske, Givi",474320
"Saske, Kareem Kalokoh",216964
"Saske, Kareem Kalokoh, Grandbois",96121
"Saske, Kareem Kalokoh, Moose, Grandbois",163552
"Satra B.E.N.Z., Azteca",9388
"Satra B.E.N.Z., Damia",45051
"Satra B.E.N.Z., Domnul Udo, Amuly, Ian, Azteca, Nane",53324
"Satra B.E.N.Z., Golani",1575
"Satra B.E.N.Z., Liviu Teodorescu",1533
"Satra B.E.N.Z., Loredana",8944
"Satra B.E.N.Z., Nane",43730
"Satra B.E.N.Z., Oscar",9382
"Satra B.E.N.Z., Oscar, Amuly",5185
"Satra B.E.N.Z., Tony 1",9250
"Saul, Ego",39985
"Saul, Gleb",40585
"Saul, Marko Damian",29092
"Saul, Taomi",31382
"Saulės Kliošas, JUSTÉ",66995
"Savage Plug, 7liwa",2379
"Savas, Sido",567360
"Saxx in the City, Teza Sumendra",139884
"Sayedar, Önder Şahin, Ceza",2248993
"ScHoolboy Q, Kanye West",104506
"ScHoolboy Q, Kendrick Lamar",40051
"Schwesta Ewa, Bonez MC",668624
"Schwesta Ewa, SXTN",1227954
"Scooter, FiNCH",2636284
"Scooter, Harris & Ford",13922
"Scooter, Xillions",1545
"Seakret, Anitta, Jojo Maronttinni",2135708
"Sean Finn, Corona",32075
"Sean Paul, David Guetta, Becky G",253267123
"Sean Paul, Dua Lipa",82251005
"Sean Paul, Ellie Goulding",834916
"Sean Paul, J Balvin",291591630
"Sean Paul, Jeremy Harding, Murray Elias",11203
"Sean Paul, Major Lazer",3664158
"Sean Paul, Migos",41676
"Sean Paul, Stefflon Don",50386
"Sean Paul, Tove Lo",4625845
"Sean Paul, YG",12566
"Season Five, Stamp, Fong Beer",3939014
"Season Five, The Parkinson",8247634
"Sebastian Stakset, Einár",2512205
"Sebastian Stakset, SINAN",65159
"Sebastian Yatra, Beret",54623458
"Sebastian Yatra, Cali",10098
"Sebastian Yatra, Camilo",3970276
"Sebastian Yatra, Cosculluela, Cali Y El Dandee",19593318
"Sebastian Yatra, Daddy Yankee, Natti Natasha, Jonas Brothers",217159423
"Sebastian Yatra, Dalmata",72816321
"Sebastian Yatra, Isabela Merced",47867
"Sebastian Yatra, Luis Figueroa, Lary Over",309066696
"Sebastian Yatra, Mau y Ricky",385432664
"Sebastian Yatra, Mau y Ricky, Farruko, Sharo Towers",587411
"Sebastian Yatra, Nacho, Wisin",59562252
"Sebastian Yatra, Rauw Alejandro, Manuel Turizo",32559738
"Sebastian Yatra, Rauw Alejandro, Manuel Turizo, Cosculluela, Lalo Ebratt, Llane, Dalmata",3154464
"Sebastian Yatra, Reik",398867340
"Sebastian Yatra, Ricky Martin",4095304
"Sebastian Yatra, Ñejo, Dalmata",793360
"Sech, Alex Rose",1139059
"Sech, Arcangel, Gigolo Y La Exce",223253
"Sech, BCA",29424
"Sech, Daddy Yankee",12752285
"Sech, Dalex",506400
"Sech, Darell",774521991
"Sech, Duboski, Yemil",79387
"Sech, Farruko",31376
"Sech, Farruko, Zion & Lennox",65976287
"Sech, Justin Quiles",24615240
"Sech, Justin Quiles, De La Ghetto, Dímelo Flow",30467843
"Sech, Justin Quiles, Jowell & Randy, Dímelo Flow",97255
"Sech, Justin Quiles, Maluma, Nicky Jam, Farruko, Dalex, Lenny Tavárez",365239807
"Sech, Lenny Tavárez",160970
"Sech, Manuel Turizo",10621164
"Sech, Martin Machore",46588
"Sech, Mozart La Para, Farina",750709
"Sech, Myke Towers",1342979
"Sech, Nando Boom",74154
"Sech, Ozuna",324517540
"Sech, Ozuna, Anuel AA, Darell, Nicky Jam",507277812
"Sech, Zion & Lennox",102836
"Secreto ""El Famoso Biberon""",375706
"Secreto ""El Famoso Biberon"", Black Jonas Point, Liro Shaq",741455
"Secreto ""El Famoso Biberon"", Ceky Viciny",649640
"Secreto ""El Famoso Biberon"", El Fecho, Nino Freestyle",92293
"Secreto ""El Famoso Biberon"", Farruko",9517
"Secreto ""El Famoso Biberon"", Lapiz Conciente, Musicologo The Libro",5721
"Secreto ""El Famoso Biberon"", Nino Freestyle, El Pecho",183777
"Secta, МБТ",3054
"Secta, ПРИМ",1072
"Secta, Симбад",1212
"Secta, Чибук",1187
"Section Pull Up, DJ Mike One",20938
"Seeb, Bastille",15459368
"Seeb, Dagny",42708427
"Seeb, Goodboys, HRVY",1190309
"Seeb, Goodito Frito",139166
"Seeb, Greg Holden",574356
"Seeb, Highasakite",3142964
"Seeb, Jacob Banks",3556731
"Seeb, Neev",16304
"Seeb, Olivia O'Brien, Space Primates",570706
"Seeb, R. City",1812695
"Seeb, Skip Marley",1458829
"Seeb, Skylar Grey",16621
"Seeb, Zak Abel",489107
"Seffelinie, Lijpe",30793
"Sehabe, Aydilge",6828187
"Sehabe, Şanışer",8742
"Seinabo Sey, Jacob Banks",335606
"Seinabo Sey, Vargas & Lagola",1069447
"Seksikäs-Suklaa, Dosdela",2190854
"Seksikäs-Suklaa, Prinssi Jusuf",36696
"Selami Şahin, Burcu Güneş",55189
"Selda Bağcan, Ahmet Kaya",571421
"Sele, Ripen",741189
"Selecta, Recycled J",122106
"Selena Gomez, Marshmello",376094208
"Selmon, Ufo361",322264
"Semi Tee, Ma Lemon",1935
"Semi Tee, Miano, Kammu Dee",584920
"Semi Tee, Miano, Kammu Dee, Ora Dee",10215
"Senidah, RAF Camora",8868439
"Senkise, Hiro",819157
"Senkise, Majka",1186731
"Sensey, Boyana",10586
"Sensey, Fobia Kid, Sergei Barracuda",24376
"Sensey, Hugo Toxxx",31471
"Sensey, Roxana",1145049
"Sensey, SKiNNY BARBER",1406612
"Sensey, Sergei Barracuda",43809
"Sentino, Bedoes",483367
"Separ, AstralKid22, Dokkeytino, Tisci, Tvrnflx",106839
"Separ, Ben Cristovao",293751
"Separ, Bitman, Rest",156441
"Separ, DJ Wich, Lvcas Dope",2330
"Separ, DMS",177828
"Separ, Dame, Kali",11580
"Separ, Dano Kapitán",197550
"Separ, Erik Tresor",117292
"Separ, Kali, Dame",2834
"Separ, Karlo, Nik Tendo, Yzomandias",237436
"Separ, Lvcas Dope, DJ Wich",2339
"Separ, Matej Straka",43552
"Separ, Nerieš",148773
"Separ, TVRNFLX, Dokkeytino, AstralKid22, Tisci",20334
"Separ, Tina",237801
"Separ, Yzomandias",172619
"Separ, Yzomandias, Karlo, Nik Tendo",48279
"Separ, Čis T, Strapo",763597
"Serdar Ayyıldız, Seren Uzun",502450
"Serdar Ortaç, Yıldız Tilbe",8059
"Sergei Barracuda, Ektor",42535
"Sergei Barracuda, Palermo",45652
"Sergei Barracuda, Pastor",24566
"Sergei Barracuda, Rytmus",52495
"Sergei Barracuda, Sensey",115234
"Sergei Barracuda, Smack",12631
"Sergei Barracuda, Smack, Pil C",84536
"Sergio Echenique, Lo Blanquito",29738
"Sergio Echenique, Milo K",3467
"Sergio Ramos, Demarco Flamenco",722254
"Sero El Mero, Carvelo El Mero",87924
"Sero, Paula Douglas",516425
"Server Uraz, Ceg, Fery",335921
"Seth MacFarlane, Sara Bareilles",141954
"Seven Kayne, KHEA, Bhavi, Omar Varela, MYKKA",4292767
"Sevenn, Alok",1308788
"Sevn Alias, 3robi",174058
"Sevn Alias, AG BLAXX",113649
"Sevn Alias, Ashafar",520144
"Sevn Alias, Beenie Man",444210
"Sevn Alias, Beertje, Lucass",183685
"Sevn Alias, Blanco",247126
"Sevn Alias, Boef",2758956
"Sevn Alias, Candy Dulfer",3527230
"Sevn Alias, Chivv, Lijpe",3722818
"Sevn Alias, Idaly, Jonna Fraser",134655
"Sevn Alias, JoeyAK",1077088
"Sevn Alias, Jonna Fraser",2115354
"Sevn Alias, Josylvio",6120979
"Sevn Alias, Josylvio, F.I.",731758
"Sevn Alias, Kevin",652456
"Sevn Alias, Kevin, Hef",437190
"Sevn Alias, Kevin, Josylvio, Kempi",562382
"Sevn Alias, Lil Kleine",419808
"Sevn Alias, Lil Kleine, Boef",7377140
"Sevn Alias, Lucass",280912
"Sevn Alias, Maan",3207695
"Sevn Alias, Mr. Probz",728961
"Sevn Alias, Mula B, Trobi",17780632
"Sevn Alias, Ronnie Flex",737729
"Sevn Alias, Sigourney K",679459
"Sexmane, Ege Zulu",1176924
"Seyfi Yerlikaya, Özge Öz Erdoğan",17549
"Sezen Aksu, Okay Barış",161309
"Sfera Ebbasta, Charlie Charles",62264
"Shabab Sabri, Divya Kumar, Sajid, Sajid-Wajid",140519
"Shade, Federica Carta",28724187
"Shadow Blow, Akim",1853
"Shadow Blow, Bryant Myers, Tivi Gunz",127349
"Shadow Blow, Lapiz Conciente",3346
"Shadow Blow, Lito Kirino",1791
"Shadow Blow, Mozart La Para",5590
"Shadow Blow, Quimico Ultra Mega",2158
"Shadow Blow, Rochy RD, Alofoke Music",23042
"Shaggy, Rik Rok",3925878
"Shah Rule, D'Evil, Aavrutti, Saifan, Sammohit, Sledge, Frenzzy, Karan Kanchan",6344
"Shahyn, L5VAV",273746
"Shaka Loveless, Wafande",121926
"Shaked Komemy, Axum",40018
"Shakespeare verður ástfanginn, GDRN",5005
"Shakira, Alejandro Sanz",55571
"Shakira, Anuel AA",212979159
"Shakira, Maluma",342963024
"Shallou, Riah",18326
"Shane Eagle, BAS",1021
"Shane Eagle, Caleborate",4228
"Shane Eagle, Cruel Santino, BAS",3599
"Shane Eagle, J-Tek",5904
"Shane Eagle, Kota the Friend",1845
"Shane Eagle, Lute",4937
"Shane Eagle, Nasty C",20603
"Shane Eagle, PatricKxxLee",3531
"Shane Eagle, The Hics",6333
"Shane Eagle, Themind",1807
"Shankar Mahadevan, Udit Narayan, Harsh Upadhyay, Shankar-Ehsaan-Loy",190270
"Shannon K, Annabel K",20523
"Shanti Dope, Gloc 9",4980423
"Sharlene, Fuego",13054
"Sharon Shannon, Steve Earle",18655
"Sharry Mann, Mista Baaz",5982
"Shashwat Singh, Jonita Gandhi",15438
"Shaun Bate, Ahsha",111026
"Shaun Frank, Alicia Moffet",30329
"Shawn Hook, Vanessa Hudgens",6038049
"Shawn Mendes, Camila Cabello",-1536802637
"Shawn Mendes, Zedd",48839506
"Shawn Mendes, teddy<3",989234
"Shay, Niska",8265048
"She, in the haze",1562
"Sheen & Jickson, Hasan",19973
"Sheen & Jickson, Kamil Hoffmann",21086
"Sheen & Jickson, Nik Tendo",539181
"Sheen & Jickson, Robin Zoot",214775
"Sheen & Jickson, Yzomandias",87316
"Sheena Ringo, Hiroji Miyamoto",2338185
"Sheena Ringo, Tortoise Matsumoto",93442
"Sheena Ringo, ヒイズミマサユ機",8248
"Sheena Ringo, 櫻井敦司",16806
"Shellerini, Gibbs, Paluch, Sarius",1801649
"Shellerini, Paluch, Sarius, Gibbs",224842
"Shelow Shaq, Farruko, Quimico Ultra Mega, Mozart La Para",17941
"Shenseea, Konshens, Rvssian",153092
"Sheryl Sheinafia, Ariel NOAH",24639
"Sheryl Sheinafia, Rizky Febian, Chandra Liow",6305202
"Shevchenko e Elloco, MC Mari, MC 10G",77299
"Shi Shi, Waa Wei",4633
"Shilpa Rao, Anand Bhaskar, Abhijeet Srivastava",37238
"Shindy, Shirin David",54599615
"Shiva, Eiffel 65",19259803
"Shiva, Eiffel 65, Gabry Ponte",217780
"Shiva, Pyrex",14588424
"Shiva, tha Supreme",17146549
"Shlomi Shaban, Chava Alberstein",2297
"Shlomi Shabat, Eliad",349149
"Shlomo Artzi, Omer Adam",135861
"Shlomo Gronich, Shlomo Ydov, Shem-Tov Levy Ensemble",4709
"Sho Madjozi, Ycee",4562
"Shobee, Madd",11584
"Shoreline Mafia, Rob Vicious",4637244
"Shota Shimizu, Izumi Nakasone",25774
"Shota Shimizu, Miliyah",8492
"Shota Shimizu, SALU",270404
"Shotas, Koba LaD",6806700
"Shotgun Willy, Yung Craka",306758
"Shout for England, Dizzee Rascal, James Corden",100177
"Show-Menn, Ingi Bauer",1220
"Showtek, Brooks, Natalie Major",5470
"Showtek, MOTi",117586
"Shreya Ghoshal, Nakash Aziz, Vishal-Shekhar",5935004
"Shreya Ghoshal, Osman Mir",19274
"Shuta Sueyoshi, ISSA",2993
"Shweta Mohan, Shankar Mahadevan, Shankar-Ehsaan-Loy",2939363
"Sia, Diplo, Labrinth, LSD",509307062
"Sia, LSD",20175729
"Siboy, Benash, Damso",9991266
"Siboy, Booba",422701
"Sickflip, Ritviz, Seedhe Maut",100961
"Sid Sriram, Aishwarya Ravichandran, Justin Prabhakaran",666070
"Sid Sriram, Dhruv Vikram, Banita Sandhu",4510766
"Sid Sriram, Neha S. Nair, Jakes Bejoy",601163
"Sid Sriram, Shreya Ghoshal",517286
"Sid Sriram, Thaman S",72117
"Siddharth Basrur, Jubin Nautiyal, Sachin-Jigar",900301
"Side Baby, DrefGold",4156529
"Side Baby, Luche",665924
"Side Baby, PSICOLOGI, MACE",408295
"Side Baby, PSICOLOGI, Night Skinny",48492
"Sidhu Moose Wala, Afsana Khan",3752735
"Sidhu Moose Wala, KID",156580
"Sidhu Moose Wala, MIST, Steel Banglez",2524476
"Sidhu Moose Wala, Prem Dhillon, NseeB",3003560
"Sidhu Moose Wala, R Nait",95233
"Sidhu Moose Wala, Sonam Bajwa",12791
"Sidhu Moose Wala, Sunny Malton",4651
"Sidhu Moose Wala,Amrit Maan",1368281
"Sidney Samson, Shaggy",3064
"Sido, Apache 207",83537460
"Sido, Casper",759018
"Sido, Haftbefehl, Kool Savas",4416450
"Sido, Johannes Oerding",14230337
"Sido, Luciano",17062354
"Sido, Monchi",14295922
"Sido, SANTOS",496546
"Sido, Samra, Kool Savas",10249198
"Sido, YONII, BEKA",8725200
"Sidoka, FBC",1652817
"Sierra Kidd, Edo Saiya",98959
"Sifax, Bakyl, Worms-T, Sofiane",55650
"Sifax, Sofiane",1754623
"Sigala, Becky Hill",34644715
"Sigala, Bryn Christopher",9594
"Sigala, Digital Farm Animals",4031088
"Sigala, Ella Eyre",43703451
"Sigala, Ella Eyre, Meghan Trainor, French Montana",33389129
"Sigala, Ella Henderson",10240202
"Sigala, Fuse ODG, Sean Paul",5537429
"Sigala, HRVY, Nina Nesbitt",127956
"Sigala, John Newman",142463
"Sigala, Paloma Faith",57104021
"Sigala, The Vamps",4862346
"Siggi Pálma, Pálmi Gunnarsson",155656
"Sigma, Birdy",1001267
"Sigma, Louis III",7221556
"Sigma, Mente Fuerte",311335
"Sigma, Paloma Faith",114003
"Sigourney K, Sevn Alias",34092
"Sigríður Thorlacius, Sigurður Guðmundsson",2043
"Sigurður Guðmundsson, Memfismafían",382647
"Siimi, Kalevimehed",3398
"Silence Wang, By2",203674
"Silent Sanctuary, Ashley Gosiengfiao",8329628
"Siles, Paluch, Oki",30395
"Siles, Young Igi",489078
"Silk City, Diplo, Mark Ronson",399359342
"Silk City, GoldLink, Desiigner",4307
"Silva, Anitta",1715182
"Silvana Imam, Fricky",22797
"Silvana Imam, Khan-ji, Fricky",40998
"Silvestre Dangond, Maluma",9955733
"Silvestre Dangond, Natti Natasha",20316394
"Silvestre Dangond, Nicky Jam",9923122
"Silvestre Dangond, Robinson Damián",22380
"Silvia Infantas Y Los Condores, Los Hermanos Lagos",106994
"Sima Martausová, For You",44724
"Sima, Ego",101970
"Sima, Kali",112469
"Sima, Nerieš",111730
"Sima, Separ",223732
"Simon la Letra, Pablo Chill-E",4099839
"Simone & Simaria, Alok",7154461
"Simone & Simaria, Anitta",21069129
"Simone & Simaria, Jorge & Mateus",1998581
"Simone & Simaria, LUDMILLA",34381490
"Simone & Simaria, Marília Mendonça",1072823
"Sin Boy, Antonis Rigas",1194
"Sin Boy, Mad Clip",1164100
"Sin Boy, Mad Clip, Ypo, iLLEOo",4556716
"Sin Boy, Rina",440009
"Sin Boy, Skerdi",1842600
"Sin Boy, Skull",619917
"Sin Boy, Ypo",1718230
"Sin Boy, iLLEOo",1622458
"Sinan Akçıl, Melda",538524
"Sinan Ceceli, Ece Seçkin",197560
"Sinan-G, Farid Bang",360186
"Sinan-G, King Khalil",1172500
"Sinan-G, Kool Savas",494890
"Sinan-G, Maestro",84484
"Sinan-G, Milano",943649
"Sinan-G, Mois",407367
"Sinan-G, Olexesh",89502
"Sinan-G, Summer Cem",61220
"Sinan-G, YONII",217622
"Singapūras Satīns, Horens Stalbe",463129
"Singapūras Satīns, New Wavy",2715
"Sini Sabotage, Matti8",288622
"Sinsinati, Álvaro De Luna",38065395
"Sip€lga 14, Genka",5456
"Sir Mich, TEDE",247067
"Sirkel Sag, Klovner I Kamp",189050
"Sirpoppa, KS x CD GUNTEE",95456
"Sissel, Odd Nordstoga",94767
"Sitek, Voskovy",42286
"Sithelo, Skyewanda",86535
"Sivas, NODE, Gilli",17135657
"Sivas, Stepz",2162799
"Sjaak, Sidney Samson, 3robi",35614
"Sjaak, Sidney Samson, Lil Kleine",1091050
"Sjava, Buhlebendalo",1054
"SkandaU, Атанас Колев, Бате Пешо (Studio Buster)",10460
"Skandaali, Väinöväinö",617700
"Skaði, Glymur, Elli Grill",14949
"Skei & PT, Serlina",168132
"Skengdo, AM, Chief Keef",92841
"Skepta, Boy Better Know",359989
"Skepta, Cheb Rabi, B Live",571725
"Skepta, Chip, Young Adz",3281626
"Skepta, J Hus",5524551
"Skepta, Jme",659599
"Skepta, KEY!",888960
"Skepta, LD",52626
"Skepta, Lancey Foux",360180
"Skepta, Lay-Z, WizKid",488667
"Skepta, Nafe Smallz",9007122
"Skepta, WizKid",6891775
"Ski & Wok, nemo, DOD",36351
"Ski Mask The Slump God, XXXTENTACION",770034
"Skiezo, Mula B",86496
"Skiezo, Pierrii",53726
"Skinny Fresh, svmthoX",1144
"Skrillex, Poo Bear",40391773
"Sky Rompiendo, Bizzey",257167
"Sky Rompiendo, Feid, Jowell & Randy",16851
"Sky Rompiendo, J Balvin, Jhay Cortez, MadeinTYO",322960
"Sky Rompiendo, J Balvin, Ozuna",2297869
"Sky Rompiendo, Sebastian Yatra, Zion & Lennox",1999798
"Sky, Justin Quiles, Ñengo Flow, Farruko",149541
"Skylike, Ekko",81363
"Sleepy Hallow, Fousheé",66478336
"Sleepy Times, Night Sounds, Natural Sound Makers",4708
"Sleiman, Gilli, 6ix9ine",545760
"Sleiman, Jesper Livid",10648
"Sleiman, Kontra K",12653
"Sleiman, Marwa Loud, JahMxli",57511
"Slim Mill, Fatboy L, OG Ulla-Maija",79931
"Slimane, Léa Castel",64615
"Slimka, Di-Meh",4823
"Slimka, Roméo Elvis, Makala",3860
"Slimmyonthebeat, Hector Andres",8335
"Slogan, A Flow Mobs",11060
"Slogan, Evan Spikes",282210
"Slogan, Evan Spikes, MR.CHI",436730
"Slogan, MG",763594
"Slogan, Saske",21819
"Slogan, Ypoxthonios",4587
"Slogan, iLLEOo",264101
"Slow J, Gson, Papillon",7236
"Slow J, NERVE",28562
"Slow J, Papillon",2082864
"Slow J, Sara Tavares",1616493
"Slow J, Stereossauro, Papillon, Plutónio",8004
"Slza, Celeste Buckingham",3620
"Smack, Blacks, Little Dee, Safone, Tchagun, Capo Lee",12523
"Smack, Bílej Rus",22444
"Smack, CA$HANOVA BULHAR",53655
"Smack, Discarda",13734
"Smack, Fuckstroy",21786
"Smack, Gleb",18218
"Smack, Komander, Tchagun",28392
"Smack, Marger",12588
"Smack, S. Barracuda",8853
"Smack, Yzomandias",82914
"Smallx, Di-Meh",1159
"Smith & Thell, Swedish Jam Factory",20298931
"Smokepurpp, Murda Beatz",3599228
"Smokepurpp, Murda Beatz, Lil Yachty, Offset",205839
"Smolasty, Białas",2372726
"Smolasty, Ewa Farna",1102172
"Smolasty, Mr. Polska",304815
"Smolasty, Otsochodzi",3927953
"Smolasty, Tymek",5573121
"Smolik, Brodka, Dawid Podsiadło",21229
"Smuggler, Estilo",7432
"Smuggler, Hawk",27641
"Smuggler, Long3",8601
"Smuggler, Mpelafon, Tsaki",19220
"Smuggler, Sonqo Pura",7962
"Snakehips, Anne-Marie",1454565
"Snakehips, MØ",117222370
"Snakehips, St Rulez",33577
"Sneazzy, Alpha Wann, Nekfeu, S.Pri Noir",1191235
"Sneazzy, Arma Jackson",242659
"Sneazzy, Derek Wise",85069
"Sneazzy, Hankock",25423
"Sneazzy, Laylow",242240
"Sneazzy, Lefa",73230
"Sneazzy, Nekfeu",3604279
"Sneazzy, Nekfeu, Alpha Wann",255168
"Sneazzy, S.Pri Noir",89033
"Sneazzy, VEERUS",22062
"Snelle, Emms",1749740
"Snelle, Frenna",30281083
"Snelle, Hef, Kevin",3203970
"Snelle, Jebroer",6790040
"Snelle, Kraantje Pappie",1616487
"Snelle, Raw Roets",1045009
"Snelle, Yade Lauren",20409703
"Snico, Katessa",11686
"Snollebollekes, Kalvijn",38780
"Snoop Dogg, Akon",62996
"Snoop Dogg, Pharrell Williams",162721
"Snoop Dogg, Wiz Khalifa",180716
"Snow Boyz, Arif, Unge Ferrari",15747
"Snow Boyz, Kamelen",40181
"Snow Dept., The Evergreen Trio",3703
"Snowx, Pirate Snake",14849
"Snäfä, Iivo, Rambo",5591
"Snøfall, Eva Weel Skram",1813263
"So Soo Bin, SOHEE",29430
"Sobel, Lezter",6727748
"Sobel, Piotrek Lewandowski",675327
"Sobota, Kabe",25567
"Sodagreen, Ella Chen",15862
"Sofi Tukker, Gorgon City",45889
"Sofi Tukker, Pabllo Vittar",75267
"Sofia Carson, Alan Walker",492644
"Sofia Ellar, Alvaro Soler",108588
"Sofian Medjmedj, Ben Cristovao",6662
"Sofiane, Azet",987640
"Sofiane, Bakyl",1510482
"Sofiane, Boozoo",130614
"Sofiane, GIMS",507130
"Sofiane, Graya, Ninho, GLK, Riane, The S",118692
"Sofiane, Hornet La Frappe, GLK, YL",40528
"Sofiane, Kaaris",4452425
"Sofiane, Kalash Criminel",370121
"Sofiane, MHD",128718
"Sofiane, Ninho, Hornet La Frappe",4922171
"Sofiane, Soolking",241118
"Sofiane, Vald, Mac Tyer, Soolking, Kalash Criminel, Sadek, Heuss L'enfoiré",11811116
"Sofiane, YL, Timal",124338
"Sofía Reyes, Piso 21",9169
"Sohail Sen, Altamash Faridi, Jyotica Tangri",3497122
"Sohail Sen, Sukhwinder Singh, Shreya Ghoshal, Shadab Faridi",285567
"Sohail Sen, Vishal Dadlani",10829700
"Sokrat St, Beta Berk Bayındır",1256171
"Sokół, Andrzej Zaucha",343915
"Sokół, Hewra",364295
"Sokół, Igo",340019
"Sokół, Lena Osińska",403001
"Sokół, Marcin Pyszora",221021
"Sokół, Mateusz Krautwurst",671857
"Sokół, PRO8L3M, Steez83, Taco Hemingway",11039794
"Solange Almeida, Márcia Fellipe",350298
"Solar, Bedoes",1111670
"Solar, Jan-Rapowanie, Kacperczyk, Mata",673966
"Solar, Miyo",54892
"Solar, Quebonafide",365041
"Solardo, Eli Brown",7164208
"Somkiat, รุ่งโรจน์ อุปถัมภ์โพธิวัฒน์",72411
"Sonido Caracol, Chacho Ramos",13104
"Sonido Cristal, La Sandonga",7179
"Sonny Alven, Cal",102280
"Sonny Alven, LOVA",105899
"Sonny Alven, Olivera",260723
"Sonny Alven, Ylva",38756
"Sonny Alven, mags",11097
"Sonora Malecón, Lucho Lambis",190688
"Sonora Palacios, Los Vikings 5, La Gran América Jr.",21679
"Sonqo Pura, Bipolar Jones",4990
"Sons Of Zion, Aaradhna",93056
"Sons Of Zion, Slip-On Stereo",61343
"Sonya Belousova, Giona Ostinelli, Joey Batey",421060
"Soobin Hoang Son, SlimV",58664
"Soolking, 13 Block",150067
"Soolking, Cheb Mami",1764419
"Soolking, Dadju",26449350
"Soolking, Dhurata Dora",17992374
"Soolking, Gambi",640735
"Soolking, Heuss L'enfoiré",4733114
"Soolking, Jul",863638
"Soolking, Jul, Kliff",460925
"Soolking, Khaled",540774
"Soolking, MERO",8102763
"Soolking, Ouled El Bahdja",252643
"Soolking, SCH",1417612
"Soolking, Sofiane, Lacrim",2812333
"Soolking, Veysel",1250009
"Soraia Ramos, GSON",122424
"Sorriso Maroto, Dilsinho",40827942
"SosMula, Bonez MC",3731420
"Soufian, SOTT",643835
"Soufian, SOTT, Fero47",202882
"Soufian, SOTT, Ufo361",81511
"Soufiane Eddyani, Ali B",755120
"Soulthrll, Castro",401690
"Soulwave, Szakács Gergő",29279
"Soulé, C Cane",415568
"Soweto's Finest, KayGee DaKing, Bizizi",29556
"Spanker, 3robi, Josylvio, Lijpe",5168340
"Spanker, Bokoesam, Jonna Fraser, KM",29569
"Spanker, Bokoesam, Josylvio, Jandro",361434
"Spanker, Broederliefde",1080675
"Spanker, CHO, Bryan Mg",279715
"Spanker, Chivv, Blacka",172147
"Spanker, Frenna, Chivv",210513
"Spanker, Hef, F1rstman, El Pro",130745
"Spanker, Hef, Sticks",225868
"Spanker, Henkie T",250826
"Spanker, Idaly, Latifah, CHO",957061
"Spanker, Jandro, Frenna",5339104
"Spanker, Kevin, Jonna Fraser",407533
"Spanker, Leafs, Murda",23113
"Spanker, Mula B, LouiVos",24409
"Spanker, Murda, Josylvio",256241
"Spanker, SFB",1169532
"Spanker, Sevn Alias",28645
"Spanker, Sevn Alias, KA",838870
"Spanker, Sevn Alias, MocroManiac, Sticks",24390
"SpecialBeatz, Ego, Sak10denz",11291
"SpecialBeatz, Kali, Separ",19744
"SpecialBeatz, Pil C",17658
"SpecialBeatz, Viktor Sheen",6220
"SpecialBeatz, Yzomandias, Nik Tendo",416859
"Specktors, Nonsens",12742024
"Spekti, Ares, Elastinen, Brädi, Uniikki, Timo Pieni Huijaus",8060
"Spekti, Niila",67746
"Spekti, Tasis",5004429
"Spekti, Timo Pieni Huijaus",825670
"Spekti, Titta",586914
"Sphera, Freedom Fighters, Domestic",18392
"Spine, Baghdad, Long3",1888
"Spine, Pepe Frantik, Above The Hood, A1Roth",8965
"Spine, Pepe Frantik, Above The Hood, A1Roth, Hawk",14890
"Spine, Pepe Frantik, Above The Hood, A1Roth, Smuggler",6300
"Spine, Pepe Frantik, Above The Hood, DJ Cron",6129
"Spoegwolf, Early B",2827
"Spoegwolf, Francois van Coke",8967
"Spoegwolf, Hiram Koopman",2788
"Språk för alla, Toni Prince",72930
"Spuds, Kuizz",156043
"Squeezie, JOYCA",2978603
"Sqweez Animal, เมธี น้อยจินดา",4686
"Stamp, Violette Wautier",3135558
"Standart Skill, JURI, Mavie",1132679
"Stanley Most, Rune RK",54723
"Stargate, P!nk, Sia",9613648
"Starley, Ryan Riback",91802
"Starr Chen, Jolin Tsai",11636
"Starrah, Diplo",9000
"Static & Ben El, Eden Ben Zaken, Stephane Legar",895446
"Static & Ben El, J Balvin",41765
"Static & Ben El, Miri Mesika",475199
"Static & Ben El, Nasrin Kadri",105149
"Static & Ben El, Pitbull",744275
"Static Movement, Kalki",10235
"Stay Flee Get Lizzy, Fredo, Young T & Bugsey",19539260
"Stay Homas, Oques Grasses",42190
"Staysman & Lazz, Staysman",1222850
"Staysman & Lazz, Staysman, DJ Fistmagnet",10582574
"Staysman & Lazz, Staysman, Plumbo",1559644
"Staysman & Lazz, Staysman, Ringnes-Ronny",2555649
"Stebin Ben, Sunny Inder",1035135
"Stef Ekkel, Rene Karst",32829
"Stefan Eli, RÁN",1176
"Stefan Rauch, Marco Wagner, Hermann K.",37749
"Stefan en Sean, Bram Krikke",5065642
"Stefanie Kloß, Mark Forster",180438
"Stefanie Sun, JJ Lin, Aisyah Aziz, The Sam Willows, Taufik Batisah, Shabir, Kit Chan, Dick Lee, Brian Richmond, Pan Xiu Qiong, Tracy Huang, Rahimah Rahim, Louis Soliano, Jacintha Abisheganaden, Ramli Sarip, Sheikh Haikel, The Lion City Boy, ShiGGa Shay, Yung Raja, Fariz Jabba, Wheelsmith, Syah Riszuan, Nurjannah Qurratul’ Farhaien, Caitlin Tan, Heema Izzati Zainudin, Jordin Tan",49682
"Stefanie Sun, Jerry, Lin Zheng-Zhong",98755
"Stefflon Don, French Montana",4261091
"Stefflon Don, Future",8603
"Stefflon Don, Kojo Funds",4287
"Stefflon Don, Lil Baby",1681555
"Stefflon Don, Tiggs Da Author",204340
"Stefflon Don, Tory Lanez",61779
"Stefán Karl Stefánsson, Björgvin Halldórsson",4577
"Stella Mwangi, Alexandra Rotan",24900
"Stepa, Are, Nelli Milan",83310
"Stepan Konicek, Filmový symfonický orchestr",1282384
"Stephane Legar, Itay Levi",172798
"Stephane Legar, Ofek Hamalach",66586
"Stereo Luchs, Pronto",6441
"Stereoact, Chris Cronauer",604889
"Stereoact, Kerstin Ott",246535
"Stereossauro, Slow J, Papillon, Plutónio",12187
"Sterre, Kevin",24801
"Steve Angello, Paul Meany",54672
"Steve Angello, Sam Martin",159252
"Steve Aoki, Alan Walker",5984333
"Steve Aoki, Backstreet Boys",138527
"Steve Aoki, Daddy Yankee, Play-N-Skillz, Elvis Crespo",5772627
"Steve Aoki, Darren Criss",19083
"Steve Aoki, Icona Pop",91977
"Steve Aoki, Ina Wroldsen",93581
"Steve Aoki, Louis Tomlinson",186692661
"Steve Aoki, Monsta X",116081
"Steve Aoki, Nicky Romero",1187592
"Steve Aoki, Nicky Romero, Kiiara",162669
"Steve Aoki, Quintino",5357
"Steve Noise, Debee",1018
"Steve Void, Midsplit, Anna Yvette",16828
"Steven Halpern, Kristin Hoffmann",3756
"Steven Pineda, Alejandro Ulloa, Andy Ruiz",1289
"Steven Pineda, Nassir Chahin, Juan Oliva, Jesus Aguilar, J Calix",7011
"Steven Pineda, Nassir Chahin, Yogi",4662
"Stevie Wonder, Ariana Grande",875572
"Stian Thorbjørnsen, Staysman & Lazz",33606
"Sticky M.A., C. Tangana, Jambo, Royce Rolo",232593
"Stiftelsen, Dea Norberg",74400
"Stillaround, Sage17, B-RAD",2346
"Stormasound, Ivan Cappello",1576
"Strapo, Bitman",18479
"Strapo, DJ Spinhandz",29612
"Strapo, Matej Straka",11107
"Strapo, Nerieš",14491
"Strapo, Pít Bulík",9519
"Strapo, Rest",10124
"Strapo, Separ, Moloch",15684
"Strapo, Čis T, Patrik Rivier",11897
"Street Pound Productions, Lota",1001
"Stress, Dree Low, 1.Cuz",1749837
"Stress, Einár",1165152
"Stress, Jireel",138442
"Stress, K27, Elias Abbas",70113
"Stress, Linda Pira",107266
"Stress, Mwuana",154423
"Stress, Thrife",63111
"Stupeflip, Colette",21116
"Sturla Atlas, Aron Can",35275
"Sturla Atlas, Auður",104120
"Suat Ateşdağlı, Gökçe Kırgız",54356
"Sub Focus, ALMA",46145
"Subcarpaţi, Surorile Osoianu",1617
"Subliminal, Amit Sagie",2481
"Subyub Lee, SOPHY",15112
"Sufi Rashid, Ara Johari, Usop, LOCA B",62903
"Sugar MMFK, LX, Maxwell",1141778
"Sugar MMFK, Manuellsen",70141
"Sugarland, Taylor Swift",941252
"Sukriti Kakar, Amartya Bobo Rahut",14996
"Sukriti Kakar, Prakriti Kakar",207038
"Sukriti Kakar, Prakriti Kakar, Mellow D",303560
"Sultan + Shepard, Nadia Ali, iRO",959849
"Suming, 法蘭",6261
"Summer Cem, Bausa",90794916
"Summer Dennis, Rhymes",11190
"Sun Diego, Falco",2153319
"Sun-El Musician, Ami Faku",665434
"Sun-El Musician, Azana",2303
"Sun-El Musician, Msaki",77913
"Sun-El Musician, Simmy",2373
"Sunanda Sharma, Tanishk Bagchi",4169169
"Sunidhi Chauhan, Divya Kumar, Amit Trivedi",3795572
"Sunidhi Chauhan, Navraj Hans, Vipin Patwa",19918
"Sunidhi Chauhan, Shreya Ghoshal, Amit Trivedi",983966
"Sunnery James & Ryan Marciano, Bruno Martini, Mayra",1269098
"Sunnery James & Ryan Marciano, Kes Kross",17675
"Sunny Day Service, C.O.S.A., KID FRESINO",2697
"Supa, Samuel Hošek",1006
"Super Ed, Shift, Runnix",624842
"Super Sako, Panos Kiamos, BO",148849
"Super Yei, Agus Padilla, Towy, Osquel, Gotay ""El Autentiko""",724256
"Super Yei, Jone Quest",52722
"Super Yei, Jone Quest, Sammy, Myke Towers, Lenny Tavárez, Rafa Pabön",13068429
"Super Yei, Sammy, Myke Towers, Lenny Tavárez, Rafa Pabön",57995219
"Super Yei, Towy, Gotay ""El Autentiko"", Agus Padilla, Osquel",2071
"Supergaande, RUGGED",59055
"Supper Moment, Survive Said The Prophet",51097
"Suprême NTM, Sofiane",14702381
"Surfaces, Elton John",1119088
"Susanu, Babi Minune",37953
"Suspekt, Anne Linnet",275027
"Suspekt, Benal",148475
"Suspekt, Fribytterdrømme, Simon Jul",100013
"Suspekt, Tessa",4274435
"Suspekt, USO, Marwan",670734
"Suspekt, Xander",641875
"Suvi Teräsniska, Jonne Aaron",80161
"Sval, Henrik, Alexandra, Jørgen, Marcus & Martinus",143810
"Svala, Björgvin Halldórsson",432052
"Svanur, Baldvin, Hjalti",712673
"Sverrir Bergmann, Friðrik Dór, Albatross",166465
"Swarmz, Tion Wayne",8755868
"Swedish House Mafia, John Martin",252446
"Swedish House Mafia, Pharrell Williams",6429
"Swing, Angèle",386991
"Syamel, Ernie Zakri",918045
"Syamsul Yusof, Mawi",4672
"Sylwia Grzeszczak, Liber",128215
"Syn Cole, Victor Crone",1078
"Szabó Balázs Bandája, Julie Rens",26554
"Szpaku, Białas",1138284
"Szpaku, Kubi Producent",9208889
"Szpaku, Kubi Producent, Bedoes",1521914
"Szpaku, Kubi Producent, Białas, Kaz Bałagane",190898
"Szpaku, Kubi Producent, Coals",186475
"Szpaku, Kubi Producent, Paluch, Sarius",287036
"Szpaku, Kubi Producent, Rolex",143884
"Szpaku, Kubi Producent, Tymek",1108720
"Szpaku, Paluch",2411723
"Szpaku, Raff J.R",71020
"Szpaku, Raff J.R.",3471457
"Szpaku, Rolex, The Returners",756635
"Szpaku, Włodi",5548814
"Sælan, Ingó Veðurguð",14142
"SælirBois, Reynir",6279
"SælirBois, Reynir, Venjulegir Gaurar",1371
"SælirBois, Venjulegir Gaurar",1247
"Séra Bjössi, Háski",26498
"Séra Bjössi, Ingi Bauer",767985
"Sérgio Mendes, Black Eyed Peas",20982
"Søs Fenger, Thomas Helmig",34346
"Sơn Tùng M-TP, Onionn",826025
"Sơn Tùng M-TP, Snoop Dogg",4737774
"T Garcia, DJ Assad",325045
"T MULLA, Hardy Caprio",1092378
"T-BIGGEST, 8BOTSBOYZ, AOFUFO, PEE CLOCK, Stage-N'",30252
"T. Danny, G.w.M.",63891
"T.O.T, Yemil",39218
"T2, Morgan Munroe",316687
"T2R, DJ Mike One",2470615
"T2R, Minissia",2759176
"T3R Elemento, Gerardo Ortiz",53240186
"TACONAFIDE, Quebonafide, Taco Hemingway",74459309
"TACONAFIDE, Quebonafide, Taco Hemingway, Bedoes",18242855
"TACONAFIDE, Quebonafide, Taco Hemingway, Białas",666239
"TACONAFIDE, Quebonafide, Taco Hemingway, Dawid Podsiadło",538601
"TACONAFIDE, Quebonafide, Taco Hemingway, Kaz Bałagane",339639
"TACONAFIDE, Quebonafide, Taco Hemingway, KęKę",615731
"TACONAFIDE, Quebonafide, Taco Hemingway, Paluch",987467
"TAEYEON, LUCAS",35045
"TAY, Dylan",3958484
"TCT, Jontte Valosaari",14092
"TCT, Petri Nygård",7973
"TEDE, Sir Mich, Książę Kapota",39694
"TG, Young Invent",36913
"THE HILLS BOYS, JUVENILE, Kane",1016
"THE SCOTTS, Travis Scott, Kid Cudi",283793095
"THRDL!FE, Sleepwalkrs",37042
"THRILL PILL, Egor Kreed",173077
"TIA, Le Thien Hieu",745854
"TINI, Cali Y El Dandee",10578256
"TINI, Greeicy",43069304
"TINI, KAROL G",5835539
"TINI, Lalo Ebratt",61475365
"TINI, Mau y Ricky",18999487
"TINI, Morat",20272547
"TINI, Nacho",1082679
"TINI, Sebastian Yatra",83367854
"TIPPA, Bizi",28939
"TIPPA, JVG",4118147
"TIX, Boujee",674105
"TIX, Meland x Hauken",46089
"TIX, Moberg",2603819
"TIX, Morgan Sulele",1587408
"TIX, Samir & Viktor",105486
"TIX, Soppgirobygget",1234028
"TIX, The Pøssy Project",14274460
"TIX, Tunge Ferrari",53234
"TJ_beastboy, Young Kira",263879
"TK, Gambi",4061648
"TNS, Indlovukazi",5775
"TOOMANYLEFTHANDS, HEDEGAARD",10300
"TOQUEL, Hawk",3173371
"TOQUEL, Light",3822687
"TOQUEL, Mad Clip",127372
"TOR Saksit, 刘明湘",14327
"TPA, SEUNGRI, Al Rocco, Ivy",3385
"TRESOR, AKA",1442
"TRESOR, Msaki",1234
"TRXD, Brandyn Burnette",17755
"TUZZA Globale, Taco Hemingway",1220904
"TY1, Dosseh, Capo Plaza",11955125
"TY1, Noyz Narcos, Speranza",89721
"TYS Musica, Brytiago, Shadow Blow, Fuego",8222
"TYS Musica, Don Miguelo, Cromo X",76121
"TYS Musica, Miky Woodz",28623
"TZEN, iLLEOo, Sike",2434
"Tabitha, Chivv",1216382
"Tabitha, Jayh",942434
"Tabitha, Latifah",8149213
"Tabitha, Murda",342408
"Tabitha, Nielson",2665075
"Tabitha, Rolf Sanchez, Poke",20972635
"Taco Hemingway, Dawid Podsiadło",19579521
"Taco Hemingway, Dawid Podsiadło, Rosalie.",8659547
"Taco Hemingway, Kizo",3185493
"Taco Hemingway, Otsochodzi",571068
"Taco Hemingway, Pezet",5574228
"Taco Hemingway, Ras",3106224
"Taco Hemingway, schafter",4224087
"Tagne, Stormy, Khtek",400307
"Taichi Mukai, KREVA",75477
"Tainy, Alvaro Diaz",264259
"Tainy, Yandel, Rauw Alejandro",49635
"Taio Cruz, Flo Rida",138687
"TaitosmitH, มนฑล ดิลกชวนิศ",10784
"Taiwan MC, Paloma Pradal",784322
"Tajul, Wany Hasrita",190198
"Takagi & Ketra, Calcutta ",22154797
"Takagi & Ketra, Giusy Ferreri, Sean Kingston",56680092
"Takagi & Ketra, Mariah Angeliq, Nicolas Reyes",1780200
"Takagi & Ketra, OMI, Giusy Ferreri",57663621
"Takako Matsu, AURORA",1572335
"Taladro, Ece Mumay",4701760
"Tali Goya, Arcangel",7963
"Talis e Welinton, Felipe Araújo",1655264
"Talisman, Yam Refaeli",100211
"Talitha., Yewy",24936
"Tamas Takats, Barbara Xantus",4797
"Tamer Hosny, Khaled, Abdel Fattah El Grini, Balti, Galal El Hemdawy",41467
"Tamta, Stephane Legar",10538
"Tana, Unknown T, Aitch, M1llionz, JB Scofield",307839
"Tangerine Wong, 洪俐芩",105026
"Tanishk Bagchi, Arijit Singh, Asees Kaur",1670051
"Tanishk Bagchi, Jubin Nautiyal",2980066
"Tanishk Bagchi, Romy, Brijesh Shandilya",13832
"Tanishk Bagchi, Vayu, AKASA",56682
"Tanishk Bagchi, Yasser Desai, Asees Kaur",22120054
"Tanishk Bagchi, Zara Khan",1924192
"Taniskaa Sanghvi, Sachin-Jigar",409126
"Tanja Savic, Corona",13616
"Tankhead, Ikabod Veins",228748
"Tanya Manalang, Reb Atadero, Topper Fabregas, Boo Gabunada",953527
"Taomi, Marko Damian",24501
"Taomi, Nicholas Naison",100864
"Taomi, Nicholas Naison, Saul",67375
"Tape Machines, Vicki Vox",23092
"Tata Janeeta, Maia Estianty",4080244
"Tatak Pinoy All-Stars, Jose Mari Chan, Ben&Ben, December Avenue, I Belong to the Zoo, Julie Anne San Jose, Moira Dela Torre",2512754
"Taufik Batisah, Rui En",44750
"Tavi Castro, Ryan Leslie",324534
"Tawsen, Manal, ElGrandeToto",16850
"Taxi B, Greg Willen",677529
"Tayc, Barack Adama",3406619
"Tayc, Dadju",52938
"Tayl G, Lary Over",226584
"Taylor Swift, Ed Sheeran, Future",15069779
"Tayna, Dafina Zeqiri",19808
"Tayna, Mc Kresha, Lyrical Son",20265
"Tayna, Mozzik",1636362
"TaynguyenSound, Dick, Tofu, PC",51154
"Team Rush Hour, F1rstman, Giorgio Sanches, Gio",29778
"Team Rush Hour, Sjaak, Poke",226412
"Teddy Teclebrhan, Antoine Burtz",486157
"Tedi Aleksandrova, Sasho Roman, DJ Ned",10394
"Tedi Pagg, Simar Panag, Mickey Singh",2697525
"Tedua, Chris Nolan",107349535
"Tedua, Chris Nolan, AVA",5075865
"Tedua, Chris Nolan, Sick Luke",2078512
"Tedua, Chris Nolan, Sofiane",1987080
"Tedua, Garelli",1621892
"Tedua, Ghali",472258
"Tedua, Izi, Vaz Tè, Guesan, Ill Rave, Chris Nolan",2621500
"Tedua, SHUNE",2022961
"Tedua, Sfera Ebbasta",752085
"Tedua, Sick Luke",3651206
"Teflon Brothers, Aku Hirviniemi",244076
"Teflon Brothers, Kalevauva.fi",2049168
"Teflon Brothers, MEGA-Ertsi",396025
"Teflon Brothers, Mariska",530528
"Teflon Brothers, Pyhimys",3729758
"Teflon Brothers, Ressu Redford, Heavyweight",1459586
"Teflon Brothers, STEREO",1486195
"Teflon Brothers, STIG, Meiju Suvas",22008
"Teflon Brothers, Sahamies",1208899
"Teflon Brothers, Spekti, Petri Nygård",3544916
"Teflon Brothers, Tango-Teemu",13321
"Tekno, Lord Afrixana, Mr Eazi, Yemi Alade",70023
"Tellaman, Shekhinah, Nasty C",259401
"Temmpo, Joe Cleere",19676
"Tempo, Musicologo The Libro",3823
"Tempo, Nicky Jam",177587
"Ten Typ Mes, Justyna Święs",9769
"Tepki, Anıl Hünkar",14840
"Tepki, Aspova",171245
"Tepki, Esrarengo",117852
"Tepki, Motive, UZI, Aksan, Emre Bakış",81014
"Tepki, Rota, Motive, Aspova",84967
"Tereza Vágnerová, Josef Vagner",8562
"Terror Reid, Pouya",7380
"Terry Lex, Matt Caseli",8632
"Teyana Taylor, Iman.",8171
"Tflow, Issawi",2442
"Thaitanium, Jassie Vard",1856
"Thaitanium, Singto Numchok",32152
"Thalia, Gente De Zona",3053486
"Thalia, Lali",7417201
"Thalia, Natti Natasha",273868835
"Thascya, Leo Santana",1049132
"Thascya, Zerky, Pablo Dominguez",792881
"The Avener, Bipolar Sunshine",1477411
"The Avener, Kadebostany",41602
"The Avener, Phoebe Killdeer",12887
"The Beach Boys, Mark Linett, Sweet, Larry Walsh",20137200
"The Beach Boys, Sweet, Mark Linett",396082
"The Blockparty, 73 De Pijp",170579
"The Blockparty, Esko, Mouad Locos, JoeyAK, Young Ellens, Chivv",30673256
"The Blockparty, Esko, Mula B, Mouad Locos",2935695
"The BossHoss, Mimi & Josy",2320421
"The Boy Next Door, Fresh Coast",2162573
"The Candomino Choir, Tauno Satomaa",11812
"The Chainsmokers, 5 Seconds of Summer",392731703
"The Chainsmokers, Aazar",1259705
"The Chainsmokers, Amy Shark",7630820
"The Chainsmokers, Bebe Rexha",115661625
"The Chainsmokers, Charlee",11873
"The Chainsmokers, Coldplay",933699362
"The Chainsmokers, Drew Love",167182389
"The Chainsmokers, Emily Warren",20303022
"The Chainsmokers, Florida Georgia Line",6718946
"The Chainsmokers, Halsey",907131126
"The Chainsmokers, ILLENIUM",346802864
"The Chainsmokers, ILLENIUM, Lennon Stella",113911306
"The Chainsmokers, Jhené Aiko",5923060
"The Chainsmokers, Kelsea Ballerini",218311463
"The Chainsmokers, Kygo",50721775
"The Chainsmokers, Louane",9339098
"The Chainsmokers, Mackenyu Arata",5832729
"The Chainsmokers, NGHTMRE",63776
"The Chainsmokers, Phoebe Ryan",94679273
"The Chainsmokers, Tritonal",11091
"The Chainsmokers, Waterbed",4183
"The Chainsmokers, Winona Oak",119820712
"The Chainsmokers, XYLØ",18843092
"The City of Prague Philharmonic Orchestra, Crouch End Festival Chorus, Nic Raine",29976
"The Coronas, Gabrielle Aplin",5824
"The Cratez, Bausa, Maxwell",53833495
"The Cratez, Bonez MC",58232904
"The Doorbeen, Ragini",6679225
"The Doorbeen, Shreya Sharma",5515184
"The Drifters, Clyde McPhatter, Bill Pinkney",1351650
"The FifthGuys, Coffeeshop, Timmy Commerford, Tommy Rage",12889
"The FifthGuys, Coffeeshop, Tommy Rage",24759
"The FifthGuys, David Persson",25517
"The FifthGuys, Raven Link, Timmy Commerford",21476
"The FifthGuys, Thatsimo, Tommy Rage",5011
"The Fish House, Pedru Lucca",629735
"The Fureys, Davey Arthur",6512
"The Him, Sorana",2647
"The Kid LAROI, Lil Tjay",1361119
"The Kiffness, Mathew Gold",3861
"The La Planta, 18 Kilates, El Reja",257043
"The La Planta, El Reja, 18 Kilates",160803
"The La Planta, La Kuppe",2460813
"The Latin Brothers, Joseíto Martínez",71549
"The Latin Brothers, Piper Pimienta Diaz",78681
"The Limba, Andro",109147
"The Magician, Julian Perretta",31199
"The Main Level, Blvck O",581484
"The Makemakes, Joshua Ledet",92790
"The Motans, Alina Eremia",18490
"The Motans, Irina Rimes",873105
"The Neighbourhood, Death Stranding: Timefall",1313
"The Notorious B.I.G., Diddy",199539
"The Partysquad, Bizzey, Broertje, Josylvio, Hansie",1764036
"The Partysquad, DJ Moortje, Kempi, Adje, MC Pester",904735
"The Partysquad, Diztortion, Lijpe",308173
"The Partysquad, Dj Punish, Lil Kleine, Sticks",201962
"The Partysquad, Dyna, Dylan Dos Santos",27129
"The Partysquad, Equalz",2073115
"The Partysquad, Esko, Flow de Wolf, Woenzelaar, Willie Wartaal",81017
"The Plug, D-Block Europe",3017010
"The Pussycat Dolls, Busta Rhymes",51389
"The Rudeboyz, Greeicy",530116
"The Rudeboyz, Jowell & Randy, Manuel Turizo",68086681
"The Rudeboyz, Maikel Delacalle, Jory Boy, Lyanno, Cauty, Tommy Boysen",199855
"The Rudeboyz, Maikel Delacalle, Lyanno",37704
"The Saturdays, Sean Paul",57439
"The Seasonals, Dinah Smith",151016
"The Seasonals, Lauren Dunn",2175
"The Secret Trio, Sezen Aksu",70624
"The Snowy Hill Singers, Mia Stegmar",8006
"The Streets, Tame Impala",72338
"The Toys, DJ ONO, Pimtha",2269532
"The Toys, F.HERO",1585541
"The Toys, Jintara, F.HERO, Boom Boom Cash",24178
"The Ultras, Itay Levi, DJ Elon Matana",18016
"The Ultras, Noa Kirel",39611
"The Vamps, Kris Kross Amsterdam",3464
"The Vamps, Martin Jensen",1506082
"The Vamps, Matoma",171495127
"The Weeknd, A$AP Rocky, Young Thug",12371905
"The Weeknd, Daft Punk",730947088
"The Weeknd, Future",1777621
"The Weeknd, Gesaffelstein",64320490
"The Weeknd, Kendrick Lamar",20135000
"The Weeknd, Lil Uzi Vert, DaHeala",330776
"The voice of Holland, Ayoub Maach, Kes",2537229
"TheGeneralZ, Akim, Anyuri",4883
"TheOvertunes, GAC (Gamaliél Audrey Cantika)",167027
"TheSmartLocal, Adria Tham, James Rainier",148455
"Thecocolin, Eiby",7970
"Thee Legacy, DJ Maphorisa",1509
"Thelma Aoyama, SoulJa",1590476
"Thelonious B., THB Kirua, Beak On The Night",2634770
"Thiago Brava, Jorge",41531559
"Thiago Brava, Os Barões Da Pisadinha",639334
"Thiago Brava, Pikeno & Menor",340283
"Thiago Carvalho, Eduardo Costa",1040659
"Thiaguinho MT, Mila, JS o Mão de Ouro",77097625
"Thiaguinho, LUDMILLA",10915219
"Thin Lizzy, Derek Varnals",15964
"Thitis, Dj Scumvag",56453
"Thomas Dybdahl, Lera Lynn",96854
"Thomas Gold, Jillian Edwards",8961749
"Thomas Helmig, Søs Fenger",2445474
"Thomas Rhett, Jon Pardi",5053491
"Thomas Rhett, Kane Brown",9698147
"Thomas Rhett, Kelsea Ballerini",2324122
"Thomas Rhett, Maren Morris",8172243
"Three Man Down, ออม Telex Telexs",937950
"Thrife, Dree Low, Einár",655233
"Thundamentals, Mataya",141685
"Thundamentals, Peta And The Wolves",14328
"Thundercat, Michael McDonald, Kenny Loggins",3285
"Thyro, Yumi",929477
"Thùy Trang, LOG, TiB",70324
"Tia Ray, Jackson Wang",9996
"Tia Ray, Kehlani",9949
"Tia Ray, NICKTHEREAL",37780
"Tia Ray, Xiao Yu",589895
"Tiago Iorc, DUDA BEAT",237434
"Tien Fu Chen, Jing Bo Ran",15493
"Tien Tien, Darrys",1249
"Tien Tien, JustaTee",763833
"Tien Tien, Touliver",2056358
"Tien Tien, Trang",2890261
"Tierra Adentro, Kchiporros",2013
"Tiffany Young, Babyface",10060
"Tiiwtiiw, Cheb Djalil",12665
"Tiiwtiiw, Lacrim",7901
"Tilhet, pajut ja muut",9490
"Tim Akkerman, Floor Jansen",53481
"Tim Bendzko, Kool Savas",117301
"Timati, Egor Kreed",1023
"Timbaland, Keri Hilson, D.O.E.",113078
"Timbaland, OneRepublic",19105
"Timbuktu, Eye N'I",1260335
"Timelock, Impact",41332
"Timelock, Miper",12506
"Timelock, Solarix",6267
"Timmy Trumpet, Charlott Boss",2005
"Timmy Trumpet, Dimatik",44473
"Timmy Trumpet, Krunk!",27960
"Timmy Trumpet, Savage",28182
"Timo Odv, J'Something",3679
"Timo Räisänen, Göteborg Wind Orchestra",43060
"Tinchy Stryder, N-Dubz",239877
"Tino Martin, Davina Michelle",1251323
"Tinze, Teflon Brothers, F",1224988
"Tion Wayne, Swarmz",1590374
"Tirullipa, Whindersson Nunes, GKay, Carlinhos Maia",64342
"Tito ""El Bambino""",600598
"Tito ""El Bambino"", Beenie Man, Ines",2539
"Tito ""El Bambino"", Chencho",559582
"Tito ""El Bambino"", Pitbull, El Alfa",425478
"Tito ""El Bambino"", Shelow Shaq, El Alfa",98441
"Tiwa Savage, Mr Eazi",9480
"Tiziano Ferro, Carmen Consoli",2704225
"Tiziano Ferro, Jovanotti",481078
"Tiësto, 7 Skies",52319
"Tiësto, Becky Hill",2809249
"Tiësto, Bright Sparks",11338820
"Tiësto, Dzeko",76879
"Tiësto, Dzeko, Preme, Post Malone",751394313
"Tiësto, ILIRA",86072
"Tiësto, Jonas Blue, Rita Ora",192835925
"Tiësto, Mesto",12723
"Tiësto, Oliver Heldens, Natalie La Rose",36365
"Tiësto, Sevenn",143080
"Tiësto, Sevenn, Gucci Mane",2654347
"Tiësto, Stargate, Aloe Blacc",15827
"Tiësto, Stevie Appleton",3141066
"TjProductions, Jass Manak, YSRBEATS, TorontoMusicPlug",52151
"Tjuvjakt, Newkid",501700
"Tjuvjakt, Petter",296916
"Tjuvjakt, Thomas Stenström",52538
"Tkay Maidza, Duckwrth",26160
"Tlen Huicani, Lino Chavez",136851
"ToTheMoon, Kool Savas, Moe Phoenix",227609
"Tobi & Manny, Janellé",3261407
"Todiefor, SHOEBA, Roméo Elvis",5418337
"Tohpati, Glenn Fredly",102590
"Tokyo Ska Paradise Orchestra, Hiroji Miyamoto",82207
"Tokyo Ska Paradise Orchestra, Kazutoshi Sakurai",50481
"Tolga Kahraman, Nigar Muharrem",35947
"Tolga Kahraman, Onur Can Özcan",49703
"Tolga Kahraman, Tuğçe Kandemir",78701
"Tom Hangs, Shermanology",315536
"Tom Jones, Cerys Matthews",27122
"Tom Misch, Jordan Rakei",14970
"Tom Novy, Michael Marshall",74126
"Tom Zanetti, Karen Harding",286641
"TomFatKi, Billy Choi",114983
"Tomas Blank, Göteborgs Symfonietta",21697
"Tomas Klus, Tamara Klusová",15735
"Tomggg, 六艾司 Lilice, Ada Shih",48611
"Tomine Harket, Unge Ferrari",495102
"Tommee Profitt, Fleurie",543103
"Tommy Cash, MC Bin Laden",1306
"Tommy Cash, Rick Owens",1331
"Tommy Körberg, Sissel",6860792
"Tommy Seebach, Annette Heick",18077
"Tommy Torres, Sebastian Yatra",68801
"Tommy Von Gloom, Camden Espino",1242
"Tomoya Nakamura, Haruka Kinoshita",856299
"Toni Kakko, Elise Ryd",71080
"Toni Kakko, Jarkko Ahola",59889
"Tonsatt, Edward Blom",820709
"Tony Bennett, Lady Gaga",1326610
"Tony Dize, Ken-Y",34653
"Tony Dize, Yandel",353266
"Tony Igy, IU, Nicky Lee",2699
"Tony Kakkar, Neha Kakkar",1751902
"Tony Kakkar, Neha Kakkar, Tanishk Bagchi",10194971
"Tony Kakkar, Neha Kakkar, Young Desi",11613291
"Tony Kakkar, Neha Kakkar, Young Desi, Tanishk Bagchi",24858
"Tony Phee, KOB FLAT BOY",34188
"Tony T, Mr. Melo, Brink, Alba Kras, La Secta",1494
"Tony Tony, Jack",256614
"TopGunn, Benjamin Hav",10186827
"TopGunn, Branco",2451565
"TopGunn, JOSVA, Pind",148158
"TopGunn, Medina",1448829
"Topic, A7S",259764785
"Topic, Juan Magán, Lena",876843
"Topic, Vigiland, Christopher",50361
"Topo La Maskara, Shelow Shaq",6868
"Tori Kelly, Ed Sheeran",1682149
"Torino, Pashata, Pepi",46927
"TorontoMusicPlug, YSRBEATS",59658
"Tory Lanez, Jack Harlow",21814464
"Touché, Crookers, Barracano, Rafilù, Massimo Pericolo",47427
"Touliver, Binz, Andree Right Hand, Evy",17130
"Tourist LeMC, Alice on the roof",35718
"Tourist LeMC, Raymond Van Het Groenewoud",1804716
"Tourist LeMC, Spiritually Wally",90762
"Tovaritch, OG Eastbull, Nane",2389
"Tove Lo, ALMA",291099
"Tove Lo, Major Lazer",3715144
"Tracy McGrady, El Futuro Fuera De Orbita",1631802
"Trad., Gardemusikken",29771
"Traditional, Budapest Children's Chorus, Hungarian State Opera Chamber Orchestra, László Csányi",5114
"Traditional, Eva Urbanova, Jaroslav Tůma",16145
"Traditional, John Williams",1099677
"Traditional, Lionel Richie",201218
"Trang, Khoa Vũ",1156
"Trang, Xanh 8+1",2099
"Trap Capos, Noriel",3823043
"Trap Capos, Noriel, Prince Royce",650474
"Trap Capos, Noriel, Yandel",159456
"Travelle, BAD HABITS",220726
"Travis Scott, Major Lazer",1422
"Travis Scott, Young Thug",177079123
"Tre Kronor, Nick Borgen",114862
"Tredici Pietro, Mr. Monkey",5636798
"Trench Mafia Locco, Steps",1473
"Trench Mafia Locco, Ziedu Vija",1219
"Trettmann, Bonez MC, RAF Camora",3497976
"Trettmann, Gzuz",9603525
"Trettmann, KitschKrieg",2630736
"Trettmann, KitschKrieg, Alli Neumann, SFR",20677469
"Trettmann, KitschKrieg, Bonez MC, RAF Camora",279510
"Trettmann, KitschKrieg, Gzuz",24283788
"Trettmann, KitschKrieg, Gzuz, SFR",4051056
"Trettmann, KitschKrieg, SFR",11481236
"Trettmann, KitschKrieg, SFR, KeKe",966374
"Trettmann, Stereo Luchs, Pronto",10949
"Triana Iglesias, LOKE",686750
"Tribo da Periferia, Marília Mendonça",5673197
"Trijntje Oosterhuis, Candy Dulfer",41321
"Trill Pem, Wac Toja",10805268
"Trill Pem, Yann",12857
"Trill Pem, Young Igi",30551
"Trio Manja, Halil Chik",12717
"Triple One, Matt Corby, Kwame",33566
"Trippie Redd, 6ix9ine",2312840
"Trippie Redd, Baby Goth",2758334
"Trippie Redd, Chris King",350928
"Trippie Redd, Chris King, Quan'ta",1648863
"Trippie Redd, Coi Leray",592373
"Trippie Redd, DaBaby",69250562
"Trippie Redd, Emani 22",3510151
"Trippie Redd, Juice WRLD",70993278
"Trippie Redd, Juice WRLD, YNW Melly",49241543
"Trippie Redd, Kodie Shane",5476424
"Trippie Redd, Lil Baby, Lil Duke",12847027
"Trippie Redd, Lil Mosey",2570033
"Trippie Redd, Lil Wop",581844
"Trippie Redd, Lil Yachty, Pi’erre Bourne",607280
"Trippie Redd, Mariah the Scientist",317182
"Trippie Redd, PARTYNEXTDOOR",5295767
"Trippie Redd, Playboi Carti",3000173
"Trippie Redd, Russ",2853599
"Trippie Redd, Smokepurpp",1442777
"Trippie Redd, The Game",2022870
"Trippie Redd, Tory Lanez",767131
"Trippie Redd, Tory Lanez, Elliott Trent",1760786
"Trippie Redd, Travis Scott",13020249
"Trippie Redd, Young Thug",4960095
"Trippie Redd, Young Thug, Reese LAFLARE",4172108
"Trippie Redd, YoungBoy Never Broke Again",4162771
"Trippie Redd, YoungBoy Never Broke Again, Nel-Denarro",2818734
"Trippie Redd, Youv Dee",395046
"Tristam, Braken",55247
"Tritonal, APEK, Meron Ryan",3480
"Tritonal, Laurell",87503
"Tritonal, Riley Clemmons",3674
"Tritonal, Sj, Emma Gatsby",1043
"Trobi, Emily Zeck",232951
"Tropkillaz, J Balvin, Anitta, Mc Zaac",122040598
"Tropkillaz, Major Lazer, MC Kevinho, Busy Signal",8465183
"Trouze, Derrick Hoh",61731
"Trouze, El Jova",168667
"Troye Sivan, Jónsi",6712
"True Damage, Becky G, Keke Palmer, JEON SOYEON, Duckwrth, Thutmose, League of Legends",2954597
"True Damage, Becky G, Keke Palmer, SOYEON, Duckwrth, Thutmose, League of Legends",6831797
"Trueno, ONIRIA, TATOOL, Taiu",8641309
"Trueno, Taiu, TATOOL",1688449
"Tryo, Bigflo & Oli, Claudio Capéo, Gauvain Sers, Boulevard des Airs, L.E.J, Vianney, Zaz",2251354
"Tryo, McFly et Carlito",2555656
"Tsaki, Jessy Blue",21980
"Tshego, King Monada",22117
"Tshego, Tellaman",2360
"Tsunami, Socrate, Will",2223
"Tu Papa, Brian Lanzelotta",3221
"Tujamo, Sidney Samson",371713
"Tujamo, VIZE, MAJAN",1495964
"Tulisielu, Dilemma, Ällä",339329
"Tulsi Kumar, Bharat Goel, Ankit Tiwari",20637
"Tulsi Kumar, Darshan Raval",1360628
"Tulsi Kumar, Jubin Nautiyal",37363
"Tulsi Kumar, Jubin Nautiyal, Payal Dev",556393
"Tulsi Kumar, Jubin Nautiyal, Tanishk Bagchi",151178
"Tulsi Kumar, Sachet Tandon",149402
"Tulsi Kumar, Sachet Tandon, Mohit Chauhan, A.R. Rahman, Tanishk Bagchi",1815288
"Tulsi Kumar, Sachet Tandon, Tanishk Bagchi",30591
"Tulsi Kumar, Tanishk Bagchi, Gurmeet Singh",8637
"Tume, Matt Coil",323034
"Tuna Kiremitçi, Sena Şener",15120794
"Tuna Kiremitçi, Yıldız Tilbe",734818
"Tuna, NOROZ, Michael Swissa",91455
"Tuna, Peled",95452
"Tuna, Ravid Plotnik",1453944
"Tuna, Ravid Plotnik, לירון עמרם",450030
"Tuna, Tzlil",1805952
"Tuna, אחשתיים",101110
"Tunge Ferrari, Ruudboi",66218
"Tungevaag, Raaban",2502358
"Tungevaag, Raaban, Charlie Who?",30419
"Tungevaag, Raaban, Isac Elliot",1198893
"Tungevaag, Raaban, Richard Smitt",37248623
"Tungevaag, The Second Level",30548
"Tuomas Kauhanen, Asa",183143
"Tuomas Kauhanen, Janna",1066199
"Tuomas Kauhanen, Nikke Ankara, Mäkki, Aste",9192
"Tuomas Kauhanen, SANÉ",116402
"Tur-G, Andy VDM",167244
"Turab, Lex Press",83339
"Turab, Temur",17546
"Turac Berkay, Belma Şahin",706117
"Turbo, Gunna, Young Thug",246844
"Turisti, MELO, KC",18661
"Tutto Duran, DCS",1092869
"Tuure Boelius, Teflon Brothers",947136
"Tuva Syvertsen, Hver gang vi møtes",42725
"Tuzzo, Susi, Dropkick_m",38364
"Twista, Jeremih",102755
"Twopee Southside, Jay Park",201834
"Twopee Southside, Khan Thaitanium",8590
"Twopee Southside, Stamp Apiwat",287719
"Twopee Southside, Two Poprtorn, Wolfgang n Memphis",592467
"Twopee Southside, YOUNGOHM, JU4E",260885
"Txarango, Jarabe De Palo",41649
"Ty Dolla $ign, Roddy Ricch",3141
"Tyga, Curtis Roach",206549
"Tyga, Kanye West",170978
"Tyga, Megan Thee Stallion",359402
"Tyga, Ozuna",1725
"Tyga, Wiz Khalifa",480212
"Tyga, YG, Blueface",1324746
"Tyga, YG, Santana",10960649
"Tyler Bates, Joel J. Richard",25460
"Tyler, The Creator",669072485
"Tyler, The Creator, A$AP Rocky",8524
"Tymek, 2K, Michał Graczyk, Oki, PlanBe",370925
"Tymek, 2K, Michał Graczyk, Trill Pem, TEDE",561041
"Tymek, Awich, Fresh N Dope",32665
"Tymek, Big Scythe",27323454
"Tymek, Big Scythe, Deys",10499989
"Tymek, Big Scythe, Deys, Michał Graczyk, FANTØM",2026992
"Tymek, C0PIK",8455160
"Tymek, Czarny HIFI",17857
"Tymek, Deys, Big Scythe, Michał Graczyk, FantØm",370159
"Tymek, Gedz",253711
"Tymek, Kacperczyk",346726
"Tymek, Kizo, Stamir, Michał Graczyk, 2K",729517
"Tymek, Kizo, Szpaku, Michał Graczyk, 2K",19161
"Tymek, Kubi Producent",138611
"Tymek, Miły ATZ, Paluch, Gverilla, Dj Decks",245143
"Tymek, Nabo Nassib Fonabo, Michał Graczyk, Hubi",462799
"Tymek, Nabo",5105076
"Tymek, PlanBe, Oki",2077575
"Tymek, PlanBe, Oki, Michał Graczyk, 2K",1975307
"Tymek, Qry, FLEXLIKEKEV",2861522
"Tymek, Szpaku, Kizo",1119866
"Tymek, TEDE, Trill Pem, Michał Graczyk, 2K",2514141
"Tymek, Trill Pem, TEDE",19016591
"Tymek, Wac Toja",199213
"Tymek, Wac Toja, Michał Graczyk, FANTØM",158332
"Tyron Hapi, Laurell",4587870
"Tyron Hapi, Liam Ferrari",1310434
"Tyron Hapi, Mimoza",2712508
"Tzamal, Asto Pasam",143037
"Tzamal, Nick Pros",101262
"Tzemer, Miki G",1126
"Tóc Tiên, Da LAB, Touliver",842641
"Tóc Tiên, Touliver",13617
"Tómas Welding, ELVA",1076
"Tõnu Raadik, Riho Sibul",1004
"UM44K, Luan Otten",19446677
"UM44K, Luan Otten, Ferrugem",2929819
"UM44K, Matheus & Kauan",968139
"UNICEF Iceland, Emmsjé Gauti, Úlfur Úlfur, Daughters of Reykjavík, Auður, Kött Grá Pjé, Alvia Islandia, Cyber, GKR, Þorvaldur Davíð Kristjánsson, Erpur Eyvindarson, Sara Dís Hjaltested",23709
"UZI, Ayaz Kaplı",30930
"UZI, Motive",61818
"Ude Af Kontrol, Faustix",1787823
"Ude Af Kontrol, Pattesutter",5916444
"Udit Narayan, Neha Kakkar",313504
"Udit Narayan, Shreya Ghoshal",3081394
"Ufo361, Bausa, The Cratez",4444401
"Ufo361, Capital Bra",7418443
"Ufo361, Capital Bra, XATAR",73972
"Ufo361, CÉLINE",16410610
"Ufo361, Data Luv",35413458
"Ufo361, Ezhel",108026221
"Ufo361, Future",18640346
"Ufo361, Gunna",11816083
"Ufo361, Gzuz",2062290
"Ufo361, Gzuz, RAF Camora",1659772
"Ufo361, Haftbefehl",74456
"Ufo361, Hanybal",72568
"Ufo361, KC Rebell",1661350
"Ufo361, Kontra K",1295257
"Ufo361, Luciano",16351017
"Ufo361, Namika",60876
"Ufo361, Quavo",7527264
"Ufo361, RAF Camora",42997271
"Ufo361, RIN",25510282
"Ufo361, Rich The Kid",886516
"Ufo361, Sido",83277
"Ufo361, Trettmann",1103911
"Ufo361, Yung Hurn",5586450
"Uji Rashid, Hail Amir",1180087
"Ultrazvuk, Vec, Tono S",4143
"Ultrazvuk, Vec, Tono S, Emma Drobna",4248
"Ummet Ozcan, Laurell",6641249
"Umut Timur, MRC",7268240
"Un Corazón, Kim Richards",3181
"Un Corazón, Lead",7134
"Undacava, Capo",15399875
"Undacava, NGEE",240417
"Unga Scener, Aj B",2356079
"Unga Scener, Wafi",288118
"Unge Ferrari, Coucheron",1576029
"Unge Ferrari, Dutty Dior",124546
"Unge Ferrari, Fricky, Pernille Øiestad",119226
"Unge Ferrari, Lido",80518
"Unge Ferrari, Newkid",26703
"Unge Ferrari, Ylva",2755007
"Unge Lama, Mannen",36879
"Unge Lama, Rusmumrikken, Tigergutt",539449
"Uniikki, Antti Koivula",74628
"Uniikki, Archie Cruz",529082
"Uniikki, Diandra",187102
"Uniikki, Jannika B",687932
"Unittick, D.u.d.A",1386
"Unittick, Varrosi",1365
"Unknown Brain, Rival, Jex",203685
"Unknown T, AJ Tracey",2249452
"Urba y Rome, Lyanno, Zion & Lennox",1742840
"UrboyTJ, Lazyloxy",2633077
"UrboyTJ, Maiyarap",718581
"UrboyTJ, Mindset",3308
"UrboyTJ, ซันนี่ สุวรรณเมธานนท์ และนิชคุณ หรเวชกุล",208420
"Usher, Alicia Keys",6127203
"Usher, Lil Jon, Ludacris",395214
"Usher, will.i.am",59100
"Ustad Jefri Al Buchori, H. Aswan Faisal",501016
"V.E., Ruffedge",9431
"V:RGO, Dara",159202
"V:RGO, Dim4ou",23108
"V:RGO, EMIL TRF",11291
"V:RGO, Maria Ilieva",2284
"V:RGO, NDOE",11046
"V:RGO, Shizo",2725
"V:RGO, TRF, Krisko",11625
"VARINZ, Z TRIP, KANOM",2351679
"VARINZ, Z TRIP, Ponchet, Nonny9, Kanom",5895210
"VAX, Margaret",18187
"VAX, Sorana",825151
"VAX, Teddy Sky",646763
"VG+, Seksikäs-Suklaa",362711
"VIIVI, AHTI",176334
"VINAI, Anjulie",190467
"VINAI, Fatman Scoop",1040
"VIZE, Felix Jaehn",16969232
"VIZE, Laniia",46508782
"VIZE, Tom Gregory",15186184
"VKL, Roony",20648
"VLS, Onyra",3076
"VVS Collective, Nik Makino, Renzy, Raf Davis, M$TRYO",7056965
"VVS Collective, Raf Davis, Nik Makino, Mstryo, Renzy",276697
"VaVa, Lexie Liu",5497
"Vacca, Jamil",113646
"Vacca, Jamil, Skioffi",41283
"Vadak, TJay",28616
"Vado Más Ki Ás, Gang Mka",312111
"Vaidas Baumila, JUSTÉ",168924
"Vaidava, Roberts Lejasmeijers, Reverss",3102
"Valas, Raquel Tavares",42128
"Vald, Damso",2541865
"Vald, Maes",2480248
"Vald, SCH",5393675
"Vald, Sirius",401633
"Vald, Sofiane",9610673
"Vald, Suikon Blaz AD",4052299
"Valdis Liepiņš, Dzeguzīte",1952
"Vale pain, Rondodasosa",372478
"Valentine, Rui, Afrojack",2121
"Valentino, Dalex, Lenny Tavárez",1353751
"Valentino, Fuego",20623
"Valentino, Manuel Turizo",11841081
"Valentino, Nicky Jam, Justin Quiles",11237
"Valeria Gau, Marcos da costa",279504
"Valeria Gau, Pal Bailador",11089
"Valerie Broussard, Galantis",70589
"Vanya, Medi",142542
"Various Artists, Bulin 47, Carlos Montesquieu",2600
"Various Artists, Gyereklemez",12506
"Various Artists, Sarah Klang",248256
"Vasco Brondi, Le Luci Della Centrale Elettrica",63217
"Vayu, Aastha Gill, AKASA, Puri",7473532
"Vega, Montez",963863
"Vegas Jones, Dani Faiv",1160524
"Vegas Jones, Fabri Fibra",1334875
"Vegas Jones, Nitro",1844586
"Vegedream, Dadju",1289308
"Vegedream, Damso",2257100
"Vegedream, H Magnum",29711
"Vegedream, Joé Dwèt Filé",1111504
"Vegedream, Ninho",55609753
"Vegedream, Sofiane",424306
"Velet, 6iant",347926
"Velet, Canbay, Wolker",7743567
"Velet, Keyf",231556
"Venessa Fernandez, Aisyah Aziz, Shak'thiya Subramaniamm, THELIONCITYBOY, Joanna Dong",99159
"Venjulegir Gaurar, Hallur Flosa",1683
"Ventino, Lalo Ebratt, Yera",1771342
"Ventino, Rombai",8131
"Vera Lynn, Bert Ambrose Orchestra",153778
"Veronica Maggio, Håkan Hellström",1318136
"Versatile, Coolio",481743
"Very Cool People, ansis, Kristīne Prauliņa, Edavārdi",1505
"Vetusta Morla, Dani Martín, Ivan Ferreiro",392231
"Veysel, ElGrandeToto",236873
"Veysel, Gzuz",40668590
"Veysel, Jugglerz",7338820
"Veysel, Mozzik",12602848
"Veysel, Soolking",1641042
"Veysel, Summer Cem",11422016
"Veðurguðirnir, Ingó Veðurguð",11849
"Vic9, 3robi",267717
"Vic9, Adje",481041
"Vic9, Chivv",3247104
"Vic9, Eves Laurent, Jayh, Geechi",381849
"Vic9, Frenna",162190
"Vic9, Frsh",78984
"Vic9, Hef",122000
"Vic9, JoeyAK",88770
"Vic9, Josylvio, Momi",86840
"Vic9, Ronnie Flex",10536588
"Vic9, Sevn Alias",139514
"Vic9, Sevn Alias, Jiri11",175683
"Vic9, Zefanio",27261
"Vice, Jason Derulo",417712
"Vicente Garcia, Cultura Profética",17153
"Vicente Garcia, Juan Luis Guerra 4.40",298937
"Vicetone, MERŌN",1745
"Vicetone, Tony Igy",41621208
"Victor Leksell, Jireel, Newkid",1159393
"Victor Wong, Abin Fang",13012
"Victoria Monét, Khalid, SG Lewis",13299
"Vida Música Espírito, Martinelle Dayane",97952
"Vidar Villa, Staysman & Lazz",35220
"Vidas Bareikis, 8 Kambarys",394064
"Vidi Aldiano, Sheryl Sheinafia, Jevin Julian",229319
"Vigiland, A7S",1377016
"Vigiland, Alexander Tidebrink",39668884
"Vigiland, Anthony E",1074889
"Vigiland, Tham Sway",96238
"Vigiland, mha",32899
"Vigro Deep, Sdala The Vocalist",107315
"Viki Gabor, Kayah",2776273
"Viktor Sheen, Karlo",325935
"Viktor Sheen, LUISA",1880753
"Viktor Sheen, Lvcas Dope, Jimmy Dickson, Mooza, Hugo Kafumbi",77519
"Viktor Sheen, Nik Tendo",1536743
"Viktor Sheen, Nik Tendo, Calin, Hasan",6877805
"Viktor Sheen, Renne Dang",2988
"Viktor Sheen, Yzomandias",2156075
"Vilde og Anna, MGPjr",7783
"VillaBanks, Linch",165006
"VillaBanks, Vale pain, Linch, Bovychulo",12355465
"Villanosam, Japanese",117223
"Ville Tuomi, Kimmo Blom",111548
"Villemdrillem, Elina Born",91774
"Vilma Alina, Gasellit",441810
"Vilma Alina, Jon-Jon",12464
"Vilma Alina, Nelli Matula, SINI YASEMIN, Ida Paul",207040
"Vilma Alina, Teflon Brothers",52365
"Vin og Rap, Larsiveli, ZadeKing",12264
"Vincent Wong, Kayee Tam",67576
"Vintage Culture, Adam K",23424068
"Vintage Culture, Fancy Inc",7452978
"Vintage Culture, KVSH, Breno Miranda",15544428
"Vintage Culture, Meca",83684
"Vintage Culture, Pimpo Gama",79049
"Vintage Culture, Rooftime",4234499
"Vio, Artz",115394
"Vio, Aspova",361846
"Vio, Ayben, Kamufle",259608
"Vio, Burry Soprano, Tepki, Motive, UZI, Atlas, Baskın",1271469
"Vio, Ceza",3112855
"Vio, Ezhel",2342168
"Vio, Modd",186521
"Vio, Motive",51828
"Vio, Tepki",92270
"Vio, Tepki, Patron",634874
"Vio, UZI, Ati242",81033
"Vio, Şehinşah",1548971
"Virgoun, Audy",31122918
"Vishal Dadlani, Benny Dayal",9243273
"Vishal Dadlani, Sachin-Jigar",2418083
"Vishal Dadlani, Shekhar Ravjiani, Vishal-Shekhar",4227742
"Vishal Dadlani, Shreyas Puranik, Sanjay Leela Bhansali",16274
"Vishal Dadlani, Vishal Mishra",64458
"Vishal Mishra, Asees Kaur",35954
"Vishal Mishra, Lisa Mishra",449364
"Vishal-Shekhar, Dev Negi, Payal Dev, Vishal Dadlani",368287
"Vishal-Shekhar, Julius Packiam, Atif Aslam, Irshad Kamil",9240603
"Vishal-Shekhar, Neha Kakkar, Shekhar Ravjiani",12084856
"Vishal-Shekhar, Sanam Puri, Neeti Mohan",1668369
"Vishal-Shekhar, Vishal Dadlani, Payal Dev",177157
"Vishal-Shekhar, Vishal Dadlani, Payal Dev, Kishore Kumar",7603593
"Vitaa, Slimane",39398470
"Vitor Kley, Bruno Martini",51800267
"Vitão, Agir",93443
"Vitão, Anitta",52722187
"Vitão, DAY",115638
"Vitão, Feid",939930
"Vitão, Gaab, Luccas Carlos",97382
"Vitão, Hodari",110704
"Vitão, Luccas Carlos",30033778
"Vitão, Luísa Sonza",8127408
"Vitão, Mc Davi",17955774
"Vitão, Rael",100511
"Vivian Hsu, Gary Chaw",2459
"Vladimir Cauchemar, 6ix9ine",643599
"Vladimir Cauchemar, Vald",3682001
"Volbeat, Gary Holt",21802
"Volbeat, Johan Olsen",6115255
"Volbeat, Neil Fallon",311485
"Vou pro Sereno, LUDMILLA",23160434
"Vusi Nova, Jessica Mbangeni",11572
"Vusinator, Soso, Killa",109675
"WADD, Weekend Heroes, jotabee",13100
"WAMI, Max Landry, Lexy Cassell",4038
"WAO, Tom Rezende",241252
"WATEVA, Emily J",1447
"WATEVA, Karl Killing",4036
"WATEVA, Next to Neon",358310
"WC no Beat, Djonga, Karol Conká",489731
"WC no Beat, FP do Trem Bala",31494135
"WC no Beat, LUDMILLA, Vitão",2988573
"WC no Beat, MC Cabelinho, Hariel, Pk, Orochi",1028640
"WC no Beat, MC Cabelinho, PK, MC Hariel, Orochi",4480649
"WC no Beat, MC Cabelinho, Pk, MC Hariel, Orochi",17699354
"WC no Beat, Nego do Borel, Matuê",143050
"WE$T DUBAI, Duki, Nake",271420
"WENDY, John Legend",1091860
"WIP Bros, Ekipa",2681967
"WIU, Matuê",11239714
"WOODZ, Colde",17013
"WOODZ, punchnello",18404
"WOS, MANU OLIVA",452629
"WRLD, Savoi",2550
"WUANT, Owhana",3567
"WYK, Justsesomali",8918
"Waa Wei, Di Ma",406696
"Waa Wei, Yoyo Sham",13154
"Wac Toja, Kizo",491386
"Wac Toja, Matheo, Kizo",701740
"Wac Toja, Matheo, Malik Montana",1563052
"Wahlstedt, Next to Neon",1269
"Wahyu Selow, Coki",10966374
"Wan Thanakrit, Mild",234413
"Wani, W.A.R.I.S",921826
"Wankelmut, Charlotte OC",2103
"Wankelmut, Emma Louise",820947
"Wany Hasrita, Dato Jamal Abdillah",936829
"Waze, David Carreira",6790
"Waze, Ivandro, Valdo",47023
"Waze, Karetus",16777
"Wean, Aki",18712
"Weekend Heroes, M0B, Tschavek",2418
"Wegz, Savage Plug",196458
"Weird Genius, Prince Husein, Eka Gustiwana, Reza Oktovian, Billy Taner",1610919
"Weird Genius, Sara Fajira",13040512
"Wellhello, Halott Pénz",1917
"Wesley Safadão, Aldair Playboy, MC Kevinho",12615855
"Wesley Safadão, Anitta",87870309
"Wesley Safadão, Leo Santana",3343593
"Wesley Safadão, MC Kekel",1025875
"Wesley Safadão, Marília Mendonça",11265577
"Wesley Safadão, Matheus & Kauan",11031348
"Wesley Safadão, Ronaldinho Gaúcho",3079251
"Wesley Safadão, Zé Neto & Cristiano",41620200
"Westlife, Steve Mac",16544
"Wet Bed Gang, CHARLIE BEATS",2694330
"Wet Bed Gang, Jimmy P",1722
"Whal & Dolph, Earth Patravee",2549739
"Whethan, Bearson",19513
"White 2115, Bedoes, Kuqe",1676657
"White 2115, Jan-Rapowanie",709618
"White 2115, Luna",153123
"White 2115, Malik Montana, Pablo 2115",64464
"White 2115, Żabson",116462
"White House, Szpaku",15897
"Whitney Houston, The Georgia Mass Choir",160286
"Whogaux, Karl-Kristjan, Maian",45231
"Why Don't We, Macklemore",57040768
"Whyrun, Haki",4300
"Wiatr, Tymek",1793903
"Wilbert Roget, II",1377
"Wild-Boy, 1.Cuz",140342
"Wiley, Ms D",387015
"Wiley, Stefflon Don, Sean Paul",28915864
"Wilkinson, Becky Hill",9378
"Wilkinson, Karen Harding",66757
"Will Ferrell, My Marianne",295427
"Will Pan, Tia Ray",1388855
"Will Pan, Xian Zi",129701
"Will Smith, DJ Khaled",26961
"Will Sparks, Wiley, Elen Levon",5278
"Will, Socrate",1089
"Willie Colón, Héctor Lavoe",1954
"Willie Colón, Héctor Lavoe, Yomo Toro",14847
"Willie Colón, Rubén Blades",1708
"Winati, Moonshine, BELLMAN, Louise CS",2747234
"Winne, Candy Dulfer",23513
"Winne, Emms",390261
"Winne, Feis",46414
"Winne, Feis, Kevin",173862
"Winne, Fresku",71584
"Winne, Jayh",27724
"Winne, Kempi",25829
"Winne, Memphis Depay, Nana Fofie",82938
"Winne, Poppe",72522
"Winne, Rass King",28375
"Winne, Raw Roets, Josylvio, Vic9",451396
"Winona Oak, Robin Schulz",180537
"Wisin & Yandel, Bad Bunny",3785631
"Wisin & Yandel, Chris Brown, T-Pain",650882
"Wisin & Yandel, Farruko",49699
"Wisin & Yandel, Maluma",541143
"Wisin & Yandel, Miky Woodz",52729
"Wisin & Yandel, O'neil, Franco ""El Gorilla""",4858
"Wisin & Yandel, Ozuna",20576171
"Wisin & Yandel, Romeo Santos",252896128
"Wisin & Yandel, Sech",3493803
"Wisin & Yandel, Zion & Lennox",72083
"Wisin, Arcangel",4369510
"Wisin, Carlos Vives",811214
"Wisin, Daddy Yankee, Yandel",17304137
"Wisin, Don Omar, Zion & Lennox, Tito ""El Bambino""",1349357
"Wisin, Ozuna",90786802
"Wisin, Ozuna, Bad Bunny, De La Ghetto, Arcangel, Noriel, Almighty",5646838
"Wisin, Yandel, Farruko",206419
"Wiz Khalifa, PARTYNEXTDOOR",252949
"Woenzelaar, D-Double",58658
"Woenzelaar, Josylvio, Jermaine Niffer, D-Double",28323
"Woenzelaar, KA",502103
"Woenzelaar, Sevn Alias",571170
"Wolf, Slogan",13947
"Wolfgang, Howard D, Soufiane Eddyani, Lijpe, Ismo, MocroManiac, Memphis",154194
"Wolfine, Maluma",193526375
"Wonayd, Amos",1039
"Wonayd, Króli",27010
"Wonderframe, Kanto",181900
"Wonderframe, RachYO",267943
"Wonderframe, Spidermei",165337
"Wretch 32, Donae'o, Kojo Funds",55115
"Wretch 32, Giggs",117405
"Wretch 32, Josh Kumra",59116
"Wu Bai, 潘信維, Double",7162
"Wyclef Jean, Avicii",359394
"Wynton Marsalis, The Wynton Marsalis Quintet, Oni Marsalis",192547
"X Ambassadors, Elle King, Wiz Khalifa",102909
"X-Tense, DJ HYPE MYKE",517199
"X-Tense, Los Cavakitos",3669150
"XATAR, Azet",4932989
"XATAR, Capital Bra",842744
"XATAR, Nu51",218940
"XINDL X, Sabina Krovakova",9108
"XXXTENTACION, Bass Santana, Kin$oul, Kid Trunks, Flyboy Tarantino",277054
"XXXTENTACION, Bass Santana, Kin$oul, Reddz",1336750
"XXXTENTACION, Flyboy Tarantino, Kid Trunks, Bass Santana, Kin$oul",2270453
"XXXTENTACION, Joyner Lucas",654322
"XXXTENTACION, Killstation",620932
"XXXTENTACION, Kin$oul, Killstation",1478186
"XXXTENTACION, Lil Pump",547382139
"XXXTENTACION, Lil Wayne",667859
"XXXTENTACION, Noah Cyrus",347439
"XXXTENTACION, PnB Rock, Trippie Redd",23338663
"XXXTENTACION, Rick Ross",359287
"XXXTENTACION, Rico Nasty",2156496
"XXXTENTACION, Ski Mask The Slump God",3561518
"XXXTENTACION, Tom. G",2010
"Xamã, Neo Beats, Matuê",14710637
"Xand Avião, Gusttavo Lima",77574119
"Xander, Amna Naseer",401481
"Xanh 8+1, Trang",1347
"Xantos, Dynell",22823579
"Xantos, Piso 21",6012
"Xen, Chekaa",33863
"Xen, Sido",7715
"Xen, Stereo Luchs",9633
"Xiara, Noah",522503
"Xir, Monoman",187635
"Xtortion Tha Don, Junior Pasare, Dre' Madison",6830
"Xtra Basic, Emily J",9987
"Xuân Nghi, kny, Ox The Moron",13235
"Y2K, bbno$",1026604355
"YB D'nero, G-Wicked",16390
"YFN Lucci, PnB Rock",641640
"YG, Kehlani",371532
"YG, Tyga, Jon Z",25528335
"YL, Alonzo",340226
"YL, Jul",237576
"YL, Ninho",4229515
"YL, Niro",435813
"YL, RK",1917944
"YL, Sofiane, Niro",753149
"YL, Soolking",1239468
"YL, Timal",933575
"YNW Jordan, Kolé, Young Fay",76537
"YOSA & TAAR, SIRUP",12493
"YOUNGOHM, FIIXD, Tomahawk",2819
"YOUNGOHM, OG-ANIC",375610
"YSY A, Bhavi",548105
"YSY A, CLUB HATS",296650
"YSY A, Duki",1969055
"YSY A, Duki, Neo Pistea",4189242
"YSY A, Marcianos Crew",123524
"YSY A, Neo Pistea",42313
"YSY A, Neo Pistea, Duki, C.R.O, KAKTOV",37275
"YSY A, Obie Wanshot",20454
"YSY A, OroDembow",104650
"YSY A, Shainny, Duki",32950
"Yade Lauren, Jonna Fraser",66906
"Yahaira Plasencia, Sergio George",3410010
"Yakki, Trig",105430
"Yall, Julimar Santos",30117
"Yall, Royale Avenue, Lunis",62517
"Yampi, Ozuna, Myke Towers",1356
"YanBi, Bùi Anh Tuấn",194555
"YanBi, Hoang Ton",12390
"Yandel, Bad Bunny",52761407
"Yandel, Bad Bunny, Noriel",1014821
"Yandel, Egbert Rosa aka Haze",10228714
"Yandel, Maluma",784648
"Yandel, Mambo Kingz, DJ Luian, Jon Z, Zion, Noriel",845693
"Yandel, Sebastian Yatra, Manuel Turizo",32581548
"Yang Da Il, WENDY",22578
"Yannc, Darkiel, Eladio Carrion, Brray, Myke Towers",48216691
"Yanno, Puri",47153
"Yaro, Ninho",9085206
"Yaro, Ninho, PLK",8964633
"Yash Narvekar, Parampara Tandon, Tanishk Bagchi",14455879
"Yashita Sharma, Manish Kumar Tipu, Farhan Akhtar, Shankar Mahadevan, Sukhwinder Singh",32629
"Yasin Keleş, Neşet Ertaş",476889
"Yasin, Dree Low",13278635
"Yasmin Santos, Gustavo Mioto",14653606
"Yasmin Santos, Marília Mendonça",63878893
"Yasmine San Miguel, Karl Fredrik Førli",57304
"Yassazin, stevi1da",37154
"Yasser Abd Alwahab, Haider Nabeel",68121
"Yasser Desai, Altamash Faridi",643258
"Yasutaka Nakata, Kenshi Yonezu",296874
"Yaşar Gaga, Tarkan, Sezen Aksu",249962
"Years & Years, ALMA",9307
"Years & Years, Jess Glynne",178462
"Years & Years, MNEK",6877
"Years & Years, Tove Lo",304380
"Yehoram Gaon, Choir",9168
"Yehudit Ravitz, Yoni Rechter",4979
"Yellow Claw, Ayden",1266477
"Yellow Claw, MC Kekel, Lil Debbie, Bok Nero, MC Gustta",20686
"Yellow Claw, Moksi, Yade Lauren",424959
"Yellow Claw, Offset, Era Istrefi",43307
"Yellow Claw, Rochelle",3706
"Yellow Claw, STORi",929059
"Yellow Claw, Sofía Reyes",73207
"Yellow Claw, Tabitha Nauser",750953
"Yellow Claw, valentina cy",189203
"Yeng Constantino, Star Magic Kapamilya All Star",68520
"Yera, Juan Magán, Lola Indigo, De La Ghetto",44651
"Yera, Morat",8703673
"Yera, Trapical",4537300
"Yes'sir Days, Oat Pramote",99882
"Yiordano Ignacio, Bayron Fire",3596939
"Yiordano Ignacio, Tommy Boysen",144107
"Yisa Yu, 李治廷",44076
"Yksi Totuus, HesaÄijä",2545652
"Yksi Totuus, Matti Nykänen",3083941
"Yo Gotti, Nicki Minaj",25182763
"Yo Lee, Anni Hung",6330
"Yo Lee, 吳霏, 楊碧琪",72646
"Yo Yo Honey Singh, Ashok Mastie, Jyotica Tangri",3237152
"Yo Yo Honey Singh, Malkit Singh",2550207
"Yo Yo Honey Singh, Neha Kakkar",34200
"Yo Yo Honey Singh, Neha Kakkar, Ekaterina Sizova",386354
"Yo Yo Honey Singh, Neha Kakkar, Navraj Hans",7151
"Yo Yo Honey Singh, Neha Kakkar, Singhsta, Pinaki, Sean, Allistair",516066
"Yo Yo Honey Singh, Simar Kaur",3840728
"Yo Yo Honey Singh, Simar Kaur, Ishers",2127170
"Yoga Lin, Yisa Yu",52727
"Yohancito, Carlitos Junior, Forest, BlackRoy, Yordano, adan la Amenazza, Anonimus",7946368
"Yomel El Meloso, Bulova",414921
"Yomel El Meloso, Distin Prada, Royel 27, Pablo Piddy",39502
"YonYon, SIRUP",14509
"Yona, Olavi Uusivirta",78242
"Yona, Pesso",36559
"Yona, ibe, Kube, DJ Ibusal",57119
"YonnyBoii, Zynakal",10798
"Yoshiki, HYDE",53970
"You Know Who, Christina",1383327
"Young Adz, AJ Tracey",77385
"Young Cister, Polimá Westcoast",4358689
"Young Dolph, Key Glock",434984
"Young Dolph, Offset",233478
"Young Ellens, 3robi, Esko",4527534
"Young Ellens, BKO",87776
"Young Ellens, DODO",443865
"Young Ellens, Esko",587345
"Young Ellens, Frenna",3179073
"Young Ellens, Frsh",185951
"Young Ellens, JayMoreLife",376472
"Young Ellens, Josylvio, Kevin, BKO",7245450
"Young Ellens, Josylvio, Murda, BKO, Kevin",325400
"Young Ellens, Mr. Polska",27963
"Young Igi, 2K",1765590
"Young Igi, FrizOnTheBeat",204852
"Young Igi, Jan-Rapowanie",1945702
"Young Igi, Kaz Bałagane",189121
"Young Igi, Kizo",1346131
"Young Igi, Malik Montana",1229505
"Young Igi, Margaret",7283153
"Young Igi, Miyo",71605
"Young Igi, Otsochodzi",1545024
"Young Igi, Peja",1638180
"Young Igi, Pikers",45217
"Young Igi, Szpaku",143108
"Young Igi, Włodi",85466
"Young Lex, gamaliél",168727
"Young Money, Drake",32794
"Young Multi, Fast Life Sharky",964506
"Young Multi, Fast Life Sharky, Żabson",273222
"Young Multi, Peja",44873
"Young Multi, Żabson",371182
"Young Nudy, Pi’erre Bourne",7735
"Young Slash, Żabson",432623
"Young Thug, Travis Scott",48628891
"Young Thug, Young Stoner Life",38796561
"Younggu, Twopee Southside, DABOYWAY, F.HERO",26529
"Younggu, YOUNGOHM, FIIXD, Diamond, Petz",101706
"Younotus, Janieck, Senex",44755935
"Younotus, Julian Perretta",58526
"Yovie Widianto, Tulus, Glenn Fredly",52663800
"Ypo, FLY LO, Mike G",16014
"Ypo, Light",225549
"Ypo, Sele",55563
"Yssi SB, D-Double, Henkie T, Jack, Sevn Alias, Josylvio",776964
"Yue Chun Giu, Zhang Zhi Ming",96729
"Yulien Oviedo, Nacho",1242989
"Yuna, G-Eazy",533427
"Yuna, Jay Park",73844
"Yuna, KYLE",340241
"Yuna, Little Simz",57772
"Yuna, Tyler, The Creator",16893
"Yuna, Usher",38749
"Yung Anime, Lil Mozart",583243
"Yung Felix, Bizzey, Josylvio, Hef, Delivio Reavon",647154
"Yung Felix, Bokoesam",132626
"Yung Felix, Bokoesam, Bartofso",177421
"Yung Felix, Bokoesam, Ronnie Flex, Jandro, Idaly",202818
"Yung Felix, Chivv, Bizzey, Kraantje Pappie",13611398
"Yung Felix, Mula B, 3robi",539720
"Yung Felix, Poke",14740858
"Yung Felix, Poke, 3robi",1252214
"Yung Felix, Poke, Bizzey",19811258
"Yung Felix, Poke, Dopebwoy",27121561
"Yung Gravy, bbno$",734215
"Yung Hurn, Bausa",3316
"Yung Hurn, Fergy53",95057
"Yung Hurn, JONNY5",13097
"Yung Hurn, RIN",440261
"Yung Hurn, reezy",467894
"Yung Mavu, Chuki Beats",28191
"Yung Nigo Drippin', 24/7",13980
"Yung Nigo Drippin', 24/7, Gvdjon",28631
"Yung Nigo Drippin', Alvia Islandia",1601
"Yung Nigo Drippin', Bjarki Gucci",63118
"Yung Nigo Drippin', Bleache",126043
"Yung Nigo Drippin', Gvdjon",16791
"Yung Nigo Drippin', Kuldi",44892
"Yung Nigo Drippin', Plasticboy",10704
"Yung Nigo Drippin', Silkiklútur, Bleache",18134
"Yung Nigo Drippin', Silkiklútur, Ízleifur",1620
"Yura Yunita, Glenn Fredly",31420193
"Yura Yunita, Reza Rahadian",17218
"Yuri, Tatiana, Arianna, Denise De Kalafe, Mijares, Pandora, Daniela Romo, Hernaldo Zuniga, Oscar Athie",630613
"Yuvan Shankar Raja, Dhanush, Dhee",981769
"Yves V, Ilkay Sencan",1191770
"Yvng Swag, Pedrito Vm",206968
"Yxng Le, Delany",978403
"Yxng Le, Frenna",20460209
"Yzomandias, AstralKid22",84755
"Yzomandias, DMS",135849
"Yzomandias, Dame",50394
"Yzomandias, Dark Side",105704
"Yzomandias, Decky, Kamil Hoffmann",529419
"Yzomandias, Dimzy",83692
"Yzomandias, Ektor",237683
"Yzomandias, Hasan",138260
"Yzomandias, Hasan, Karlo",113205
"Yzomandias, Hasan, Viktor Sheen",32595
"Yzomandias, Jickson, Nik Tendo, Kamil Hoffmann",149358
"Yzomandias, Kamil Hoffmann",53808
"Yzomandias, Karlo",245635
"Yzomandias, MILION+",104639
"Yzomandias, Nik Tendo",1305673
"Yzomandias, Nik Tendo, Eight O",80854
"Yzomandias, Nik Tendo, Karlo",98327
"Yzomandias, Nik Tendo, Robin Zoot",73410
"Yzomandias, Nik Tendo, Viktor Sheen, Zayo, Karlo",155162
"Yzomandias, Robin Zoot",601874
"Yzomandias, Separ",447337
"Yzomandias, Sick Luke",108319
"Yzomandias, Smack",39327
"Yzomandias, Viktor Sheen",120945
"Yzomandias, Viktor Sheen, Karlo",95166
"Yzomandias, Wayne Santana, Nik Tendo, Tony Effe",572087
"Yzomandias, Youv Dee",241046
"Yzomandias, Zayo",116059
"Yzomandias, Zayo, Ego, Nik Tendo",44381
"Yzomandias, Čis T, Smack",95030
"Yzomandias, Żabson, Karlo",80977
"Yö, Annika Eklund",22223
"Z.E, 2.clock",77572
"Z.E, AJ Tracey",104310
"Z.E, Adel",33866
"Z.E, Adrijana",43507
"Z.E, Biggie Juke",28170
"Z.E, Cherrie",34964
"Z.E, Dani M",32023
"Z.E, Denz",27285
"Z.E, ICEKIID",180440
"Z.E, Jiggz",25527577
"Z.E, Jiggz, Thrife",8927996
"Z.E, Nigma",1328606
"Z.E, Owen",5654097
"Z.E, S.T",3367418
"Z.E, Simon Superti, Enes",19680
"Z.E, Thrife",83193
"Z.E, Thrife, Nigma",10095061
"ZAYN, Sia",148297351
"ZAYN, Taylor Swift",475674379
"ZAYN, Zhavia Ward",166767018
"ZHU, NERO",170557
"ZHU, Skrillex, THEY.",89797
"ZK, Fouli",1365305
"ZLATAN, Day",41398
"Za100let, Marek Ztraceny, Tomas Klus, Ewa Farna, XINDL X, Michal Hruza, David Stypka, Debbi, Čechomor, DIVOKEJ BILL, Jananas, Slza, Jelen, Mirai",2619049
"Zac Efron, Zendaya",237230489
"Zack De La Rocha, Run The Jewels",625347
"Zack Ink, HEF, LouiVos",446358
"Zack Ink, Lijpe, Ismo",257664
"Zack Ink, Vani",109613
"Zack Knight, Jasmin Walia",2903994
"Zackybass, Goso",3621
"ZadeKing, Ezzari",15876
"ZadeKing, Temur",55771
"Zaeden, Jonita Gandhi",158588
"Zano, Chakra, MadMan",235246
"Zappi, Special Academy Kids",8654
"Zara G, Giovanni",12595
"Zara Larsson, MNEK",2270049
"Zay Hilfigerrr, Zayion McCall",10885915
"Zayed Hassan, Syauqi Destanika",12572
"Zayed Hassan, geriel",8387
"Zayo, Dalyb",163750
"Zayo, Ego",55856
"Zayo, KHANS",55696
"Zayo, Karlo",18947
"Zayo, Samey",447970
"Zayo, Saul, Nik Tendo",124203
"Zayo, Yzomandias",1162025
"Zbigniew Preisner, Beata Rybotycka",147450
"Zeamsone, Deys",92026
"Zeamsone, White 2115",79048
"Zeamsone, Young Igi",1848006
"Zeballos, Gavo",6763
"Zeballos, Mili Milanss",6501
"Zeballos, NSB, NG",6448
"Zeballos, Rodridi",9379
"Zedd, Alessia Cara",27762823
"Zedd, Elley Duhé",322824351
"Zedd, Jon Bellion",222445
"Zedd, Katy Perry",81547482
"Zedd, Liam Payne",26342
"Zedd, Maren Morris, Grey",1163470950
"Zeeba, Manu Gavassi",1627720
"Zefanio, Jonna Fraser",15742
"Zen-G, Ati242",3964509
"Zeppy Zep, Otsochodzi",514910
"ZetHa, Popkiller Młode Wilki, Żabson",61995
"Zetazen, Natos y Waor, Naes Beats",36602
"Zetazen, Recycled J",53058
"Zhong Yu Lin, Juan Ying Zhuang",31767
"Ziana Zain, Awie",29832
"Ziedu Vija, xantikvariāts",1069
"Ziemassvētku zvaigžņu koris, Normunds Rutulis, Zigfrīds Muktupāvels, Ivo Fomins, Linda Leen, Ūdrītis, Gints Sola, Ingus Ulmanis, IGO, u.c.",2871
"Zigfrīds Muktupāvels, Normunds Rutulis, Ivo Fomins, Linda Leen, Ūdrītis, Gints Sola, Ingus Ulmanis, IGO, u.c.",13628
"Zion & Lennox, Anuel AA, Haze",37516112
"Zion & Lennox, Farruko, Yandel",219662
"Zion, Shadow Blow",14632
"Ziv Zaifman, Hugh Jackman, Michelle Williams",67313432
"Ziynet Sali, Berk Coşkun",1379800
"Ziynet Sali, Bilal Sonses",2203132
"Zizan Razak, Ismail Izzani",2383375
"Zola, Ninho",39716
"Zom Marie, Lazyloxy",9049511
"Zom Marie, Oat Pramote",4390011
"Zondag Met Lubach, MEROL",126957
"Zooey Wonder, 吳青峰",88111
"Zookeepers, Clara",609462
"Zookeepers, Medina",16352
"Zoé, Bunbury",48290
"Zoë-Jadha, Lesje",118255
"Zuna, Azet",347604
"Zuna, Azet, Noizy",12340566
"Zuna, Bausa",200338
"Zuna, Loredana, SRNO",17783174
"Zuna, Miami Yacine",4583872
"Zuna, Nash",890096
"Zuna, Stijco",139532
"Zuno Mattia, Low Kidd, Lazza",28252
"Zvika Brand, 242, אקסום",1137
"Zwangere Guy, Blu Samu, Yseult",63126
"Zwangere Guy, Chuki Beats",38793
"Zwangere Guy, Peet",13438
"Zwangere Guy, Peet, Narco Polo",79048
"Zwangere Guy, STIKSTOF, Fat Windjacks",72418
"Zwangere Guy, Selah Sue, Darrell Cole",17101
"Zwangere Guy, Sticks",89392
"Zwei Am Morge, Bundesrat",42121
"Zynakal, YonnyBoii",3346039
"Zävodi, Berkes Olivér",3741
"Zé Felipe, Gusttavo Lima",66253880
"Zé Felipe, Maiara & Maraisa",2659125
"Zé Felipe, Menor",17608211
"Zé Felipe, Naiara Azevedo, Furacao Love",731762
"Zé Neto & Cristiano, Daniel",1092567
"Zé Neto & Cristiano, Dj Kevin",1756123
"Zé Ricardo & Thiago, MC K9, Papatinho",480589
"[Alexandros], Tahi Saihate",199645
"aLee DJ, Dj Lauuh ELOY",268890
"aLee DJ, Zeta Music",353506
"andrei, Killa Fonic, Nane, bbno$, Azteca",459296
"ansis, Kristīne Pāže",1177465
"ayaka, Daichi Miura",65887
"badass keema, FATBOY RHYMER",7649
"badchieff, Jamule",78605
"bauti bory, MDS",191041
"bbno$, Lewis Grant",130260
"bbno$, Yung Gravy",511189
"beatsbyhand, Biggy",9943
"benji price, ProfJam",15252
"blackbear, Tiny Meat Gang",255677
"boy pablo, Jimi Somewhere",14584
"bruno livesax, Raccoon3eyes",106423
"buller, GLOBBY, El Chilli, Gray",16191
"bvd kult, OT",209460
"chiello_fsk, Greg Willen",400538
"chillwagon, Borixon, OlszaKumpel, Qry, Reto, Kubi Producent",3096498
"cinnamons, evening cinema",575533
"costee, TIPPA",232113
"deadmau5, Rob Swire",13615
"deadmau5, The Neptunes",33435
"dodie, Tom Walker",51957
"dvsn, Ty Dolla $ign",47763
"edi, Ollie",207234
"emre aydın, Yaprak Çamlıca",87438
"estraden, Molly Sandén",9981852
"estraden, Tjuvjakt",16527313
"estraden, Victor Leksell",22342207
"evanturetime, Yllis, Axel",3892
"fcj, Rosarrie",4295
"filous, LissA",164011
"gamaliél, Isyana Sarasvati",8083267
"iLL BLU, Krept & Konan, Loski, ZieZie",4066261
"iLL BLU, OFB",2379661
"iLLEOo, DJ Benz",11065
"iLLEOo, DJ Benz, Hawk",1212206
"iLLEOo, Fy",42419
"iLLEOo, Hawk",1024146
"iLLEOo, Mad Clip",1425441
"iLLEOo, Mente Fuerte",100295
"iLLEOo, Night Grind",23847
"iLLEOo, Night Grind, Tase",218239
"iLLEOo, Sapranov",44457
"iLLEOo, Slogan",28905
"iLuvMuny, Sergei Barracuda",4484
"iRO, Macklemore",147551
"iann dior, Machine Gun Kelly, Travis Barker",2095445
"iann dior, Travis Barker",234883
"iann dior, Trippie Redd",13843297
"ibe, Bizi, MELO",94931
"ibe, Cavallini & Shrty",44263
"ibe, MELO",1282195
"ibe, Sexmane, william",202382
"ibe, TheoFuego",33921
"ikikardesh, Eza",992944
"j mena, Cazzu",9707877
"j mena, Rafaga",283558
"jetsonmade, Jack Harlow",270478
"joel music, Puch Flow",812922
"joel music, puch flow",3136676
"kaw, säm",30091
"kef LAVÍK, Arnar Úlfur",1786
"kef LAVÍK, JóiPé, Króli",3572
"kef LAVÍK, Steindi Jr.",4638
"kizaru, HoodRich Pablo Juan",1123
"kizaru, Smokepurpp",1227
"lewloh, Ariyel",6374
"lil waii, Socrate, iperkut",1094
"lowlow, Marianne Mirage",9037
"lowlow, Mostro",145557
"m-flo loves Sik-K & eill & 向井太一, m-flo, Sik-K, eill, Taichi Mukai",63151
"maNga, Kamufle, Joker, Tankurt Manas, Fate Fat, Dj Hırs",22819
"mansionz, Dennis Rodman",186909
"mansionz, Spark Master Tape",854334
"marp$, Clicherik",171780
"marp$, Suur Papa",1005
"mishlawi, Gson",1207569
"mishlawi, Richie Campbell, Plutónio",2988753
"miwa, Hazzie",168347
"molotof, Marwan Pablo",190688
"molotof, Wegz",380298
"nublu, Reket",1346550
"nublu, gameboy tetris",1294113
"okeiokei, INGA",3539
"okeiokei, Villemdrillem",36652
"pewdiepie, Roomie, Boyinaband",383142
"reezy, Bausa",6761197
"reezy, Minhtendo",744752
"rolands če, xantikvariāts",113409
"schafter, Belmondo",1386087
"schafter, Oki",1470994
"schafter, Ras, MŁODY DZBAN",224202
"schafter, Taco Hemingway",7575930
"schafter, Young Igi",885111
"schafter, vkie",14567
"schafter, Żabson",8530409
"teamwork., Nina Nesbitt, AJ Mitchell",22314
"teeayz, Trung Trần, Ngơ",1657
"tha Supreme, Nayt",34282067
"theBOYKOR, Nop Ponchamni",101574
"una schram, Ra:tio",4815
"will.i.am, Britney Spears",29017
"yirmi7, Birol Namoğlu",76072
"África, María Escarmiento",149085
"Ángela Aguilar, Pepe Aguilar",77416
"Ísold, Helga",3226
"Ñejo, Dalmata",5355
"Ñejo, Nicky Jam",3468635
"Ñengo Flow, Anuel AA",11015536
"Ñengo Flow, Casper Magico, Sinfonico, Darell, Ele A El Dominio, Jon Z, Mackie",13155
"Ñengo Flow, Darell",59408
"Ñengo Flow, El Micha",31726
"Ñengo Flow, Jhay Cortez",1326539
"Ñengo Flow, Jon Z",25032
"Ñengo Flow, Jory Boy",52960
"Ñengo Flow, Mackie",24062
"Ñengo Flow, Meluchis",22133
"Ñengo Flow, Myke Towers, Brray",33917
"Ömer Topçu, Demet Akalın",1459638
"Özlem Akgüneş, Efraim GENÇ",30294
"ØZI, 9m88",7216956
"ØZI, KENZY 小春",302282
"Ümit Besen, Pamela Spence",465932
"Þorri, Birgir Hákon",11185
"Þorri, Gvdjon, Yung Nigo Drippin'",23684
"Þorri, Joe Frazier",9490
"Þorri, Júlí Heiðar",10693
"Þorri, Króli",16871
"Þórdís Birna Borgarsdóttir, Júlí Heiðar Halldórsson",2419
"Þórir Geir Guðmundsson, Gyða Margrét Kristjánsdóttir, Þórir Geir",13020
"Þú og ég, Ég",229808
"Čis T, Ego, Rytmus",12274
"Čis T, Miso Biely, Kali",9578
"Đen, Biên",3363604
"Đen, Chi Pu, Lynk Lee",3906
"Đen, Giang Nguyễn",914801
"Đen, Giang Pham, Triple D",508748
"Đen, Hậu Vi",83154
"Đen, JustaTee, Biên",110141
"Đen, Kimmese, Lynk Lee",450088
"Đen, Linh Cáo",633721
"Đen, Lynk Lee",128819
"Đen, MIN",4671550
"Đen, Ngọc Linh",1875214
"Đen, Ngọt",4903
"Đen, Phương Anh Đào",3745971
"Đen, Thành Đồng, Vũ.",3533070
"Đông Nhi, Ong Cao Thang",97990
"Đức Phúc, Hoà Minzy",5673
"Đức Phúc, Viruss",6041
"İlyas Yalçıntaş, Aytac Kart",1983321
"Şam, Cash Flow",31378
"Şam, Ohash",747556
"Şam, Seda Erciyes, No.1",104519
"Şam, Şehinşah",88215
"Şanışer, Fuat, Ados, Hayki, Server Uraz, Beta Berk Bayındır, Tahribad-ı İsyan, Sokrat St, Ozbi, Deniz Tekin, Sehabe, Yeis Sensura, Defkhan, Aga B, Mirac, Mert Şenel, Kamufle, Aspova",461123
"Şanışer, Kamufle, Mert Şenel, Mirac, Aga B, Defkhan, Aspova, Yeis Sensura, Sehabe, Deniz Tekin, Ozbi, Sokrat St, Tahribad-ı İsyan, Beta, Server Uraz, Hayki, Ados, Fuat",19189242
"Şanışer, Sezen Aksu",3671932
"Şanışer, Sokrat St",1352362
"Şehinşah, Hidra",6235535
"Şehinşah, Kasetçalar, Khontkar",134876
"Şehinşah, Onur Betin",6619028
"Żabson, Beteo, BENITO TUZZA",826677
"Żabson, Beteo, White 2115",4570880
"Żabson, Beteo, White 2115, Deemz",2602801
"Żabson, Borixon",33108
"Żabson, DZIARMA",518843
"Żabson, DZIARMA, Deemz",1197041
"Żabson, Deemz, Otsochodzi, Lil Gotit",579317
"Żabson, Kizo, Chris Abolade",792279
"Żabson, Monkey",33178
"Żabson, Quebonafide",73281
"Żabson, Szpaku",1276128
"Żabson, Vegas Jones",47211
"Żabson, White 2115",708946
"Żabson, Young Multi",6633220
"Żabson, Young Slash",401633
"Żabson, Yzomandias",743228
"Μηδενιστής, Iratus",19617
"Ν.Ο.Ε., Low P",36994
"ЛСП, Feduk, Егор Крид",1018
"Тайпан, Agunda",5177
"بدر العزي, سلطان الفهادي",120667
"غريب ال مخلص, بندر اليامي",102914
"فلاح المسردي, عناد المسردي",117813
"منصور الوايلي, زياد ال زاحم",623080
"ซันนี่ สุวรรณเมธานนท์, สกาย วงศ์รวี",799100
"พีธ พีระ, Rose Sirintip",42478
"ลิลลี่ ได้หมดถ้าสดชื่น, เก้า เกริกพล",188401
"ลิเดีย, F.HERO",1579
"เด็กเลี้ยงควาย, Lil Pipe",31529
"เต้ ดาวิชญ์ กรีพลฤกษ์, ตี๋ ธนพล จารุจิตรานนท์",145533
"「四分衛」樂團主唱阿山, 「董事長」樂團主唱阿吉, 罕病兒林易",3508
"ヒプノシスマイク -D.R.B- (Bad Ass Temple), ヒプノシスマイク -D.R.B- (四十物 十四)",149985
"ヒプノシスマイク -D.R.B- (Bad Ass Temple), ヒプノシスマイク -D.R.B- (天国 獄)",55731
"ヒプノシスマイク -D.R.B- (Bad Ass Temple), ヒプノシスマイク -D.R.B- (波羅夷 空却)",202625
"ヒプノシスマイク -D.R.B- (Buster Bros!!!), ヒプノシスマイク -D.R.B- (山田一郎)",15331
"ヒプノシスマイク -D.R.B- (Buster Bros!!!), ヒプノシスマイク -D.R.B- (山田三郎)",15525
"ヒプノシスマイク -D.R.B- (どついたれ本舗), ヒプノシスマイク -D.R.B- (天谷奴零)",28779
"ヒプノシスマイク -D.R.B- (どついたれ本舗), ヒプノシスマイク -D.R.B- (白膠木簓)",84521
"ヒプノシスマイク -D.R.B- (どついたれ本舗), ヒプノシスマイク -D.R.B- (躑躅森盧笙)",30930
"丘與樂, 許莉潔",53127
"余佩真, Luantan Ascent",4443
"吳青峰, 9m88",153768
"吳青峰, 陳粒",95880
"嚴藝丹, 葉青",24336
"大隸, 小小湯, 館長",7797
"宋楚琳, 馬念先",46614
"屁孩 Ryan, 水水Mizu98",710215
"彭家麗, William So",4252
"徐真真, 廖人帥",6287
"思衛, Ronald Cheng",17006
"戴祖儀, 謝東閔",22321
"李優URIKO, Kumachan",3705
"李靖筠, 陳家樂",134167
"柯智棠, Pei-Yu Hung",24466
"梁釗峰, 陳仕燊",14582
"楊培安, Ricky Hsiao",6925
"楊培安, 劉虹翎",3329
"歐陽靖, Raymond Lam",55785
"王俊凱, Jolin Tsai",82761
"王寶強, 劉昊然, 肖央, 潘粵明, 小瀋陽, 張子楓",2852
"玖壹壹, 187INC, 賴慈泓, BCW, 草屯囝仔, 臭屁嬰仔, 艾文同學",47315
"玖壹壹, Ella Chen",1626782
"理化兄弟 P.C.B., Years",3137
"理想混蛋, 廖文強",74218
"田亞霍, Priscilla Abby",3833
"空音, kojikoji",621011
"老莫 ILL MO, ?te",80422
"草屯囝仔, 玖壹壹 春風",11893
"蔡一傑, Andy Hui",22996
"蕭秉治, 五月天怪獸",39957
"邱诗凌, Geraldine Gan, Nicole Lai, 庄靖毅, 陈建宏",20873
"采子, 黃偉晉",107159
"阿信, Cheer Chen",3122
"阿涵, Ayo97",737347
"陳奕雯, 龔淑均, CYR",2303
"陳毓芸, 夢飛船",14886
"韓紅, JJ Lin",242954
"音阙诗听, 赵方婧",4916536
"頑童Mj116, A-Mei Chang",62441
"頑童Mj116, Zhang Zhen Yue",4092
"馬念先, 9m88",1346339
"高爾宣 OSN, SOWUT",125907
"高爾宣 OSN, Vicky Chen",5121702
"鳥屎, 蔡昀熹, 阿樂",191022
"黃奕儒Ezu, 五月天阿信",8611
"黃奕儒Ezu, 吳心緹",3635
"黃奕儒Ezu, 家家JiaJia",34818
"黒相茉里, Olivier Decrouille",20460
#LikeMe Cast,279316
#TocoParaVos,2152806
$hirak,10230680
$kinny,269198
$uicideboy$,16408257
(G)I-DLE,20278998
*NSYNC,52893032
-M-,81350
.Feast,17181745
04 Limited Sazabys,68878
1 Hour Band,118578
1.Cuz,6926765
100 Blaze,4275454
100 First Songs' Participants,3994
100 Kila,5375
100%,2465
10cm,952223
12:00,105827
12os Pithikos,142118
13 Block,22881074
18 Karat,26890727
18 Kilates,19819
1814,506342
187INC,111484
1AM,13518
1Kilo,7520884
1MILL,3447
2 Blyga Läppar,24811
2 Chainz,97120802
2.clock,114150
21 Savage,1048653172
220 KID,11158893
22Bullets,2949
24/7,54874
24K,33012
24hrs,9406
24kGoldn,309105878
25 hours,411462
257ers,3168840
2NE1,90936
2Pac,2969
2nen,63675
3 Composers,15429293
308 GHOST TRAIN,13127
30Y,418121
335d,229702
3LAU,3983
3NIGMA,21257
3rd Eye,4433
3robi,10603326
3x7 Veintiuna,16237
4 Giants,112249
4 Non Blondes,1336
404Billy,102702
442,153582
47ter,48130524
4F-Club,2496
4Keus,51432269
4Keus Gang,6463854
4Magic,2427
4ternity,29376
5 Seconds of Summer,-2119946143
50 Cent,528233
51(伍冠諺X易桀齊),15749
53A,36027
5GANG,1069380
5MIINUST,244437
60Miles,1176366
6LACK,78966677
6cyclemind,10901950
6ix9ine,1070792049
7 Minutoz,1992133
7-Toun,295486
77 Bombay Street,15773
7ari,71488
7liwa,363155
7th Block,204312
8 Kambarys,49758
80KIDZ,11333
831,9313595
88GLAM,2889266
8D Tunes,65914
8ird,1200
9 Miller,2023390
90 BPM,211599
929,6251
988 DJs,4583
98º,2425485
9m88,1536924
?te,79825
A & T,8321
A Boogie Wit da Hoodie,1724179399
A Great Big World,196621
A R I Z O N A,58197910
A Si,1041428
A Stritzi,23364
A Tribe Called Quest,1102
A$AP Ferg,126008788
A$AP Mob,7288183
A$AP Rocky,721004256
A$H.,5789
A$ton Wyld,10958
A-Lin,38229636
A-Mei Chang,18375378
A-Reece,13045
A-Sun,20879
A-Tyyppi,123353
A-WA,2162
A-do,301335
A.B. Quintanilla III Y Los Kumbia Kings,3037
A.R. Rahman,248659
A2M,27766
AAA,28418995
AB6IX,266731
ABBA,3519798
ABREU,20838746
ABS-CBN Music All Star,253293
AC/DC,13153211
ACTART,6013790
ADAAM,7062630
ADF Samski,149181
ADHD,9016815
AG,239955
AGA,4768310
AGNEZ MO,1855679
AHTI,330911
AI,15556181
AIELLO,15243962
AILEE,958610
AJ Mitchell,47129
AJ Rouse,12653
AJ Tracey,181476940
AJR,191516753
AK,71856
AK AUSSERKONTROLLE,23179157
AK26,1848028
AKA,413049
AKAIKO-EN,14151
AKB48,10000
AKC Misi,14139
AKI,69203
AKKOGORILLA,45159
AKMU,1038254
ALEX CHOU,6700
ALLAN ROBLES,21524
ALLG,6899
ALLMO$T,60593846
ALLY,2815117
ALMA,19903362
ALİFİRU,18786
AM,473409
AMAL,9083321
AMANDA,2303445
AMEE,262867
AMRO,193057
AMWIN,50742
ANATII,5616
ANAVITÓRIA,91291778
ANNA,23151498
ANNICA,20901
ANNNA,1131
ANYA,18018
AOA,89794
ARASHI,37840333
ARLE,40728
ARTEM,8671
ARTY,68466
ARY,87862
ASIAN KUNG-FU GENERATION,208754
ASTRO,6565
ATC Toro,2709
ATEEZ,227006
ATMO Music,119611
ATYPISK,38767128
ATkel,949785
AURORA,550489
AUTTA,44975
AVA,13945199
AVAION,59564
AVEC,394537
AVIWKILA,3980844
AWADA,2927021
AWOLNATION,51348
AWS,162022
AX 13,325857
AYA A.K.A PANDA,65467
Aabhimanyu Kak,19974
Aaron Carter,42890731
Aaron Smith,233322173
Aaron Y Su Grupo Ilusion,141499
Aaron Yan,122334
Aaronrosemusic,3330
Aastha Gill,2394310
Aazar,99105
Ab-Soul,9422991
Abbaz,71306
Abbey Road All-Stars,2140
Abdul & The Coffee Theory,137792
Abdul Majeed Abdullah,477636
Abdullah Al Farwan,186623
Abdullah Al Mukhles,114184
Abdullah Alkhashrmi,751371
Abdullah İnal,205293
Abel,798717
Abel Pintos,27863882
Abel Zavala,2987
Abena,3547
Abi,742710
Abin Fang,133985
Abo El Anwar,345726
Abo El Shouk,1045
Abraham Mateo,1651326
Abrina,73490
Abu,10702
Abudu,2700
Abyusif,461599
Acantilados,2140
Acda en de Munnik,5070570
Ace,32823
Ace Banzuelo,472261
Ace Wilder,2046914
Ace of Base,69698
Acezz,55627
Acha Septriasa,411023
Achey,1833817
Achille Lauro,78805687
AchtVier,75492
Acru,140517
Activated,4042
Ad- Advice,1017
Ada Band,36471591
Ada Reina,23369
Ada Zhuang,14910
Adam Christopher,6375
Adam Jones,1065
Adam Lambert,194302
Adam Levine,3271748
Adam Mišík,9173
Adam Naas,15730
Adam Ďurica,264811
Adamlar,81027823
Adason Lo,4453
Ade,2288
Adel,7797816
Adel Ebrahim,93205
Adel Ebrahim And Mohamed Al Shehhi,638315
Adel Tawil,9873129
Adele,174608778
Adelén,97630
Aden,801761
Aden x Asme,20735687
Adera,26730360
Adham Nabulsi,250798
Adhitia Sofyan,25657765
Adi Bity,1323
Adi L Hasla,7257452
Adi Nowak,585037
Adi Ulmansky,7682
Adil Assil,258080
Adir Getz,232102
Adira Suhaimi,1384804
Admiral P,39009
Admiral T,42200
Adolescent's Orquesta,18960
Adolf Fredriks Ungdomskör,21813
Adolfo Echeverria,51036
Adolfo Echeverría Y Su Conjunto,55016
Adolphson & Falk,7276766
Adonis 66,48778
Adonis 88,54053
Ados,337720
Adouli,1596344
Adrees,73186
Adrian Jørgensen,267896
Adrian Khalif,22564
Adrian Minune,5353
Adrian Sellevoll,6681637
Adriano Celentano,40378
Adriel Favela,83916
Adrijana,1180886
Adrián y Los Dados Negros,38003
Adventure Club,69655
Ady Suleiman,43904
Ae Jirakorn,128984
Aeh Syndrome,14348
Aerosmith,369371
Aerozen,155041
Afaz Natural,38686
Afgan,40825
Afro B,544201
Afro Clint,1093
Afro Music,32806
Afrojack,57416
Afrosound,7800
Afroto,104824
Aga B,2048394
Against The Current,9491
Agam Buhbut,29293
Agapornis,1735712
Agatha Chelsea,562685
Aggie Hsieh,10493
Agi Hendo,9238
Agir,70402
Agnes,184258
Agnese,1823
Agnieszka Chylinska,53714
Agoney,1013181
Agrupación Marilyn,1138
Agsunta,1486822
Agua Marina,101641
Agus Padilla,1239161
Agust D,33115349
Agustín Casanova,102382
Ahlam,28420
Ahmad Abdul,15205
Ahmad Amin,265759
Ahmad Shamali,2606
Ahmarni,9629
Ahmed Al Maslawi,2023834
Ahmed Basyoni,70540
Ahmed Kamel,411988
Ahmed Mekky,4286
Ahmet Kaya,23497
Ai Otsuka,3662411
Ai Phuong,21948
Aiba,30547
Aida,7354
Aikakone,28885
Aiman Tino,995386
Aimer,22777856
Aimyon,218686857
Aina Abdul,130453
Ainars Mielavs,17941
Ainbusk,18547
Ainbusk Singers,82396
Air Supply,895150
Airbag,4367874
Airon,126755
Aisha Retno,6958
Aishah,159541
Aitana,158414173
Aitch,95551337
Aizat Amdan,2100626
Ajay Stephens,73468
Ajda Pekkan,178812
Akcent,34886
Ake Surachet,1552
Akeckee,183138
Akhdan,22717
Akhil,10415043
Aki Tykki,244079
Akihiro Manabe,12630
Akim,240248
Akim & The Majistret,27121
Akim And The Majistret,1825350
Akira Phan,3586
Akisan,7458
Akiva,394404
Aksel,500570
Aksel & Hef,299739
Akull,1122828
Akuvi,22633
Al Bowlly,78402
Al Green,244746
Al James,16783794
Al Jawaher,10874
Ala Jaza,1013680
Alain Clark,353443
Alajaza,654823
Alan 1,178775
Alan 2,146900
Alan Gomez,3224726
Alan Murin,5491
Alan Walker,242771020
Alanis Morissette,99430
Alaska Y Dinarama,20633
Alaya,53813
Alb Fretu,7586
Alba Reche,3998195
Albatross,71475
Albert Dyrlund,2829825
Albert Posis,17140
Alberto Ciccarini,41876
Alberto Urso,853136
Alberto gambino,85923
Albin Johnsén,740779
Albin Lee Meldau,6373584
Alcatrash,3113
Alcides,30540
Alcolirykoz,68166
Aldair Playboy,66488028
Aldo Trujillo,29926466
Aldy Maldini,5143025
Alec Benjamin,796971790
Aled Jones,594214
Alejandro Balbis,1134
Alejandro Fernández,155106169
Alejandro González,142037
Alejandro King,5627
Alejandro Sanz,5702298
Alek Sandar,3637
Aleksander Walmann,11491
Aleksanteri Hakaniemi,11045976
Aleman,35685193
Alessandra Amoroso,13701218
Alessia Cara,379093016
Alessio Bernabei,425023
Alesso,141273235
Alex & Sierra,10002411
Alex Adair,41324
Alex Aiono,11921
Alex Ceesay,663425
Alex Gonzaga,30833
Alex Järvi,296785
Alex Mattson,1806484
Alex Porat,1306268
Alex R.,333376
Alex Rose,4082979
Alex Ross,124214
Alex Rouse,2203804
Alex Ubago,344306
Alex Vargas,63590
Alex Velea,44524
Alex Zurdo,12418
Alexa,24337
Alexander 23,28474596
Alexander Husum,39924
Alexander Jarl,22706
Alexander Oscar,4196381
Alexander Rybak,1558147
Alexandra Joner,138881
Alexandra Stan,339002
Alexandre Pires,27313
Alexis y Fido,4162886
Alexisonfire,40375
Alextbh,113794
Aleyna Tilki,36499961
Alf Prøysen,388681
Alfa,7435972
Alfa Records,49827
Alfonso La Cruz,73518
Alfred,9347
Alfred García,10605003
Alfred Hui,2329080
Alfred Sim,32760
Alfredo Gutierrez,30981
Alfredo Olivas,44341831
Ali 3arnoos,268989
Ali Arnoos,3482506
Ali As,89213
Ali B,18629460
Ali Bumaye,4599656
Ali Dolla$,20040
Ali Gatie,989750746
Ali Saber,2639855
Ali Ssamid,1297
Ali471,11511973
Alice,737980
Alice Cooper,1442
Alice DJ,87376
Alice Merton,24345912
Alicia,196329
Alicia Grimes,8650
Alicia Keys,23172193
Alicia Moffet,302291
Alida,219477
Alif Satar,4011239
Alignment,2330
Alin Dragu,4193
Alina Cheng,6241
Aliotta Haynes Jeremiah,4194
Alisia,20229
Alisky,32544
Alison Wonderland,3736315
Alka Rankin',3639
Alkaline,177469
Alkilados,176158
Alkpote,3851232
All Saints,93645
All Time Low,50700
Allame,4363104
Allday,125701
Alle Achtung,107981
Alle Farben,7654950
Alley,2862
Allie X,78758
Alligatoah,8335862
Allman Brown,1481
Ally Brooke,86592
Allyawan,357137
Alma Africana,106078
Alma Agger,102499
Alma Sophie,10258
Almighty,99815
Aloe Blacc,571209
Alok,15366002
Alon Eder,4524
Alonzo,32465283
Alpa Gun,251609
Alper Ayyıldız,5152768
Alpha Wann,1105665
Alphabeat,2774726
Alta Consigna,36167009
Altimet,820682
AlunaGeorge,399990
Alvaro Soler,323747977
Alvin L. Pereira,2390
Alvis,218821
Alyssa Reid,61439
Alz X 38,1348251
Alzate,293205
Am Mi,126731
Amaal Mallik,366908
Amaia,8083942
Amaia Montero,1615935
Amal Maher,10763
Aman Aziz,1003711
Aman RA,14453
Aman Shah,536108
Amanda Aasa,463469
Amanda Appel,9870
Amanda Belise,1644976
Amanda Black,21422
Amanda Jenssen,553570
Amanda Tenfjord,62641
Amanda Wittman,56618
Amar Azul,2440558
Amara,51608
Amaranthe,106305
Amason,386669
Amber An,37645
Amber Kuo,92382
Amber Leigh Irish,349076
Ambjaay,27599378
Amco,262195
Amedeo Preziosi,96839
Amelia van Hootens,110246
Amelina,4603
Amenazzy,603439
American Authors,167491
Amerie,65994
Ami Faku,5107
Amigdala,2389577
Amina,3950617
Aminux,2102
Aminé,223625160
Amir,5782221
Amir Dadon,2442499
Amiral,38937
Amit Trivedi,9591564
Amjad Jomaa,25565
Amma,5318
Amma Rub,3433
Ammunition,10652
Ammy The Bottom Blues,2467209
Ammy Virk,3349510
Amorphis,437465
Amr Diab,2881423
Amrit Maan,512491
Amuly,282283
Amy,37143
Amy Macdonald,235732
Amy Shark,35062691
Amy Soonyoung,222711
Amy Winehouse,423971
Amylea X Megat,163138
Américo,592852
Américo Young,166696
Ana Diaz,413560
Ana Gabriel,64273
Ana Guerra,16566431
Ana Mena,43943
Ana Tijoux,915950
Ana Vilela,252314
Anaimane,18975
Anaju,99219
Anas,635695
Anastasija,11851
Anastasio,8521002
Anastasios Rammos,91313
Anatomy Rabbit,725402
Anda,26116
Andante,19497
Anders Ekborg,324416
Anders Matthesen,5463074
Anders Nilsen,12180
Anderson .Paak,19766861
Andi Bernadee,6691506
Andiez,1754164
Andmesh,195545294
Andra,8810
Andra & The Backbone,11073
Andra And The Backbone,20109242
Andra Day,23756
Andre Hazes,5911210
Andre Hehanussa,382867
Andrea E Gonzalez,66899
Andrea Gylfadóttir,10046
Andrea Sannino,122907
AndreaRuby,60521
Andreas Bourani,45062
Andreas Gabalier,1834158
Andreas Johnson,1707759
Andreas Moe,24333
Andreas Weise,5049614
Andrelli,109645
Andrew Billings,102795
Andrew Hale,2530
Andrew Tan,817790
Andri Már,10892
Andris Erglis & Cacao,8762
Andrzej Zaucha,9554
André Hazes Jr.,20039765
Andrés Calamaro,20370459
Andrés Cepeda,3345170
Andy Grammer,64645120
Andy Hui,657140
Andy Lau,9447
Andy Montañez,6878
Andy Rivera,2790537
Andy Shauf,76311
Andy Williams,254061913
Ane Brun,44109
Angee Wings,11622
Angel,807735
Angela Chang,183410
Angela Hui,474804
Angela Torres,52812
Angeles,122485
Angelina Cruz,195425
Angelina Jordan,36272
Angeline Quinto,2117001
Angie Stone,37701
Angus & Julia Stone,12769694
Angèle,217171398
Anh Khang,133490
Ania Bukstein,1303
Ania Dabrowska,2085277
Ania Wyszkoni,291606
Aniceto Molina,174272
Aniceto Molina Y La Luz Roja De San Marcos,114240
Anirudh Ravichander,669648
Anis Don Demina,13773220
Anitta,259874958
Anja Nissen,161524
Anji,25279099
Anjos,7723
Ankit Tiwari,681585
Anly,29428
Ann Bai,512848
Ann-Louise Hanson,370248
Anna & Emma,262645
Anna Bergendahl,9585135
Anna Calvi,3172
Anna Carina,2751707
Anna Eriksson,28581
Anna Hamilton,5435962
Anna Jantar,9457
Anna Kaneelina,2387
Anna Mae,3356
Anna Odobescu,1117
Anna Puu,6015263
Anna Ritsmar,213033
Anna Tatangelo,397816
Anna Vissi,1345
Anna Zak,122060
Anna of the North,126323
Anna-Lisa Kumoji,11780
Annalisa,31925488
Anne,757399
Anne Brændeland,67553
Anne Grete Preus,1127464
Anne Linnet,1140485
Anne Lukin,55139
Anne Mattila,540357
Anne-Marie,1206886229
AnnenMayKantereit,24829014
Annet X,17225
Anni Hung,42184
Anni Lahe,669777
Annie Leigh,145536
Annie Lennox,122204
Anniedora,4443
Anniina,256340
Annika Wells,18839
Ano,191770
Anoflex,76306
Anomalia,7662
Anouk,631411
Ansiktet,44444
Anson Seabra,159676
Anssi Kela,1223501
Ant & Dec,226158
Ant Saunders,205153027
Ant Wan,88061098
Anthony,3682550
Anthony Rios,27020
Anthony Santos,110228
Antikvariniai Kašpirovskio dantys,7065
Antilopen Gang,452236
Antique,43519
Anto,11762
Anto Paga,1791874
Anton Hagman,5558323
Anton Líni,1098
Antonello Venditti,466491
Antonio José,28753384
Antonio Orozco,140564
Antonio Rios,316442
Antonis Remos,4182
Antony Parviainen,121890
Antony Santos,10050
Antti Ketonen,973437
Antti Railio,136339
Antti Tuisku,29495934
António Variações,95164
António Zambujo,3822
Anuar & Ellina,1386670
Anuar Zain,250060
Anuel AA,715388711
Anzo Weiseil,21075
Anıl Durmuş,101610
Anıl Güntekin,1008
Anıl Piyancı,8649214
Aof Pongsak,59308
Apache 207,894384513
Apartment Khunpa,1675
Apink,3130838
Apocalyptica,4909
Apollo G,1171153
Appel,25553
Apres Ski Allstars,31722
April 2nd,90892
Apulanta,8826765
Apvedceļš,12671
Aqua,21592
Aquarius Jones,36757
Ara Johari,2054911
Aragão,4300287
Aramide,3236
Arcade Fire,467724
Arcadian,324608
Arcangel,7408153
Architrackz,3232556
Arctic Monkeys,146858549
Ardhito Pramono,54036317
Ardian Bujupi,8458279
Arena Hash,50012
Ares,490859
Aretha Franklin,26358992
Arevalo,682906
Ari Lasso,24240538
Ari Lennox,39067
Ari Ólafsson,4025
AriBeatz,2255778
Aria Ohlsson,38311
Ariadna,117182
Ariadne,31757
Arian Romal,5604
Ariana Grande,1784722301
Arianna,180545
Aridio Perez,1429
Ariel Camacho y Los Plebes Del Rancho,4940099
Ariel Rivera,63866
Ariel Tsai,63387
Arif,17834413
Ariff Bahran,3021747
Arijit Singh,37703275
Arik Sinai,11851
Arin Ray,30394
Arion Banki,15888
Arisa,1441151
Arizona Zervas,1469461760
Arja Koriseva,70832
Arja Saijonmaa,219898
Arjun Kanungo,2055248
Arkells,60699
Arko,19073
Arlissa,534478
Armaan Malik,13041807
Armada,29335366
Arman Cekin,1134366
Armand Maulana,56310
Armchair,1871
Armi Millare,7501728
Armin van Buuren,136650607
Armonia 10,18609
Armonía 10,53100
Armoo,99513
Arnar Úlfur,5073
Arnau Griso,4541602
Arnon,221549
Aron Brink,43600
Aron Can,5600684
Aron Hannes,142867
Arop,13947
Arrancandonga,46618
Arrow,21257
Art Garfunkel,315945
Artem x Yonas,46557
Artful Dodger,50587
Arthit Jim Juntasa,1145
Arthur Askey,64450
Arthur Nery,1250443
Arthur Pirozhkov,160611
Artigeardit,8302164
Artisti per l'Italia Band,37079
Arttu Lindeman,6268531
Arttu Wiskari,18938967
Artur Rojek,611042
Arturs Skutelis un Tvērumi,1166
Artz,19313819
Arun Dev Yadav,138065
Arutz Hakibud,1795
Arva,17599
Arvey,20758081
Arvid Lundquist,21511
Arvingarna,9328664
As'ad Motawh,41738
Asa,16514
Asa Rivera,12631
Asaf Avidan,1249
Asaf Avidan & the Mojos,142637
Asaf Goren,13248
Asako Toki,37183
Asap Landsforræder,35967
Asche,1143560
Aseel Hameem,7599606
Asees Kaur,32155
Asena,2268
Asfan Shah,644522
Ashafar,23513092
Ashe,146924181
Ashley O,86827662
Ashley Puckett,2485
Ashley Tisdale,56113
Ashnikko,6377380
Asil,48270
Asil Gök,1266132
Asim Azhar,62681
Aska Yang,123304
Asking Alexandria,14013
Aslan,5765
Asme,20370805
Asmr Silence,37078
Aspova,21089022
Assala Al Magdi,2143136
Assala Nasri,939060
Aste,11636769
Astra,1567510
AstralKid22,50347
Astrid,10968
Astrid S,70002495
Astro Bunny,7187
Astro'n'out,18552
At17,56532
Atanas Kolev,29708
Aterciopelados,7805
Ateyaba,416843
Athena,7201021
Ati242,1770427
Atif Aslam,1153769
Atitude 67,139471878
Atli Örvarsson,1058
Atmosfera,341424
Atom Chanakan,16197988
Atomic Kitten,58698
Atomic Otro Way,1039907
Atomirotta,106840
Attack,159344
Attan,528883
Attaque 77,61479
Attractions,10355
Audioiko,113383
Audioslave,17814
August Burns Red,8737
August Wilhelmsson,4565
Augustine,22489
Auli,3355
Auli'i Cravalho,9123398
Aura Dione,55753
Aurora,395980
Austin Basham,3114
Austin Lee,4097
Austin Mahone,275180
Austin Tolliver,3508
Australian Crawl,224821
Autobuss debesis,7176
Autotelic,26482
Auður,3570264
Ava Max,-2028065315
Avain,79037
Avelino,68247
Avenged Sevenfold,30077
Aventura,23896167
Avery,56667
Avicii,1490374869
Avine Vinny,60715990
Avior Malasa,63581
Aviv Geffen,1492
Aviva,44133
Avraham Tal,166140
Avril Lavigne,39440069
Awake By Design,1772
AwakeChild,1005
Awave,392974
Awich,116150
Axel,18593
Axel Johansson,184153
Axel Kala,49802
Axel Klein,7585
Axel Schylström,2147577
Axel Thesleff,9910
Axos,224024
Axwell /\ Ingrosso,327489176
Aya Nakamura,419733286
Ayaka Hirahara,394617
Ayax y Prok,4052762
Ayben,527422
Ayda Jebat,957029
Aydın Kurtoğlu,2003339
Ayed,21614
Ayla Çelik,4766153
Aylin Coşkun,944811
Aymane Serhani,48506
Aynur Aydın,6500687
Ayo & Teo,60993926
Ayoub Africano,529240
Ayse Hatun Onal,9097925
Aysel Yakupoğlu,260575
Ayten Alpman,9512
Ayumi Hamasaki,23896
Ayushmann Khurrana,567433
Azad,2165958
Azaran Ma,194019
Azarra Band,1669476
Azet,77969922
Azis,19967
Aziz Harun,2778128
Azlina Aziz,547654
Azteca,799409
Azucar Moreno,36361
Azzi Memo,4354827
Ağaçkakan,11601
B Praak,7509608
B Ray,77804
B Young,47564861
B*Witched,192753
B-Brave,278713
B. Devinchi,3586
B. Howard,4117
B.A.P,3174
B.B. King,71255
B.o.B,3212
B5,171765
BABYMETAL,93693
BAD HOP,4514
BADA$$ B.,330622
BADBADNOTGOOD,3058
BAEKHYUN,5895741
BANG YE DAM,2354198
BANKK CA$H,21355
BANKS,4778
BANNERS,266629
BARANOVSKI,6168886
BARBEL,1421
BAZOOKA,4450
BB Nobre,94534
BCA,574757
BEGE,9259464
BEHM,14231581
BEN & TAN,436231
BENEE,42699894
BENGELS,87432
BENI,9992
BENIM,910331
BESS,4049439
BHM Facts,12609
BHZ,2533905
BIGBANG,4015283
BIGDBANGLA,48176
BIGPP,2564
BIM,15023
BIZCUITBEER,4983
BKO,693176
BLACHA,18618249
BLACKPINK,762431977
BLUE ENCOUNT,644788
BLVK JVCK,1080
BLØF,23348907
BNK48,3252946
BOL4,662580
BOOM BOOM SATELLITES,2433
BOTCASH,181205
BOWKYLION,13104034
BOYZ,353705
BR43SKO,16728
BRADO,1295740
BRELAND,269613
BROCKHAMPTON,292028473
BRVMSOO,375573
BRÍET,1222758
BSMG,34258
BTOB,11455
BTS,1666490839
BTS World,30008
BUMKEY,4986
BUMP OF CHICKEN,8074276
BURNS,26991
Babasónicos,81464
Babblarna,9630827
Babek Mamedrzaev,42024
Babulincho,91741
Baby Bino,32501
Baby K,85892573
Baby Keem,47805448
Baby Rasta & Gringo,750679
Bacanos,7780
Bachata Plus,11209
Bacilos,86198795
Backstreet Boys,57806193
Baco Exu do Blues,3998708
Bad Bunny,434801049
Bad Geckos,2193832
Bad Gyal,55574466
Bad Wolves,5312780
Bader AlShuaibi,972660
Badoxa,84402
Badpojken,63666
Badr Al Sh'aefany,115930
Badr Alsheafani,1537
Badshah,30442611
Bae Jin Young,7347
Bae Lin,119640
Baek Ji Young,81092
Bag Raiders,27092072
Bagdi Enikő,2040
Baggalútur,555590
Baghdad,291629
Bagossy Brothers Company,7503460
Bahadır Sağlam,1900942
Bahadır Tatlıöz,1293023
Bahia Kings,7564
Bailey Jehl,1148187
Bajm,28655
Baka Not Nice,950469
Bakermat,32562273
Balken,18205
Ballet Folklórico Alma Chilena,1345214
Baloosh,16378
Balqees,42655
Balsam Boys,150262
Balthazar,255461
Balti,683644
Bambini Di Praga,622944
Bamboleo,359982
Bamse,53212
BananaLemon,5928
Band Aid,224325660
Band Aid 20,289888
Band Aid 30,7223419
Band of Horses,181476
Band of the Royal Regiment of New Zealand Artillery,41927
Banda Blanca,2592
Banda El Recodo,132074
Banda Eva,60321
Banda Latina Sol y Salsa,28592
Banda Los Recoditos,2439627
Banda Los Sebastianes,852302
Banda MS de Sergio Lizárraga,343859590
Banda Neira,38829341
Banda Tierra Sagrada,1365324
Banda XXI,807517
Banda do Filme Variações,4217
Bandaga,23897537
Bander Bin Oweer,346301
Bandokay,225720
Baneva,921063
Bang For The Buck,461153
Bank Band with Salyu,4605
Bankrol Hayden,3814802
Bankzitters,413605
Bano,758509
Banu Parlak,654305
Banx & Ranx,11188
Bao Anh,84378
Bar Z,43818
Barachi,14531
Barasuara,87741
Barbara Moleko,99192
Barbi Escobar,101291
Bardero$,261736
Bareto,100770
Barry Manilow,143143
Bart Peeters,8264
Bartofso,6294854
Barış Manço,454535
Bas,3565468
Basada,1537497
Baschi,5397
Base Ball Bear,8388
Base Jam,8967
Base Trap,16004
BaseBoys,295593
BasedBoys,1026406
Basement Jaxx,49469
Basic Tape,250367
Basics,2576
Basim,748912
Basketband,4845
Bass Astral x Igo,16298
Bassam,9845
Bassam Mahdi,549632
Bassbros,54349
Basshunter,166138
Bassi Maestro,11084
Bastian,110381
Bastille,24359320
Batistuta,105541
Bato,812077
Battle Beast,109749
Batuhan Kordel,71639
Bausa,190190264
Baustelle,471648
Bayronfire,791791
Bazart,2432410
Bazzi,2133268577
Bağzıları,4518408
Bea Miller,38563
Bear Grillz,1004
Bearson,13164
Beast In Black,206267
Beastie Boys,46835
Beat Boyz,11548
BeatBuilders,67214
Beatrice Eli,46224
Beatrich,42550
Beatriz Luengo,5650204
Beatsteaks,43791
Beau'Joli,2603
Beba,1353003
Bebe,57709
Bebe DJ,1870
Bebe Rexha,1441800595
Bebeadds Black,50015
Bebo Yau,110688
Because,11880441
Beck,2545
Becky G,20729457
Becky Hill,24163195
Bedoes,277483
Bedroom Audio,6384533
Bedük,15384
Bee Gees,2360112
Beissoul & Einius,11234
Beit Habubot,1602270
Beko,688374
Bela Nemeth,34838
Belaganas,8995
Belah,1657336
Belchior,266602
Belen,82115
Belinda Carlisle,135843
Bell Supol,565837
Bella & Filippa,1831362
Bellhouse,14445
Bellini,130066
Bello Figo,191996
Belly Squad,2450149
Bembe Orquesta,6656254
Ben Bizzy,97073
Ben Cristovao,3985244
Ben E. King,535753
Ben Fero,217737160
Ben Howard,443913
Ben Ladin,1514883
Ben Mitkus,402566
Ben Rector,197963
Ben Wu,2843
Ben&Ben,406790228
Benaia Barabi,7958782
Benal,5098470
Benash,624868
Bendik,2424540
Bene,11214305
Bengous,28993
Bengü,7149891
Beni,217779
Benislav,804882
Benislav & Denkov,18177
Benjadoiges,35470
Benjamin,8675347
Benjamin Beats,1478989
Benjamin Clementine,2099
Benjamin Francis Leftwich,363054
Benjamin Hav,1203702
Benjamin Ingrosso,56093727
Benjamin Kheng,55757
Benjamin Rihan,9059
Benji & Fede,45010878
Benni Sparks,13822
BennieNolen,37671
Benny Jamz,33288969
Beny,7477
Berd,28119
Berenika Kohoutová,636395
Beret,223333435
Berg,16747
Bergur Leó,24397
Berkay,18420371
Berkes Olivér,6477
Berksan,5742066
Bermudu Divstūris,323822
Bernard Fanning,160767
Bernhoft,9812
Bernt Hulsker,2779024
Berry Sakharof,2901
Bersuit Vergarabat,37938
Bessan Ismail,136069
Bet Bet,10733
Beta Radio,2196
Beteo,323094
Beth Ditto,9807
Betrami,7574
Betta Lemme,1823563
Better Weather,6046184
Betty Who,6695
Beverly,3657
BeverlyGeogleWinters,56559
Beyazz,590516
Beyma,31002
Beyoncé,209451981
Beyond,677757
Beéle,63714229
Bhad Bhabie,4601584
Bhavi,4024847
Bhuvan Bam,472175
Bianca Atzei,543572
Bianca Ryan,546186
Bibi Bourelly,35063
Bic Runga,37578
Bicep,16737
Bich Phuong,6155722
Bierkapitän,131482
Biffy Clyro,718324
Big Ass,61575
Big Baby Tape,148889
Big Boi,4857793
Big Fish,107202
Big Fox,17132
Big K. The Komik,20377
Big Loso,130931
Big Scary,30998
Big Sean,283404709
Big Shaq,10138985
Big Wade,18340
Big Yamo,30303
Big2,27681
Bigflo & Oli,37078185
Biggie Juke,37495
Biggy,753544
Bii,338626
Bilal Hassani,5248125
Bilal Sonses,12809804
Bilal Wahib,7349508
Bilderbuch,1851230
Bile-Dani,28519
Bilge Nihan,241829
Bill Withers,12107325
Billie Eilish,-1013170695
Billkin,2687211
Billo's,194556
Billo's Caracas Boys Vs. Los Melódicos,16405
Billy Barman,36854
Billy Currington,10218211
Billy Hlapeto,172070
Billy Joel,1349489
Billy Raffoul,65174
Billy Sio,30092
Billy Thorpe & The Aztecs,79630
Bing Crosby,93164262
Binomio de Oro,29685
Binomio de Oro de América,5136415
Biondo,3236484
Bird Thongchai,876877
Birds Of Tokyo,9379546
Birdy,208163
Birgir Hákon,447274
Birgitta Haukdal,318771
Birnir,2411061
Bishara,6957329
Bishop Briggs,229695
Bisiugroup,5191839
Bispo,15573266
Bitamina,2112907
Bizarap,70796
Bizarrap,2064098
Bizi,59431
Bizzey,1992872
Bjartmar Guðlaugsson,9153
Björgvin Halldórsson,306284
Björk,68002
Björn Skifs,151810
Black,63119
Black Atlass,5185
Black Dog Bone,523873
Black Dylan,39529
Black Eyed Peas,3140849
Black M,1404517
Black Moose,25930
Black Motion,24944
Black Out,91107
Black Saint,284015
BlackJack,2293366
BlackRoy,627391
Blackhead,29008
Blackkingkofi,3340
Blacksheep,3415
Blackstreet,699766
Blackway,15440
Blacky,348720
Blaiz Fayah,83707
Blak,5164909
Blake Shelton,40309843
Blanche,580984
Blanco Brown,202316214
Blaq Diamond,254830
Blas Cantó,29490673
Blastoyz,2735
Blaya,5271535
Bligg,138847
Blind Channel,5848
Bliss n Eso,3981601
Blizzy,1416127
BlocBoy JB,908215785
Blonda,104907
Blonde,221234
Bloody Hawk,1071064
Blossoms,3527697
Blu Cantrell,169025
Blue,1874638
Blue Cafe,124564
Blue Cafe & Kornelia Mzyk,62473
Blue Shade,1073568
Blue Street Players,234541
Blue Öyster Cult,2002842
Blueboy,108722
Blueface,377831944
Blur,294650
Blvxb,8846
Bo Ateej,11129
Bo Kaspers Orkester,86301
Bo Wen,62187
BoA,372252
Boaz Sharabi,1709
Bob B. Soxx & The Blue Jeans,424243
Bob Dylan,948534
Bob Marley & The Wailers,1832882
Bob Robert,1142
Bob Sinclar,1437886
Bobby Chen,6084
Bobby Helms,270249333
Bobby McFerrin,25629
Bobbysocks,1143
Bodyslam,2571819
Bodø Domkor,10160
Boef,137880517
Bogart Bonales,46564
Bohemia Suburbana,32061
Bohemia Urbana,686388
Boity,4650
Bokke8,336407
Bokoesam,6733632
Boku no Lyric no Boyomi,129586
Bolaget,9226757
Bolat Nurimov,1151536
Bollebof,29613
Bolémvn,4258165
Bomarz,2034
Bomba Estéreo,141930307
Bombai,4293149
Bombay Bicycle Club,508759
Bon Iver,5109963
Bon Jovi,1424137
Bonde R300,3354512
Bonelang,4928
Boney M.,20188289
Bonez MC,62426811
Bonnie Tyler,1054914
Bonny Cepeda,21820
Bonny Lovy,428178
Bonobo,248066
Boo Seeka,18252
Booba,102127582
Booda,68050
Boom Boom Cash,637023
Boomdabash,76627653
Boon Hui Lu,96339
Boostee,2889948
Bora Duran,15338210
Boreal,39576
Boris Laursen,180344
Boris Messing,5633
Boris René,1567362
Boro Boro,10804636
Boro Purvi,566247
Bosh,44442942
Boss AC,9704
Bosse,61229
Bouchra,2344
Boudewijn de Groot,317490
Boulevard Depo,1001
Boulevard des Airs,10147662
Bovea Y Sus Vallenatos,7254
BowLand,969160
Bowman Mabeljrms,9612
Boy Kiss Girl,1234
Boy Peacemaker,2356258
Boy Wonder,6681
Boyce Avenue,87317
Boyd Kosiyabong,71403
Boyle Earl My,2306
Boyz II Men,627762
Boyzinho o Rei da Bregadeira,16692040
Boyzone,5915246
Boza,4521802
Bozza,202120
Br0med,1078
Bracket,1240943
Bradley Cooper,3998761
Bradley Mantha,24571
Brain Shine,1044
Brain$,13995
Brainstorm,3185
Bramsito,5865991
Branco,14588779
Brandi Carlile,28343
Brando,2335319
Brandon Beal,87897
Brandon Louis,2819
Brandyn Burnette,124436
Brenda Lee,280873742
Breno & Caio Cesar,19700902
Brent,139330
Brent Faiyaz,18407569
Bresh,1097509
Brett Eldredge,76479816
Brett Young,14278747
Brevin Kim,7141
Brian Haze,4972
Brian McKnight,2443184
Brian Pepito,116582
Brianna Mazzola,1143
Brianna Perry,1025
Bridde Boys,570494
Bridgit Mendler,64179
Briga,588301
Bright Eyes,3489
Bright Side,1208
Bright Vachirawit,4080712
Brihang,222197
Bring Me The Horizon,15554671
Brings,3575676
Brisia Jodie,39167025
Britney Spears,82251815
Britton,7322
Britz,337565
Bro,28174529
Broadcast,26385
Broder Daniel,38352
Broederliefde,57629181
Broertje,177667
Broiler,15091054
Broken Back,240730
Brolle,405262
Bronco,73087
Broods,2171708
Brooklyn Jazz Quartet,135683
Broski Musiq,3992
Brothers,1608948
Bruce Pagata,1079
Bruce Springsteen,52791010
Brudi030,90603
Brulux,149530
Brunaliðið,3249
Brunettedoc,3027
Bruninho & Davi,19557358
Bruno & Barretto,261358
Bruno & Marrone,24398448
Bruno Mars,1096247645
Bruno Martini,837960
Bruno Wintzell,391260
Bruno X Spacc,39874
Brunori Sas,6139522
Bruģis,9229
Bryan Adams,44627286
Bryan Mg,2010749
Bryant Mayers,57802
Bryant Myers,107036564
Bryce,1970379
Bryce Vine,97531517
Bryson Tiller,58144499
Brytiago,10897532
Brädi,181857
Bræðurnir Brekkan,4238
Brødrene Olsen,2731
Bsw,4225839
Bubbi Morthens,1306647
Bubble,2767
Buddy,3245
Budi Doremi,51764422
Buena Vista Social Club,84631
Bugo,3787182
Bugzy Malone,19031548
Buitres,13993
Buju Banton,4711
Bulin 47,322256
Bullet For My Valentine,10437
Bulova,221200
Bumerangs,2928
Bunbury,50948
Bunga Citra Lestari,33638485
Bunkface,14838
Burak King,13348179
Burak Yeter,2200498
Buray,34878802
Burbujitas,49100
Burcu Güneş,66512
Burhan G,2561301
Burin Boonvisut,1577929
Burl Ives,145180630
Burn48,2405
Burna Boy,10972834
Burry Soprano,23524328
Bushido,85122512
Busted,156997
Busungarna,1711757
Busy P,64942
Butrint Imeri,78163
Buttercup,1077
Buttering,1098
Buunkin,7657
Bvcovia,37781
By2,33579
ByeAlex és a Slepp,1384693
BÖ,6429
BØRNS,2281709
Bárbara Bandeira,167133
Bárbara Tinoco,3842566
Bítlavinafélagið,4704
Böhse Onkelz,307983
Bùi Lan Hương,991400
Bülent Ersoy,16531
Büyük Ev Ablukada,48700
Bảo Thy,1057
C ARMA,45218480
C AllStar,3382915
C&K,4942860
C-BooL,3173040
C. Tangana,122756284
C.Gambino,17920
C.R.O,1870316
C.T.O,42954
C4 Pedro,4282
CA$HANOVA BULHAR,2988208
CA7RIEL,451119
CADE,4028
CAMY,62651
CARA,8284720
CARYS,1193
CASPR,42062
CC Brown,14964
CD9,1097497
CHA CHA,1364585
CHAI,54027
CHANMINA,7763382
CHANYEOL,79062
CHEMISTRY,3023052
CHEN,383479
CHIAKI SATO,72081
CHIC,58307
CHILI,8469
CHING G SQUAD,25590
CHO,2079662
CHO JUNG SEOK,5300
CHROMANCE,121515
CHTHONIC,8019
CHUNG HA,10784844
CHVRCHES,758842
CIX,157600
CJaye,244463
CL,114576
CLAVDIO,34182
CLC,489921
CLMD,8110590
CLOVES,38381
CLR,1318426
CLiQ,3052735
CMC$,326679
CMO樂團,3827
CNCO,248764068
COLORPiTCH,2873139
COMETE,2988781
CORY M. COONS,1155
COSMO.,2868
CUT_,6969
CXLOE,3231800
Caballero & JeanJass,2363648
Cabas,389488
Cabin Boy Jumped Ship,1772
Cade Eliason,32026
Cadet,507897
Caf & Creme,46216
Café Quijano,510114
Café Tacvba,55985526
Cage The Elephant,49955
Caifanes,47281295
Cairokee,1949959
Caitlin Quisenberry,7704
Cakra Khan,848864
Cal Scruby,20488
Calboy,272873150
Calby,3233788
Calcutta,55654297
Caleb Santos,9229143
Calema,2893618
Cali Y El Dandee,31063910
Calibre 50,68268523
Calin,1616184
Calixto Ochoa,284376
Call Me Loop,68060
Callalily,63934963
Calle 13,279723
Calle y Poché,104382
Callejeros,48597561
Calling Mercury,6820
Callum Beattie,78169
Caloncho,520924
Caltonic SA,48318
Calum Scott,186293304
Calvert Fu,13921
Calvin Harris,-2026663636
Camela,8349066
Cami,100386701
Camila,638164
Camila Cabello,-1742779456
Camila Orantes,1231
Camilo,301244433
Camilo Sesto,1242377
Camp Sweden,39050
Campbell Crates,7356
Campsite Dream,66205
Camryn,6696
Camur,3437001
Camélia Jordana,650827
Can Bonomo,3341837
Can Gox,4319641
Can Güngör,2952373
Can Kazaz,3693063
Can Oflaz,1626243
Can Yüce,4668936
Canario Luna,27118
Canbay & Wolker,38102264
Candan Erçetin,26205
Candi Staton,165591
Candy Lo,13763
Canesecco,123251
Cannabis Club ATL,249519
Canova,33906
Canozan,5062452
Canserbero,12132
CantoParaBailar,8906
Cao Thai Son,19368
Caos,21917124
Caparezza,1338447
Cape Ancig,3759
Capital Bra,818262139
Capital Cities,363835
Capital T,167046
Capitão Fausto,803219
Capo,111965888
Capo Plaza,311746041
Captain Hollywood Project,1143136
Carakukly,32136
Cardenales De Nuevo León,25934686
Cardi B,1066964835
Caribou,63880
Carin Leon,69255210
Carina Dahl,40370
Carl Brave,137617379
Carl Brave x Franco126,27828405
Carla,1294943
Carla Morrison,5782606
Carla's Dreams,1592967
Carlie Hanson,2321636
Carlisle,11578
Carlitos Rossy,220564
Carlo Supo,5074654
Carlos Baute,32446558
Carlos Right,419751
Carlos Rivera,40051300
Carlos Roman,9230
Carlos Roman Y Su Conjunto,11325
Carlos Roman Y Su Sonora Vallenata,23191
Carlos Sadness,52879
Carlos Vindel,7569
Carlos Vives,12001565
Carly Rae Jepsen,3197213
Carmen,6505
Carmon,17645000
Carmouflage Rose,2177524
Carnage,280706
Carnie And Wendy Wilson,176551
Carnival Youth,49356
CarolAnderson88,3224
Carola,6969577
Carolina Deslandes,1402063
Caroline Castell,1134862
Caroline Henderson,1144695
Caroline Romano,12872
Caroline Selma,9798
CarolllolKelly,13723
Carousel,14427
Carpenters,18098995
Carrie Underwood,228649
Carryminati,215748
Carson Coma,2799
Cartel De Santa,116501350
CaryLamb,68238
Cascada,418628
Cash Cash,29283271
Cash Flow,513413
Cashmere Cat,59001333
Casper Kuhlmann,29289
Casper Magico,1360161
Cass McCombs,44585
Cassandra,183225
Cassidy Rae Gaiter,6751
Cassow,24034
Cassper Nyovest,21780
Cast,5888
Cast Of 'Brødrene Mortensens Jul',457926
Cast of Eurovision Song Contest: The Story of Fire Saga,2825
Casting Crowns,19929
Casual Water,6368
Cat Ballou,753499
Cat Dealers,685432
CatchUp,710627
Catfish and the Bottlemen,15829554
Cath Wong,2321
Catharina Zühlke,6932
Catherine,45878
Cats On Trees,174325
Catupecu Machu,1338535
Caulfield,6312
Causes,985395
Cavallini & Shrty,21110
Cazu,2231247
Cazz Major,57918
Cazzu,25157143
Cdeep,11179
CeCe Peniston,36128
CeCe Rogers,1417
CecilDowns84,3100
Cecilia Krull,13809582
Cecilio G.,39370
Cedric Gervais,32397
CeeLo Green,3031
Ceg,42707243
Ceke Daniel,1083
Ceky Viciny,21547285
Celeste,3337552
Celia Cruz,7531
Celina,30778
Celine & Nadya,8248243
Celo & Abdi,417148
Celso Piña,1080695
Celtas Cortos,68639
Cem Adrian,1110925
Cem Belevi,907700
Cem Karaca,1872732
Cenderawasih,425503
Cengiz Ateş,4188254
Cengiz Özkan,123668
Cepeda,26881939
Cesar Sampson,1684618
Cesare Cremonini,8870746
Cesária Evora,1171
Ceylan Ertem,3408394
Ceza,84712123
Cezinando,15077961
Chacho Ramos,21455
Chad Focus,900933
ChadCaver,52676
Chadia Rodriguez,15886462
Chaka Khan,1424
Chakra,686476
Chaleeda,783299
Chalino Sanchez,88195
Chamaco,164817
Champions League Orchestra,5060
Champs United,49112
Chance the Rapper,178417692
Chani Lindenboim,3646
Chano,5231743
Chantel Jeffries,3911561
Chapa C,78603
Chara,21034
Charan-Po-Rantan,2467
Chardon Rabbit,2686
Charice,180052
Charisma.com,6329
Charles & Eddie,43308
Charles Aznavour,3911203
Charles Brown,388274
CharlesssCross,4037
Charli XCX,26850296
Charlie Charles,74678510
Charlie Cunningham,613703
Charlie Lim,6434
Charlie Puth,642358835
Charlotte Cardin,140576
Charlotte Lawrence,31752
Charlotte Perrelli,160024
Charly Black,2741184
Charly García,402754
Charmaine Fong,9343943
Chart Suchart,1072217
Chase Rice,16929539
Chasing Abbey,101034
Chatle,326812
Chatmonchy,465492
Chau Dang Khoa,70921
Chava Alberstein,22493
Chayanne,1488312
Chayín Rubio,34826691
Chaz Marcus,3704
Chdry Saqib,4063563
Che Linh & Thah Tuyen,11560
Che'Nelle,35138
Cheat Codes,199478421
Cheb,262114
Cheb Akil,39906
Cheb Bello,149876
Cheb Bilal,3065
Cheb Houssem,3190
Cheek,16412404
Cheer Chen,1682385
Chef'Special,19497148
Chellcy Reitsma,1448
Chelsea Cutler,1175524
Chema Rivas,18103817
Cher,187360
Chernobyl the Secret,1901
Cherpen Band,8422
Cherrie,7081059
Cherrybelle,604908
Cheryl,1570811
Chet Atkins,4350
Chet Faker,282380
Cheung,2594
Chi Dan,4970
Chi Pu,902158
ChiChi Peralta,3472368
Chiara Castelli,12879
Chiara Galiazzo,474271
Chiclete Com Banana,164906
Chico Dio,8046
Chico Rose,5565076
Chico Trujillo,419770
Chico da Tina,199467
Chiddy Bang,50359
Chilam,461968
Childish Gambino,802085565
Children Of Bodom,229189
ChildsPlay,1561785
Chili Fernandez,599053
Chillies,7316724
Chilling Sunday,2773269
Chillinit,1848118
Chily,30930849
Chimbala,29895200
China Anne McClain,32368
Chinaski,4447831
Chingiz,459201
Chinmayi,309609
Chinook,36636
Chintya Gabriella,13379620
Chip,2427632
Chip Charlez,460396
Chisu,1023816
Chivv,6452087
Chlara,528398
Chloe x Halle,5386508
Chloé Gisele,52274
ChocQuibTown,10274361
Chocolate,3618
Choirboys,892393
Chorale,7713
Chris Abolade,5299475
Chris Bones,1144
Chris Brown,944900890
Chris Burke,13625
Chris Burton,3642982
Chris Cornell,1517
Chris Hart,7772185
Chris Holsten,3116140
Chris James,1141
Chris Kläfford,6924301
Chris Lane,17239623
Chris Medina,287499
Chris Noah,1101
Chris Rea,160035788
Chris Stapleton,7548239
Chris Tyson,31485
Chris Young,3878585
Chris Yu,5621
Chris de Burgh,799053
ChrisReeves,1961
Christel Alsos,984609
Christer Sjögren,601026
Christi Colondam,4656
Christia Visser,9741
Christian Bautista,4318884
Christian Hudson,245936
Christian Nodal,469897223
Christina Aguilera,24205220
Christina Martin,75220
Christina Perri,29813259
Christine Fan,44353
Christine and the Queens,144826
ChristineDavis,10037
Christmas Jazz Trio,103735
Christophe,711519
Christopher,25010915
Christopher Martin,1012
Christopher Scott,51794
Christopher Wong,11480
Christos Black,2201
Christos Mastoras,522009
Christos Mavridis,1040
Christy Moore,24501
Chrisye,17665629
Chrizzlix,8122
Chubb-E,7565
Chuck Berry,71094904
Chucky73,25277
Church & AP,1120724
Chyi Chin,23310
Ché-Fu,56426
Chú Mèo Mặp,2913
Chłopcy Z Placu Broni,33120
Ciara,852392
Cicco Sanchez,5178434
Cifrovaná muzika,19521
Cigarettes After Sex,52738
Cihan Mürtezaoğlu,335703
Cihat Akbel,9979
Cimón,38577
Cindy Yen,43607
Cir.Cuz,1899626
Circa Waves,81821
Ciro,91790
Ciro y los Persas,31716159
Citi Boi Ced,2935
City Girls,84795330
City Street Jazz Band,51086
Citybois,32364630
Claire Kuo,344926
Clairmont,460326
Clairo,272166
Clara,7784319
Clara Luciani,11946256
Clara Mae,101998
Clark Anthony,144387
Clark Hill,2822
Clash,371199
Class A,364197
Claudia Leitte,2472063
Claudinho Brasil,191090
Claudio Capéo,345903
Claudio Taddei,3620
Claudius Vlasak,898498
Clayton & Romário,606595
Clayton Bryant,4766
Clean Bandit,1850908269
Cleber & Cauan,26679655
Cledos,7598938
Clement Chow,22478
Clementine Duo,60938
Clementino,8924090
Cleo,2946680
Clicherik & Mäx,289804
Client Liaison,155096
Cliff Boi,8592
Cliff Edwards,50002
Cliff Richard,6326507
Clockwork Motionless,492796
Clouseau,27619
Club For Five,32603
ClubDub,39819
ClubDub;Ra:tio,1431020
ClubDub;Ra:tio;Aron Can,5006
Clueso,4937102
Clyde Kelly,3973
CoCo,785566
CoCo Lee,88812
CoLimbo,7583
Coach Wave,7663
Cocktail,6622705
Cocofunka,3472
Cocoon,59514
Cocos de la Calarasi,11919
Cocoy Claravall,28234
Codrin,5338
Coez,207847139
Cokelat,79128
Colbie Caillat,5285580
Cold Chisel,5537603
Coldly1989,27303
Coldplay,322293690
Cole Beasley,2259
Cole Swindell,1427458
Coleman Hell,992644
Collie Buddz,455033
Collins Isco,10301
Color Chemistry,2035
Columbine,60662499
Coma_Cose,39492
Combinacion De La Habana,340179
Comethazine,32757096
Comfortable5343,25815
Commodores,446869
Compact Disk Dummies,12642
Conan Gray,157201263
Conan Osíris,593308
Conchita Wurst,1040
ConfidentialMX,1549
Cong Teo,12379
Conjunto Alerce,142416
Conjunto Quisquella,7335
Conjunto Quisqueya,36308
Conkarah,25547998
Conni,456829
Connor Bvrns,3677
Conor Maynard,340081
Conrad Sewell,11296943
Content Crew,1729
Contra,28479246
Cookie Levanna,1067
Cookiee Kawaii,27114
Coolio,96039
Cor,44068
Cor Veleno,122846
Cordae,19863452
Corey,306127
Corinne Bailey Rae,150106
Cornelio Vega y su Dinastia,2562742
Cornelis Vreeswijk,340739
Cornelius,10401
Cornershop,230737
Cornerstone,29982
Coro Juvenil de Campanileros Raya Real,26720
Coro Navidad Blanca,51313
Coro Navideño,51687
Coro de Niños,108717
Coro de Santo Amaro de Oeiras,7410
Corrinne May,17522
Corta La Bocha,60210
Coscu,707231
Cosculluela,321876132
Cosmo's Midnight,1246871
Cosmos & Creature,932016
Cosmos People,198676
Coucheron,52017
Counting Crows,115459
Courteeners,319451
Covi Quintana,100898
Craig David,6486524
Cravata,157235
Crayon,497124
Crazy White Boy,1431
Crecer German,3866067
Credo,3816
Creedence Clearwater Revival,3315630
Creep Hyp,4680548
Creepy Nuts,17738
Crispy脆樂團,56166
Cristian,64031
Cristian Margelia,4498
Cristóvam,4220
Cro,8647926
Cromo,67695
Crowd Lu,19894501
Crowded House,368667
Crush,2538576
Cruz Cafuné,1096997
Cruz Santa,3573
Crystal Fighters,474638
Crystal Kay,2067321
Csaknekedkislány,15248
Csondor Kata,9236
Cuatro Pesos de Propina,4618
Cub Sport,1205932
Cuco,90288
Culcha Candela,263591
Culdesac,29120
Cultura Profética,1774441
Culture Beat,202399
Cumbia Juan,366954
Cumbias Viejitas,266128
Cupido,4126809
Curly Strings,2525
Curt Digg,14166
Curtis,39423
Curtis Alto,85942
Curtis Waters,10807546
Cyborg,177014
Cyn,1017
Cyndi Lauper,698836
Cyndi Wang,3702880
CynthiaGates,10231
CynthiaGorecki58,3100
Cyntthia Scruz,10378
Cypher Sanctuary,2921
Cyrus Smith,19853
Cyrus Villanueva,18613
Cytrax,3143
Czerwone Gitary,314957
CÉLINE,23379423
Cá Hồi Hoang,112144
Céline Dion,16420028
Cö Shu Nie,5858
Cẩm Ly,2203
D Gerrard,4623934
D Hologram,2423
D Kirk (KV),3485
D&A,54794
D'Cinnamons,231362
D'Sound,172600
D-A-D,8285
D-Block & S-te-Fan,25710
D-Block Europe,67431911
D-Double,429136
D-mol,1001
D. Weathers,27396
D.A.M.A,1407452
D.A.N.,20082
D.A.V,397937
D.Alexander,5636
D.O.,849659
D.O.N.E RD,3582
D14,12617
DA PUMP,12875909
DA Uzi,44853957
DABOYWAY,4625
DADARAY,46612
DANDY TURNER,8609006
DANO,1377147
DAOKO,43396
DAPHNE D調,25320
DARA,311249
DARLING,1010
DAT ADAM,570933
DAVICHI,1158876
DAY6,4421169
DEAMN,13814
DEAN,11392
DEAN FUJIOKA,2015
DELLAFUENTE,2890809
DENIS TEOFIKOV,39844
DENNIS,4020913
DHARIA,463287
DI-RECT,5473379
DIMMA,63769
DISH//,4031025
DIVINE,23994985
DIVOKEJ BILL,2623497
DJ A1,8686054
DJ Alex,49913672
DJ Apres Ski,40173
DJ Captcha,1489
DJ Cobra Monterrey,391048
DJ DYLVN,302702
DJ Didilong,74076
DJ ESCO,4549113
DJ Envy,66069
DJ Fresh,47911
DJ Greg V,112250
DJ ILG,921943
DJ Jazzy Jeff & The Fresh Prince,1681370
DJ Jonathan,7961215
DJ Katch,5246277
DJ Khaled,521000386
DJ Koze J,2052
DJ Kridlokk,22142
DJ Krlos Berrospi,3835
DJ L-Spade,3801
DJ Licious,20993
DJ Luigi,31834
DJ Mozart,46898
DJ Muscleboy,334236
DJ Nazil,636006
DJ Nelson,99934
DJ NorgeJodel,778730
DJ Oku Luukkainen,411127
DJ Pied Piper & The Masters Of Ceremonies,37757
DJ Snake,1699450461
DJ Speedsta,1230
DJ Sumbody,24526
DJ Tetraguy,746407
DJ Wich,251262
DJ Yayo,120780
DJ Yolotanker,7970
DJ-MK,80042
DJEZJA,6554879
DLD,926556
DLG,23526
DMA'S,47837
DMS,7666867
DMV LilShawn,2328
DMX,38794
DNA,161236
DNCE,51361815
DOC,3218
DODO,1208863
DOKTOR LAZER,1431
DOMINIC ARGIRO,3945
DON Kilam,62508
DON V,558620
DON x LEE x BARBER,1095115
DONY X DAVEE,8242
DREAMS COME TRUE,13002388
DROELOE,23136
DTF,30707234
DTK BOY BAND,207686
DVBBS,1095928
DYGL,66762
DYSTINCT,2787435
DZIARMA,384819
D_Maniac,4881
Da Beatfreakz,21306880
Da Capo,5321
Da Endorphine,43433
Da LAB,4145712
Da Zhuang,92606
Da' Tribe,2524
DaBaby,-1759011581
Dabs,10194086
Dabu Fantastic,415373
Dadado Huang,47571
Daddy Cool,361277
Daddy Yankee,824542193
Dadilia Band,102210
Dadju,147936353
Daft Punk,407518
Dagny,5646286
Dagur Sigurðsson,25491
Dai Nhan,5506
Daichi Miura,2994197
Daiga Petkevica Un Normunds Jakusonoks,3809
Daijiman Brothers Band,13651
Dailes teātra aktieri,4450
Daily Vitamin,165370
Daj To Głośniej,2108625
Dakota,7096
Dalex,3825066
Dalia,536465
Dalida,287680
Daliwonga,3623
Dalton Harris,1000226
Dalyb,667278
Damas Gratis,1277058
Dame,44069
Dame 5,12101953
Damian Lynn,5424
Damion Frost,174362
Damiron,8338
Damián V,58337
Damso,255058684
Dan + Shay,1107419890
Dan Hartman,29775
Dan Nguyen,27782
Dan Owen,34524
Dan Talevski,1035599
Dana,223468
Dana Daoud,3062
DanaHuntley,54156
Dancehall Word,90492
Dani Cejas,85623
Dani Darcourt,272007
Dani Faiv,11851962
Dani Fernández,41905701
Dani M,3400924
Dani Martín,19111741
Dani Russo,1078827
DaniLeigh,169161
Daniel Adams-Ray,848264
Daniel Bedingfield,234346
Daniel Caesar,13146614
Daniel Calveti,8387
Daniel Caon,127287
Daniel Chan,52484
Daniel Kvammen,36208
Daniel Lavoie,36380
Daniel Levi,9646
Daniel Lo,12938
Daniel Obede,23556
Daniel Okas,380910
Daniel Opera,7581
Daniel Padilla,574579
Daniel Powter,114181
Daniel Schulz,979105
Daniela Andrade,271528
Daniela Darcourt,41670798
Daniela Rathana,87062
Daniela Romo,290662
Daniela Spector,1843
Daniele Silvestri,2088151
Daniil,423129
Danilla,1053405
Danna,55030
Danna Paola,193501486
Danni,1283831
Dannic,3557
Danny,87749
Danny Angel,1014
Danny Marin,2779
Danny Ocean,996680425
Danny Romero,930751
Danny Saucedo,8281161
Danny Vera,29672592
Danseorkestret,44452
Danzz,365433
Dappy,705390
Dara King,13355
Dara Rolins,6984
Daramuda,46266
Dardan,196786322
Darell,14827668
Daria Zawiałow,11118610
Darin,23777175
Dario G,114688
Dario Puleo,17767
Darius & Finlay,490827
Darius Rucker,1039018
Dark Polo Gang,162916397
DarkFace,129308
Darkiel,1495389
Darkiell,134250
Darleens,494984
Darlene Love,58110096
Darren Espanto,24928260
Darrii,1044
Darshan Raval,15044466
Darude,192096
Daryl Braithwaite,3180536
Daryl Hall & John Oates,131781419
Daryl Ong,3769599
Das sechste Element,36521
Daskeladden,405707
Dasoul,245929
Dat Boi Dee,2499061
Data Luv,4867622
Dato' DJ Dave,796864
Dato' M. Nasir,16581
Dato' Sheila Majid,12865
Dato' Sri Siti Nurhaliza,3472938
Dato' Sudirman,1794230
Datuk Ahmad Jais,876400
Datuk Sharifah Aini,1142559
Daughter,354802
Daughtry,6634
Davai,1041571
Davay,94626
Dave,202538641
Dave Barnes,16032
Dave Dobbyn,1422266
Dave Zulueta,67445
David Alva,23215
David Art Thurber,61244
David Benjamin,2094999
David Bisbal,6271632
David Bosh,3931
David Bowie,200228
David Carreira,3134401
David Dallas,4917
David Deyl,26210
David Essex,102510
David Fonseca,4362
David Gray,33271
David Guetta,376311818
David Otero,81976
David Puentez,86440
David Rees,5602342
David Tao,366445
Davin Herbrüggen,786163
Davina Michelle,104095342
Dawen Wang,39654
Dawid Kwiatkowski,132178
Dawid Podsiadło,113935726
Dawid Podsiadło / Sokół,10144
Dawin,6940604
Dawn M. Fuller,10645
Dax,26101
Day e Lara,5753846
Day1,1228961
Daya,44438899
Dayanara,37427
Dayang Nurfaizah,288836
Dayangku Intan,763682
Dayme y El High,793584
Daymé Arocena,1272
Dayvi,3634520
Daði Freyr,10561903
De Danske Hyrder,162647
De Fam,483801
De Fellas,28166
De Flamingo,250146
De Grote Peter Van de Veire Ochtendshow,208012
De Jeugd Van Tegenwoordig,22800697
De La Ghetto,19709383
De Nattergale,1636201
De To Musketerer,1040402
De Vet Du,16112571
DeAnna Stealth,28827
DeGira,8495
DeJ Loaf,152420
DeStorm,45410
Dead Or Alive,115827
Dead/Awake,2298
Dean Lewis,1393330998
Dean Martin,193470690
Dear Jane,14082550
Deata,338148
Death Cab for Cutie,246515
Death Vogue,6692
DeborahNapoli,6002
December Avenue,279597324
Decky,5105
Declan J Donovan,89512
DeeThane,95182
Deee-Lite,54610
Deejay Telio,1917446
Deen Burbigo,244981
Deep Ng,176976
Deepend,18297
Deeperise,959109
DeezyDavid,20736
Def Cut,1007
Defano Holwijn,725483
Deichkind,60095
Delano,6992585
Delany,1139941
Delaporte,452385
Delara,1890004
Delia,3961
Delil,5439944
Della,5510463
Delta Goodrem,1334314
Demanko,7587
Demarco Flamenco,18359286
Demet Akalın,10534675
Demi Lee Moore,5169
Demi Lovato,415654532
Den BB,565407
Den Unge Fleksnes,1118329
Den svenska björnstammen,933435
Dendemann,387618
Dengarkan Dia,8062833
Dengaz,146484
Denis Elias,27825
Denise De Kalafe,885462
Denise Ho,861063
Denise Rosenthal,11359823
Denixxination,2747
Deniz Seki,293678
Deniz Tekin,8805913
Denki Groove,27807
Dennis Kramer,21584
Dennis Lloyd,741344298
DennisGreen,25063
Denny Caknan,19299377
Deno,1940778
Deno419,398479
Denver Grey,22764
Denz,1955833
Denzel Curry,4826080
Deorro,1164859
Depeche Mode,200544
Dept,112203
Dermot Kennedy,198874571
Derrick Hoh,50085
Derya Uluğ,8513083
Des'ree,48102
Deserts Chang,33690
Desi Slava,10612
Desiigner,79025626
Despina Vandi,2048
Despistaos,2600003
Dessia el Otro,53819
Destiny's Child,11226768
Destripando la Historia,6620
Dev Negi,382719
Devano Danendra,8692393
Devin Dawson,17864303
Devo,180089
Devon Tracy,1918
Dewa,1496030
Dewa 19,36922158
Dexys Midnight Runners,703466
Deyvis Lozano,10019
Dhurata Dora,16777
Di Derre,708068
Di Propósito,714840
DiRTY RADiO,1032171
Diablo,17940
Dialog Senja,54530
Diana Haddad,33805
Diana Ross,176425
Diana Wang,178836
Diandra,182760
DianeKennedy,47826
Dick Lee,11767
Dicte,2527543
Diddi Trix,697537
Diddy,24640
Diddú,118736
Didi Kempot,3739782
Dido,8216
Didou Parisien,9806
Die Draufgänger,334518
Die Fantastischen Vier,19849339
Die Heuwels Fantasties,1500
Die Hollerstauden,14032
Die Martins,7591
Die Schwarzwälder Kirschtorten,58868
Die Toten Hosen,203244
Die Wilden Kaiser,7590
Die drei ???,2104384
Die drei ??? Kids,148636
Die Ärzte,1551957
Diego & Arnaldo,109423891
Diego & Ray,1331769
Diego & Victor Hugo,407490257
Diego Boneta,3505422
Dienis,875040
Dierks Bentley,648700
DigDat,21447537
Digga D,20286855
Diggy Dex,61512
Digital Farm Animals,20803
Dikla,27887
Dilemma,550777
Diler Kharkiya,61886
Diljit Dosanjh,2784634
Dillaz,8253400
Dillon Francis,47291
Dilpreet Dhillon,199849
Dilsinho,237523177
Dimension Latina,224779
Dimitri Vegas & Like Mike,1126809
Dimitris Mitropanos,7096
Dinah Nah,966290
Dinda Permata,90721
Ding Ke,7671
Dingo,46931
Dinh Huong,1061
Dino James,1702788
Dino d'Santiago,674528
Dinor rdt,6074403
Dinos,2646641
Diodato,23514392
Diogo Piçarra,3608853
Diona,41040
Diplo,178493622
Dire Straits,2968735
Dirty K,13317
Dirty Zblu,249753
Disciples,4757306
Disclosure,63026
Disco Ensemble,14597
Disiz,379339
Diskofil,93359
Dismissed,573961
Distruction Boyz,3256
Disturbed,8505597
Diva Faune,834573
Divididos,24882767
Divinyls,33791
Dixie,104817
Dixson Waz,11273
Dizzee Rascal,777682
Dizzy,178454
Dizzy DROS,22326
Dizzy Mizz Lizzy,22697
Dj Brasil Mix,184536
Dj Guuga,228273
Dj Henrique de Ferraz,351083
Dj Kass,11661547
Dj King Assassin Presents,1031
Dj Lauuh,1092733
Dj The Rapper,4956
Dj Zeki,21601
Dj-Chris,7724
Djadja & Dinaz,119794752
Djaga Djaga,21280453
Djamila,101793
Django,1478080
Django Wagner,53040
Djavan,1730507
Djodje,2030342
Djonga,11438760
Djulia,34608
Djämes Braun,20048
DoReDoS,31048
DoReMiFaSolLaSiDomino,97385
Doc Ketamer,42233
Doctor Victor,962307
Dodo,20980
Dodo & Vm-Landsholdet,8405
Dodo & the Dodos,278579
DoeMaarDave,6235986
Dog Collective,42126
Doja Cat,1370521549
Dokkeytino,45198
Doks,414025
Dolei,3772
DollarxMason,20221
Dolly Parton,2186673
Dolly Style,6081965
Dollypran,22014
Dolores,53756
Dolu Kadehi Ters Tut,34835828
Dom Dolla,1073825
Domi,488548
Domingues,316873
Dominic Fike,535547024
Dominika Mirgova,32690
Dominion,4290938
Domino Saints,115749
Don Bigg,183683
Don Chezina,5019
Don Chu,69557
Don Diablo,5980134
Don Henley,71081
Don Khuma,10547230
Don McLean,896341
Don Medardo y Sus Players,134953
Don Meskobar,3438
Don Miguelo,62503
Don Omar,5844513
Don Patricio,186854133
Don Toliver,546047299
Donald Shoenberg,122136
Dong Hung,120142
Dongye Song,40044
Donkeyboy,1772441
Donna Lewis,27156
Donnalyn,921094
Donnie,851946
Donny Hathaway,16164640
Donny Montell,1030
Donny Pangilinan,3332
Dons,413210
Dopeamean,3010
Dopebwoy,42446594
Doper,3810
Dorian,7477514
Doris 666,130751
Doris 68,180928
Doris Schmeler,109068
DorisAlvarez,87975
Dorothea Berger,46477
Dorothy Carless,62141
Dosseh,52393738
Dotan,8842904
Dotter,8716605
Dough-Boy,2482
Doughnuts Hole,125686
DouglasRashhh,93384
Douwe Bob,67149
Douzi,558612
Doğan Canku,5014
Dr. Alban,23075
Dragana Kosic,1092
Draganov,122552
Dragon,139812
Drake,1473754233
Drake Bell,1533021
Drama Band,65270
Drawol,1749
Drax Project,63172722
Dread Mar I,386217
Dream Ami,24787
Dreamville,150137503
Dree Low,57309576
DrefGold,31148794
DrefQuila,32145967
Drefquila;Bizarrap,2734357
Drei Rana,74154
Drenchill,9043868
Drengene Fra Angora,2350941
Drengur,2471
Drew Allen,12645
Drew Sycamore,857328
DripReport,175062824
Dropkick Murphys,925186
Drunken Masters,2138576
Dry,658062
Drängarna,4223968
Dsean,44002
Dstance,1430902
Dua Lipa,403313498
Duane MCClure,21579
Dubdogz,6853716
Dubosky,721077
Dudi Bar David,83134
Dudi Buzaglo,28771
Dudu Aharon,22554
Dudu Elarar,5432
Dudu Elharar,6769
Dudu Faruk,967013
Dudu Tassa,42207
Duffy,133177
Duke Dumont,1424171
Duki,281652926
Duki Duki,384251
Duki Y Neo Pistea,1042119
Duman,31812300
Dumdum Boys,260577
Dumooa Tahseen,65583
Duncan Dhu,9931500
Duncan Laurence,103079265
Dune Rats,16297
Dung Lee,2268
Duo Dinamico,1334252
Duong Hong Loan,50563
Duran Duran,661454
Dustin Lynch,12733151
Dusty Bottle,2844
Dusty Springfield,52575
Dutty Dior,990790
Duy Khanh,5962
Dv,114019
Dvicio,5200209
Dwa Sławy,277961
Dwa plus Jeden,10293
Dwayne Johnson,1495937
Dydo,3698
Dylan Diamond,23512
Dyler,246895
Dylerz,2671
Dylisa,238241
Dymenplaxx,1302
Dymytry,3078
Dyna,235225
Dynho Alves,59640557
Dynoro,5529
Dzelzs Vilka Jauno Jāņu Orķestris,1017
Dzelzs Vilks,1254
Dzem,21192
Dzharo & Khanza,284819
Dziļi Violets,1575
Dzsúdló,364953
Dánielfy Gergő és az Utazók,2111
Dårlig Vane,780405
Dé:Nash,78800
Dímelo Flow,173104406
Dālderi,6000
Dětský sbor,181184
Dětský sbor Camerata,957189
D’MASIV,7043824
E-Jun Lee,3050
E-Kids,47243
E-Type,116564
E-girls,785916
E.M.D.,3941873
E.SO,4663181
E.T.,7493
EA Travi,7252
EARTH,39559
EAZ,70943
ED LIIT,38552
ED Wrd,5406
EDIS,36336611
EKI,16932
EL Mo3,4827
ELI,32362981
ELIF,1818088
ELLEGARDEN,568768
EMIL TRF,124515
EMIR,129268
EMMA WAHLIN,158935
EO,31970771
EPITHE,290410
EREN CAN,1813971
ERIK,2111978
ERNEST LARA,21485
ET-KING,241936
ETC.,3727906
EVERGLOW,15760300
EXID,2760101
EXILE,1346582
EXILE ATSUSHI,65176
EXILE THE SECOND,15019
EXO,42628373
EXO-CBX,236086
EXO-SC,503739
Eagle-Eye Cherry,218694
Eagles,16335149
Eamon,13938
Ear Cancer,4947
Earl Sweatshirt,3395585
Earth,2733313
Earth Patravee,13431925
Eason Chan,27016818
East 17,3170396
Eastside Jody,1516
Ebbot Lundberg,299625
Ebony Frainteso,45602
Ebru Gündeş,5775490
Ebru Polat,198556
Ebru Yaşar,5472426
Ece Mumay,675377
Ece Ronay,28943
Ece Seçkin,4788318
Echosmith,443179
Ecko,19677757
Eclat Story,9325565
Eclectic Fuller,2925
Ecoutez,6205
Ed Maverick,92547856
Ed Sheeran,-383677238
Ed Shuns,1083
Ed Struijlaart,217139
Edda Heiðrún Backman,6701
Edda Magnason,91558
Eddie Meduza,314529
Eddie Santiago,13225
Eddy & Zino,228963
Eddy Gomez,4202
Eddy Herrera,98587
Eddy Kim,464302
Eddy Lover,68192
Eddy de Pretto,12472564
Eden Alene,543874
Eden Ben Zaken,5922767
Eden Hason,26648600
Eden Meiri,1686602
Edgar Domingos,419229
Edgars Liepiņš,15919
Edin,5457421
Edip Akbayram,7379
EdithFernandez,83175
Editors,6020
Edmond Leung,73959
Edmund,363524
Edo Fendy,36625
Edo Saiya,155118
Edoardo Bennato,9579
Edu Lombardo,26944
Eduardo Costa,4432336
Eduardo Gatti,48188
Edward,60316
Edward Blom,631524
Edward Sharpe & The Magnetic Zeros,1438547
EdwardeddnyKing,96728
Edwin Luna y La Trakalosa de Monterrey,39047034
Edwindstookey,7785
Edyta Gorniak,297155
Eebz,2535353
Eevil Stöö,166430
Efecto Pasillo,17490439
Efek Rumah Kaca,2785831
Efta,22510
Ege Çubukçu,1014726
Egert Milder,32809
EggPlantEgg,30682290
Egill Stolz,5572
Egill Ólafsson,151222
Ego,1483327
Egor Kreed,2085
Egotrippi,250583
Egs,3509
Egó,16735
Ehud Banai,13923
Eidha Al Menhali,2807
Einar,1009972
Eini,25715
Eino ja Aapeli,2231723
Einár,112477392
Eir Aoi,1878
Eirik Lyng,15301
Eirikur Hauksson,158893
Eissa Al Marzouk,44477
Eisvoleas,72669
Eito,8056163
Eivør,44640
Ekin Cheng,72704
Ekspressen,34898
Ektor,3462438
El Alfa,7627009
El Alfa & Yomel,1316
El Apache Ness,42536
El Barrio,685892
El Bebeto,68322037
El Canto Del Loco,67755
El Chapo De Sinaloa,196208
El Codigo Kirkao,487680
El Combo De Las Estrellas,7626
El Cuarteto De Nos,894416
El Dipy,12152302
El Fantasma,15717691
El Fuelte,1171
El Futuro Fuera De Orbita,157137
El Gordo Gonzales,3333
El Gran Combo De Puerto Rico,108868
El Gran Martín Elías,88052
El Greco,4235326
El Gucci y Su Banda,4451
El Jarra,7624
El Jhota,168194
El Jincho,148693
El Komander,27963
El Kuelgue,81863
El Madfaagya,198563
El Mayor Clasico,9002
El Nene la Amenazzy,30097
El Nino,29127
El Papi,12116914
El Polaco,1760276
El Profesor,65459917
El Reja,32797
El Simbolo,78635
El Super Hobby,118825
El Super Show De Los Vaskez,15812
El Tonto,584890
El Vega,1854956
El de La Guitarra,23516009
ElGrandeToto,2341677
Eladio Carrion,116449
Eladio Carrion;Seven Kayne,711011
Elai Botner and Yaldei Hachutz,2559
Elaine,1417537
Elandré,386390
Elanur,4683878
Elastinen,19776619
Elbow,49850
Elderbrook,442365
Eldzhey,13752
Electric Light Orchestra,17214650
Electrico,4620
Elefante,44458091
Elefánt,88056
Eleni Foureira,38292054
Elephant Kashimashi,61065
Elephanz,1735836
Eleryn Tiit,5939
Elettra Lamborghini,68486922
Eli Hsieh,363214
Eli Young Band,9951260
Eliad,5718958
Elias,20104642
Elias Abbas,2365143
Elias Boussnina,9822
Elias Gould,360837
Elias Kaskinen,150255
Elias Kaskinen & Päivän Sankarit,1035802
Elif Kaya,19497
Elijah Woods x Jamie Fine,2425278
Elilluminari,1040389
Elin Lynze,36050
Elina,8026633
Elina Born,45902
Elina Nechayeva,99622
Elio,10835
Eliot,261791
Elis Regina,284474
Elisa,47598729
Elizabeth Tan,3066225
Ella Chen,53084
Ella Eyre,1869811
Ella Fitzgerald,25526272
Ella Henderson,419429
Ella Lee,401485
Ella Mai,278007993
Ella Nor,15002
Ella Vos,15554
Elle King,87852
Ellen Krauss,55846
Ellen Kristjánsdóttir,42386
Ellen Loo,79913
Elley Duhé,17334
Ellie Goulding,1183196829
Ellinoora,32202243
Elliott Yamin,46998
Ellips,1290571
Ellis Adventure,224575
Elly Ekko,31965
Elly Vilhjálms,11779
Elmac,3374
Elmuanna,56880
Elodie,60366436
Elokuu,36933
Elov & Beny,378100
Elsa & Emilie,10855
Elsa FA. Williamss,13024
Elton John,138016815
Elva Hsiao,197123
Elvan Günaydın,302510
Elvana Gjata,20415
Elvira Pitzner,274395
Elvis Crespo,179196
Elvis Presley,110553284
Elísabet,1120
Eman Lam,229476
Emanuela,13649
Emanuele Aloia,15404419
Emanuele Vernarelli,7224
Emcee L (Da LAB),7136
Emeli Sandé,209818
Emelie Hollow,510909
Emil Assergård,3500111
Emil Kruse,4464047
Emil Lange,1578983
Emil Stabil,13270619
Emil Wismann,11138
Emilia,9470075
Emilie Adams,83398
Emilie Nicolas,2789691
Emilio,1500269
Emily Blunt,4392
Emily Burns,1737
EmilyZimmer,30865
Eminem,-1302534048
Emir,484599
Emir Can İğrek,83483440
Emis Killa,134295994
Emiway Bantai,389580
Emma,5012788
Emma Bale,463275
Emma Drobna,22676
Emma Gun,258421
Emma Heesters,1728840
Emma Muscat,1231805
Emma Steinbakken,5439704
Emma Stone,1635475
Emma Thompson,5295
Emman,13132215
Emmanuel,26130233
Emmelie de Forest,2749
Emmi Christensson,150625
Emmit Fenn,3906
Emms,1023602
Emmsjé Gauti,493656
Emna Fakher,47108
Empire of the Sun,259225
Emrah,19582
Emrah Karakuyu,149605
Emre Kaya,1339266
Emtee,2671
Emy Blu,1026
En,3262153
En?gma,270196
End of the World,5956
Endah N Rhesa,14559458
Ender Balkır,234799
Endor,41634229
Endre Nordvik,37991
Endy Chow,137726
Enej,168722
Enemy,226990
Energy 18,172087
Enero,2114
Enes Batur,11200370
Enno Aare,14796
Enno Cheng,56511
Eno,147560794
Enrico Carmona,1757
Enrico Nigiotti,12963740
Enrico Papi,22329
Enrique Iglesias,352640573
Ensi,89901
Enter Shikari,102692
Enur,52268
Enya,8121
Enzo Dong,2483253
Enzo Ingrosso,53306
Enzo X,27772
Eolika,22594
Epelit,14724
Epik High,113989
Eppu Normaali,298852
Equalz,20647143
Equinox,339966
Era Istrefi,275750
Eraserheads,31913028
Erasure,70985
Eric Chou,109236608
Eric Gadd,21642
Eric Nam,70222
Eric Prydz,87553
Eric Saade,71579
Ericka Jane,250008
Erik Hassle,125382
Erik Lundin,113115
Erik Mjönes,2226
Erik Og Kriss,86633
Erik Rapp,14557
Erik Santos,5442074
Erika Vikman,2968586
Erin,6427937
Erkin Koray,11674
Ermal Meta,6167079
Erna Gunnarsdóttir,111611
Erna Mist Pétursdóttir,1236
Ernia,54025826
Ernie Zakri,604540
Error,2765
Ersan Er,296193
Ersay Üner,20135217
Escucha!,37224
Eshconinco,605045
Eskimo Callboy,835032
Esko,149641
Eslabon Armado,6672480
Espinoza Paz,1420639
Esraa El Aseel,281361
Essa El Waad,150026
Essam Sasa,6246
Essemm,47245
Estelle,216081
Ester Peony,2548
Estikay,80884
Estopa,28654412
Estrategas,3196
Et demain ? Le collectif,542777
Eternal,62489
Ethnix,1043
Etta,2041967
Etta James,93928
Etzia,227102
Eugenio In Via Di Gioia,1773512
Eula Glover,37045
Eunique,900562
Euroband Feat Fridrik Omar & Regina,1113
Europe,95148
Eva,20203612
Eva + Manu,7115
Eva Ayllón,26706
Eva B,222697
Eva Weel Skram,5086276
EvaLevy,4105
Evan Naji,469732
Evan Rachel Wood,1439242
Evan Troop,1230
Evan Yo,71347
Evangeline Wong,336076
Evdeki Saat,1384615
Eve,376316
Eve Ai,6904685
Eve And Lear,19610
Evelina,28066513
EvelynAlfah Stutts,43081
Evert Taube,39727
Everybody Loves an Outlaw,1546956
Eves Karydas,28258
Eves Laurent,1173148
Evgenya Redko,21740
Eviatar Banai,3406322
Evrencan Gündüz,10464
Ewa Farna,413891
Ewa Farna & Bartosz Budziewski,98578
Ewert and the Two Dragons,1604
Ex Battalion,4946581
Ex-Otago,2264410
Example,169909
Exploit,147593
Extreme,5800562
Extremoduro,156350
Eyal Golan,3250078
Eyci and Cody,304332
Eye Cue,1178
Eyjólfur Kristjánsson,251856
Eypio,19306137
Eza Edmond,2072480
Ezad Lazim,316086
Ezekiel Carl,189908
Ezginin Günlügü,19006
Ezhel,264091541
Ezio Oliva,796141
Ezkimo,188624
Ezzari,1832065
F,186719
F.I.R.,2460983
F1rstman,2574909
F3M,7289
F4ST,267998
FACE,173104
FAIR GAME,19377
FANN,2191
FANTASTICS from EXILE TRIBE,20496
FAO>dino,37816
FATMAN,7752
FEDUK,10350
FELIX SANDMAN,33964720
FERNANDOCOSTA,1607254
FIDLAR,41321
FIESTA!,1252971
FINNEAS,2464433
FISHER,18764604
FKA twigs,295814
FLETCHER,42506672
FM95BLÖ,119325
FMK,28605004
FO&O,5964175
FOOL,18961362
FOS,3888
FOURS,7379
FRIDAY NIGHT to SUNDAY,29187
FSK SATELLITE,35826729
FTampa,120721
FUKI,8375
FUNKY MONKEY BABYS,2788938
FYKE,3127
FYRE,21297
Faber,410415
Fabian Soul,4080
Fabio Rovazzi,26767395
Fabiola,349269
Fabolous,392524
Fabri Fibra,13261936
Fabrizio De André,101406
Fabrizio Moro,6717009
Fadi,574179
Fahad Al Kubaisi,28544
Fahad Alsaad,32454
Fahed Al Aref,497626
Fahed Bin Fasla,3364065
Faija,2943334
Fairchilds,7574
Faisal Abdulkareem,1536207
Faith Kakembo,457550
Faithless,65019
Faizal Tahir,5237464
Fake Pictures,5376458
Falco,147007
Fall Out Boy,797800
Falling Feathers,6313
Fally Ipupa,1215750
Fama,15454
Fama el Marciano,2150
Famba,13450
Famke Louise,13767285
Famous Dex,450111428
Famous Oberogo,815403
Fan Yi Chen,62660
Fanduk,3787
Fang Wu,112540
Fangoria,374576
Fannar Guðni,1118
Fanny Andersen,13696
Fantasia,101707
Fantasy,41103
Fard,19430183
Farid Bang,88269851
Fariz Jabba,442889
Farruko,86489659
Fashion Club,10173
Fast Animals and Slow Kids,59403
Fat Freddy's Drop,131655
Fat Joe,47457
Fat Les,1318925
Fat Mizzo,33428
Fatah,295704
Fatboy Slim,4042
Father John Misty,19527
Fatih Bulut,1349439
Fatin,471775
Fattah Amin,489527
FattyPillow,93224
Faul & Wad Ad,3840
Faustix,12379383
Fay Lovsky,297188
Fay Wildhagen,65954
Faycel Sghir,9659
Faye Fang Kaew,20377
Faye Wong,104246
Fazidah Joned,678762
Fazura,23931
Feanna Wong,115181
Feby Putri,43425149
Feder,10787926
Federica Carta,73693
Fedez,41369539
Feels Imagine,1124
Feestteam,324343
Fei Yu-ching,5233
Feid,416745
Feist,2367
Fekky,415722
Felicia Olsson,42367
Felipe Araújo,251714706
Felipe Campos,68550
Felipe Peláez,15170053
Felix,2414545
Felix Cartal,419819
Felix Jaehn,45535077
Felix Snow,4427
Feller,7580
Feng Ze,74154
Fer Palacio,20680374
Ferdi Özbeğen,60593
Fergie,69617
Fergus James,1145855
Feride Hilal Akın,32126008
Feridun Düzağaç,2401465
Ferit Aktemur,4278
Ferman Akgül,59044
FernHarris,2098
Fernando & Sorocaba,120534493
Fernando Daniel,4369120
Fernando Villalona,46549
Fero47,127681593
Ferrugem,193632011
Ferrum,6478
Fettah Can,257001
Fetty Wap,611643
Ffion,610758
FiNCH,26895671
Fickle Friends,6102
Fidel Rueda,466360
Fie Laursen,2979103
Fiersa Besari,156249140
Fiesta Huasa,2875128
Fieya Julia,3370316
Fifth Harmony,82299524
Figaro,6646
Figo Eld5lawe,420163
Figo Gang,2238309
Figura,60380
Fijimafia,6832
Fikri Karayel,128033
Filatov & Karas,1973931
Filip Dikmen,328489
Filipe Ret,516614
Finn,83752
Finnish Hockey Mafia,68334
Fintelligens,36904
Fiona Apple,3301015
Fiona Sit,107934
Fiorella Mannoia,1540303
Firat,1622800
Fire EX.,2866231
First Aid Kit,255020
Fish Leong,10057477
Fishing Men,7581
Fisz Emade Tworzywo,333383
Fito Paez,3647025
Fito y Fitipaldis,26567029
Fitz and The Tantrums,2078586
Five Finger Death Punch,1528617
Five For Fighting,18632
Flanagan & Allen,72987
Flavio,150873
Fleetwood Mac,119021187
Flenn,15588
Fler,24236440
Fleur East,66018
Flipp Dinero,510815017
Flo Rida,4105163
Float,3299264
Floating in Space - Project,79672
Floni,5728402
Floor 88,5435389
Florence + The Machine,34300212
Florida Georgia Line,108893412
Florin Salam,9936
Flosi V,4486
Flow G,9257053
FlowRag,22411
Flower,697119
Flume,5651422
Flure,3650
Fluteybeats,22604
Fly Project,130241
Flybaits,10620
Flying Saucer Gang,67497
Flóki Slime,1559
Flört,15011
Fmg,323106
Foals,3946371
Fobia Kid,562506
FogClawz,15241
Follow The Flow,14496700
Folly Rae,35387
Fomins & Kleins,9530
Fonseca,42237871
Foo Fighters,978796
Fools Garden,30551
Foorin,10628246
Fordo,6451
Foreigner,59217
Forgen,14404
Formen,2632
Forsvarets Stabsmusikkorps og Sarpsborg Kammerkor,20508
Fort Minor,11028
Fortyler,3780
Foster The People,25152252
Fotbollshuliganen,319011
Fouad,2829
Fouli,9599164
Fountains Of Wayne,311919
Four Tet,210227
Four Tops,65412
Four of Diamonds,770690
Fourp4cc,3572
Fourtwnty,126462115
Fourty,16397750
Fox Blanco,985844
Fragile1988,22806
Frah Quintale,4975794
Fran,29765
Frances,218134
Francesca Michielin,7855093
Francesco De Gregori,142079
Francesco Gabbani,25977001
Francesco Guasti,10782
Francesco Renga,999167
Francis Duran,22090
Francisca Valenzuela,563051
Francisco Loría,8115
Franco Battiato,189074
Franco De Vita,308342
Franco F.Y.E,4169
Franco126,22768657
Francois van Coke,1592
Frandé,39014
Frank Briones,28543
Frank Løke,161534
Frank Ocean,70973832
Frank Paaris,7584
Frank Sinatra,251697064
Frank Walker,11510
Frankie Goes To Hollywood,3166166
Frankie Ruiz,108911
Frans,500581
Frantisek Nedved,4334
Franz Ferdinand,1131128
Frasse King,250745
Freckle,4308
Fred Astaire,74430
Fred Cheng,7495
Fred De Palma,144517187
Fred Man,3830
Fred Åkerström,128567
Freddie,28304
Freddy Gladieux,152071
Freddy Kalas,33964439
Freddy River,12268
Fredo,28623336
Free Finga,334972
Freestyle,29911853
French Montana,373681660
Frenetics,190456
Frenetik&Orang3,3096481
Frenna,57570883
Fresku,29527
Freya Ridings,92159894
Fricky,24530913
Frida Oline,7781
Frida Öhrn,505169
Friday Santana,41322
Frijo,1780517
Frizzo,157849
Friðrik Dór,640667
Friðrik Ómar,72176
Friðrikl Ómar,104331
From Under Concrete Kings,117718
Fronda,53066
Frostrósir,185050
Frosty,127577
Fruko Y Sus Tesos,112772
Fuat,75741
Fuego,5791
Fuerza Regida,20798453
Fugees,126623
Fujifabric,1755059
Fujii Kaze,2317564
Fulanito,71627
Full Crate,34464
Full Trunk,152970
Fumaratto,3427716
Fumiya Fujii,144777
Funzo & Baby Loud,15866997
Furacao Love,1338310
Furkan Özsan,49573
Furytto,222279
Fuse ODG,13918
Future,1711001591
Future Animals,2444960
Future Duper,389201
Fy,9660496
Fymme Bongkot,142178
Fynn Kliemann,42607877
FÄIS,9964109
Fætr,616525
Fókus hópurinn,17392
G Flip,8370795
G Unit,2415
G&G Sindikatas,10446
G-DRAGON,94065
G-Eazy,409209812
G-Girls,58725
G.E.M.,80266202
G.G. Merkel,26533
G.R.L.,69246
G.bit,408607
G0YARD,15532
GAC (Gamaliél Audrey Cantika),2523154
GAMMAL,36979993
GAMPER & DADONI,28706883
GANGgajang,133047
GASHI,325986
GAYAZOV$ BROTHER$,229282
GAZIROVKA,517932
GBOYSWAG,73952
GCD,26169
GDRN,394261
GENA DESOUZA,41654
GENERATIONS from EXILE TRIBE,4004018
GENT,1765667
GFRIEND,1899882
GIMARIO,68416
GIMS,54708539
GIRLKIND,4979
GIULIA BE,79041144
GJan,619573
GKR,4919
GLIM SPANKY,32374
GLK,245724
GMeyer,266660
GODSQUAD,407074
GOLEC UORKIESTRA,539414
GONG,4742
GOT U,821873
GOT7,4717865
GRAACE,51467
GRANT,47642
GRM Daily,4816846
GROGNation,29530
GReeeN,6232
GReeeeN,35562083
GS Tribune Choir,26671
GULEED,4845772
GUNGUN,4399370
Gaab,4538167
Gabby Barrett,33863100
Gabi Martins,4135517
Gabriel Diniz,74414065
Gabriel Elias,707983
Gabriel Gava,709451
Gabriel Hess,20816
Gabriel Lion,1487785
Gabriel Pagan,52725
Gabriel Romero,14896
Gabriel Vitel,5345
Gabriel e Rafael,1137798
Gabriela Rocha,1654560
Gabrielius Vagelis,3120
Gabrielle,10777148
Gabrielle Aplin,2404
Gabrielle Lynn,14042
Gabrielė Vilkickytė,4596
Gabry Ponte,275271
Gaho,5885957
Gaia,11534289
Gain,2824
Gajendra Verma,2868293
Gal Adam,519115
Gala,346945
Galantis,71025605
Galatasaray Spor Kulübü,46314
Galatasaray Tribün Korosu,21451
Galeffi,26807
Galena,478967
Gali Atari,2897
Galin,2049
Gallagher,96384
Gallant,3709
Gallo Nero,1121774
Gam Wichayanee,192409
Gambi,175321370
Gambino,38504
Gamma1,360017
Gang of Youths,6647788
Garagen Larrys,1406906
Garbanotas,13118
Gardemusikken,11164
Garibaldi,97041
Garou,151163
Garras de Amor,156834
Garry Sandhu,404449
Gary Chaw,188538
Gary Glitter,801207
Gary Valenciano,75312
Gasellit,11336161
Gasolin',3941876
Gato,777310
Gaullin,73835513
Gavin D,5659512
Gavin James,17395043
GaxaoXa,1924
Gaye Su Akyol,44918
Gazapizm,62749773
Gaziy Bin Sahab,232694
Gazz,6121
Gazzelle,57075037
Gece Yolcuları,117108
GedachteGang,1317
Gedz,19123190
Gee Dixon,1058454
Geechi,30847
Geek-TheHot,32232
Geiri Sæm & Hunangstunglið,1047
Geisha Cartel,15793
Geko,1879233
Gemitaiz,224676455
Gen Hoshino,20970333
Gen Neo,3326
Gene Autry,18944434
Gene Kasidit,3082185
Gene Thomas,510089
GeneArnold,2062
Genetikk,4200183
Genie High,303189
Gente De Zona,18985094
Gentle Bones,2358254
Geo Ong,68773
Geolier,46861408
George Ezra,820177126
George Formby,149694
George Harrison,51561
George Henrique & Rodrigo,89411669
George Larenthal,7580
George Michael,484672
GeorgeGoin,42760
Georgia Box,928799
Georgio,328375
Geovanny Polanco,1180
Gepe,9280898
Gerardo Morán,9202
Gerardo Ortiz,10583426
Gergia Next,7588
Geri Halliwell,18233
Gerry & The Pacemakers,297082
Gerry Cinnamon,29942310
Gers Pardoel,594215
Gery-Nikol,14624
Gesaffelstein,1161524
Gesu No Kiwami Otome,737235
Getsunova,7156638
Gettomasa,34396248
Gewitter im Kopf,76172
Ghali,182713998
Ghea Indrawari,189429
Ghemon,2564132
Ghifarr,12289
Ghost,3277826
Ghost Chili,38630
Ghost like girlfriend,1735
Gian Marco,3550571
Gianluca Grignani,1304
Gianluca Vacchi,63411
Gianna Nannini,44217
Gianni Bismark,2559906
Giannis Parios,12149
Giant Rooks,14553728
GiaxaoLong,3953
Gift My Project,1622
Giggs,7052202
Gigi,18547
Gigi D'Agostino,157188
Gigi D'Alessio,82998
Gigi Leung,115478
Gigis,1975433
Gigolo Y La Exce,5875314
Gilberto Santa Rosa,78033
Gilda,554752
Gildardo Montoya,10032
Gilli,109980706
Gin Lee,1237088
Ginger,1934
Ginuwine,121207
Gio,1592871
Gio Evan,39782
Gio Montana,7891025
GionnyScandal,15196245
Giordana Angi,11138076
Giorgia,1929378
Giorgos Mazonakis,1075539
Giorgos Papadopoulos,4759
Giorgos Sabanis,1108991
Giovanni Caccamo,212270
Giovanny Ayala,419922
Girls Aloud,65922
Girls In Hawaii,18883
Girls' Generation,934128
Girls' Generation-Oh!GG,3993125
Giulia Molino,1363375
Giulianna,1006
Giuseppe St. Nicolas,8020
Giusy Ferreri,885594
Giveon,16895
Gizem,28164
Glades,11046683
Glasperlenspiel,340669
Glass Animals,508314
Gleb,5190647
Glee Cast,807951
Glen Campbell,144022
Glen Dean,21777
Glen Faria,45065
Glenmark Eriksson Strömstedt,3219475
Glenn Fredly,56119533
Glenn Miller,293065
Gli Autogol,537061
Glimmer of Blooms,444775
Gliss,1039119
Gloc 9,2086747
Gloria Estefan,152225
Gloria Gaynor,702562
Gloria Groove,31750805
Gloria Jessica,1429074
Gloria Prince,113743
Gnags,1108958
Gnarls Barkley,9871300
Go Royal,20188
Goanna,86847
Gobs,1953426
God Bless,7435
Golani,2006
Gold Oldies,1015
GoldFish,16046
GoldLink,13109458
GoldeJeeff,22102
Golden Features,716982
Golden Gang,1843
Goldenchiold,4512
Goldfrapp,1307
Goldy Boy,40541
Gonzo Vizán,49533
Good Band,391296
Good Harmony,8280
GoodLuck,1300
Goose house,1105
Gordon,200624
Gordon Bahary,8018
Gorillaz,24893855
Gorki,66093
Goshom,3770
Gossip,50879
Gotch,4835
Gotzim,7587
Gourov-Roshin,93083
Grace Carter,111209
Grace VanderWaal,156360
Gracias,229000
Gracie Fields,74972
Gradur,27507558
Grady Guan,50096
Graham,5695
Graham Colton,2923
Grallim,7583
GramJams,21305
Gran Coro de Villancicos,103094
Grandha,8245
Grannen Måns,334486
Grassy Spark,1141
Grasu XXL,177847
Grażyna Łobaszewska,63974
Greasy Cafe',6624
Greeicy,29195391
Greekazo,1021435
Green Boys,231034
Green Day,1361950
Greg June,44430
Greg Lake,1231376
Gregory Porter,246592
GregoryAsaro,6131
Greifarnir,12055
Greta Menchi,647347
Greyson Chance,110750
Gringe,6966762
Gringo,3118078
Gripin,681054
Gromee,8095308
Groove Riders,35203
Grouplove,14580808
Grup Yorum,26031
Grupo 360,5403549
Grupo 5,2232832
Grupo Alegria,197828
Grupo Arranke,68048536
Grupo Bryndis,510512
Grupo Cañaveral De Humberto Pabón,569819
Grupo Codiciado,10138294
Grupo Delta Norteño,308474
Grupo Extra,1319410
Grupo Firme,66402846
Grupo Melao Internacional,3688
Grupo Menos É Mais,401040
Grupo Mojado,54109
Grupo Nectar,8010
Grupo Niche,581558
Grupo Okixem,20211
Grupo Play,4550
Grupo Red,82323
Grupo Revelação,101376
Grupo Serpiente,87304
Grupo Sombras,313739
Gryffin,51134651
Grzegorz Hyzy,762592
Grzegorz Turnau,34772
Grúbi,3860
Gson,333838
Gtk,372623
Guardianes Del Amor,176283
Guasones,12255
Guayacán Orquesta,109045
Guayna,12847408
Guaynaa,104974538
Gucci Mane,160293832
Guerrilla,2746
Guilherme & Benuto,136590522
Guillermo Buitrago,168475
Guitarricadelafuente,7727583
Guizmo,504294
Gulddreng,13093648
Guldpige,49918
Gummi Tóta,3691
GunAchi Achirawich,2051
Gunn Junhavat,65570
Gunna,217254815
Gunnar Ólason,232456
Guns N' Roses,31775435
Gunslingers,25015
Gunz For Hire,21707
Guo Ding,465976
Guri,1854416
Gurinder Seagal,24369
Guru Josh Project,52286
Guru Randhawa,5434370
Gusi,65860
Gustavo Cerati,35965243
Gustavo Mioto,263870061
Gustavo Moura & Rafael,509657
Gustavo Santaolalla,39780
Gusttavo Lima,770285107
Guus Meeuwis,639640
Guy & Yahel,15051
Guy Mazig,1094
Guy Sebastian,34830489
Guyon Waton,5631074
Guzior,24410507
Guè Pequeno,165321037
Gwen Stefani,38364334
Gyllene Tider,6027162
Gym Class Heroes,158292
Gyptian,130638
Gzuz,122081689
Gísli Pálmi,177810
Gökhan Tepe,206831
Gökhan Türkmen,24952937
Gökhan Özen,25317
Göksel,7453405
Gökşin Derin,160341
Gönül Akkor,4936
Gústi B,3034
Gülden,846575
Güliz Ayla,626855
Gülşen,24478012
Günay Aksoy,2485622
Güven Yüreyi,2221764
H Jungle With t,55153
H.E.R.,333714770
H.I.N.P (Hot Issue of Ntl. Producers),108910
H2O,1232
HAEVN,3285552
HAIM,1704018
HALIE,74269
HANA,2242321
HAOR,52988
HARUHI,6269
HAVSUN,15355
HEDEGAARD,1815012
HEDIA,1050407
HEIZE,360057
HENSY,7023
HIRAIDAI,17113763
HIXTAPE,635814
HLH flokkurinn,238564
HM Kongens Gardes Musikkorps,114236
HMB,66054
HOFFMAESTRO,41181
HON,388531
HONNE,67591687
HRVY,7114976
HUGEL,20073439
HUSH,68060
HY,39920804
HYPNOSISMIC -D.R.B- (Division All Stars),22560
HYUKOH,13065
Ha Anh Tuan,60613
Ha Hyun Woo,337602
Ha*Ash,14144171
HaGevatron,2488
Habeeb Ali,1300413
Hacken Lee,92018
Hadag Nahash,17450
Haddaway,33508
Hadise,10882624
Hael Husaini,3813805
Hafdís Huld,1735268
Hafiz Suip,6738904
Haftbefehl,5444063
Haifa Wehbe,25449
Hailee Steinfeld,350967395
Haiyti,137617
Hakan Altun,164454
Haki,302336
Hala Al Turk,128446
Halconizados de Amor,89375
Hale,71217920
Haley Reinhart,20321
Halil İbrahim Göker,216157
Halina Mlynkova & Bartosz Świtnicki,120027
Hallman,153543
Halloran & Kate,58621
Haloo Helsinki!,28708152
Halott Pénz,4649344
Halsey,-1485222069
Haluk Levent,1014548
Hamah Music,20783
HammAli & Navai,1009
Hamo Bika,116624
Hamza,62631457
Hamzo 500,419298
Han Byul,87316
Han Suji,53029
Hana Laszlo,7082
Hanan Ben Ari,8261844
Hande Yener,14546019
Hande Ünsal,21293095
Handsome and Gretyl,3606
Haneri,249901
Hani,96890
Hanin Dhiya,46431724
Hank Solo,961465
Hanna Ferm,5010479
Hanna-Liina Vosa,1183
Hannah Kerr,4901180
Hannah Mae,909842
Hanne Krogh,2238276
Hanne Mjøen,526386
Hanne Sørvaag,36097
Hans Philip,6794506
Hans Rotmo,17402
Hans Zimmer,69669
Hansie,501744
Hanson,503863
Hanujay,25302
Hanybal,1491005
Hanz 郭文翰,8333
Happoradio,1421866
Happy Asmara,816934
Happy Merry,92538
Happy Raikoti,124434
Happy9282,25131
Haqiem Rusli,6198905
Haraca Kiko,74903
Hardjack,202389
Hardwell,591424
Hardy Caprio,8242833
Hari Won,86028
Hariharan,22028
Haring 68,120369
Harj Savage,120250
Harlej,3530
Harlem Yu,617596
Harmonia Do Samba,477582
Harold 68,187356
Harold 69,212428
Harrdy Sandhu,12140065
Harris & Ford,27881
Harris Baba,206439
Harris Breyfogle,3947
Harry,1228661
Harry Din Rodriguez,11640
Harry Nach,57224147
Harry Styles,-1852145924
Haruka Kinoshita,233538
Harvey Miller Band,101333
Hasan,1304870
Hashimotoeriko Hatanohirofumi,3016
Hasibe,7200985
Hassan Alattar,233944
Hassan Maikal,9617
Hassan Shakosh,24475
Hasse Andersson,195769
Hasti B,755620
Hatari,1179450
Hatik,30578087
Hatikva 6,10413
Hatim Ammor,1554424
HauYun Lo,2646
Hausmylly,68117
Hava,5673656
Hayce Lemsi,3369616
Hayki,3560731
Hayko Cepkin,48930
Hayley Kiyoko,4393117
Hayley Williams,1663597
Hazama,13792
Haze,227095
Hazers,287031
He Men Crown,2902
Headie One,39933895
HeartQuakes,2351
Hearts & Colors,36850435
Heavy-K,2689
Hebe Tien,14985488
Hecht,2327290
Hector,73369
Hector Gonz,2451
Hector Pavez,152426
Hedley,626855
Hedvig,33932
Hef,12923906
Heijan,374900
Heikki Kuula,100826
Heimilistónar,47727
Heja,370252
Hekla Stålstrenga,273311
Helen,6396
Helena Paparizou,45135
Helena Vondráčková,3833
Helene Bøksle,58358
Helene Fischer,1973694
Helga Möller,139869
Helgi,1409
Helgi Björnsson,863317
Hellbillies,8432544
Hello Nico,4207
Hemlig Elsker,40702
Hemso,4144614
Henkie T,7170587
Henri PFR,2326618
Henriguez,159338
Henrik Berggren,143430
Henrik Blomme,127455
Henrik Janson,7966
Henrique & Diego,151808095
Henrique & Juliano,698976318
Henrix Borg,280771
HenryNorrell,145967
Herbert Grönemeyer,234594
Herbert Munkhammar,107634
Herman Flesvig,24276462
Hermes House Band,435642
Hernan y La Champion's Liga,1555
Heroes Del Silencio,1150928
Herra Hnetusmjör,5954727
Herra Ylppö & EX,7543
Herrat,2742762
Herreys,68026
Hers,1994
Hertbeer,15485
Herve Pagez,3439155
HesaÄijä,4619357
Het Sinterklaas Meezingboek,31489
Heuss L'enfoiré,98736058
Hex,10291
Hey Violet,2354
Hey! Douglas,63146
Hez Hazmi,435395
Hi-STANDARD,37736
Hiatus Kaiyote,19355
Hideaki Tokunaga,1673811
Hidra,13798449
Hien Ho,7838
Hien Thuc,6609
Hienpuicakiiis,7912
High15,681607
Highasakite,5689271
Higher Brothers,8761
Highlight,33728
Highsnob,1599553
Hikari Mitsushima,6371
Hikaru Utada,16916072
Hilary Roberts,1132
Hildur,46074
Hildur Guðnadóttir,9716
HillopGonzales,43404
Hillsong UNITED,610644
Hillsong Worship,13255
Hilltop Hoods,26862652
Hinap,3369
Hinatazaka46,477601
Hind Ziadi,27238
Hindia,79816751
Hins Cheung,21753624
Hiphop Tamizha,396952
Hippie Sabotage,5170725
Hipsumhaps,413824
Hiro,166343
Hiroomi Tosaka,877486
Hiroya Ozaki,20539
Hitimpulse,883984
Hitsujibungaku,9574
Hivi!,53979328
Hjalmer,5356038
Hjaltalín,2594
Hjálmar,862033
Hkeem,3487409
Hljómar,102626
Hljómsveit Ingimars Eydal,1051
Hmdan Elbloshi,7275
Hnos Yaipen,14260
Hoa Vinh,1129
Hoang Dung,288261
Hoang Muoi,2396
Hoang Thuy Linh,14432226
Holden,29351389
Holland,3603
Holly Hood,5861997
Holly Rey,4589
Holly Valance,52619
Hollywood Undead,4955
Hombres G,93711027
Homer El Mero Mero,38018
Hones-T,9992
Honey Jemlan,3694492
HoneyBeast,48524
Hong Nhung,12130
Hoobastank,1984439
Hoodoo Gurus,48854
Hook N Sling,3086
Hooligan Hefs,17047301
Hooss,1291672
Hooverphonic,125930
Horkýže Slíže,264311
Hornet La Frappe,95106595
Horroriental,1090
Horváth Tamás,1276202
Hoshi,6294163
Hospitāļu iela,8082
Hot Shade,44320
Hotdog,28942
Hotelli Vantaa,610824
Houdini,34637
House Of Pain,67224
Hov1,198982864
Hoved,7815
Howie Day,7769389
Hozier,72271314
Hoà Minzy,8144
Hoài Lâm,20019
Hoàng Yến Chibi,86538
Hp Boyz,16268945
Hr. Troels,276752
Hrithik Roshan,107564
Hsiao Hung-Jen,206670
Hu Xia,4880148
Huang Yali,212223
Hubert Wu,1584257
Hudson Mohawke,5598
Huginn,3992135
Hugo & Guilherme,25542316
Hugo & Tiago,3904364
Hugo Cobo,188409
Hugo Helmig,6085168
Hugo Lagos,1265370
Hugo Matta,83556
Hugo Nogam,525119
Hugo Toxxx,54466
Hui Yeong Nao,1194
Hujan,6454
Humberto & Ronaldo,5297855
Hungria Hip Hop,68002405
Hunters & Collectors,238067
Huong Tram,585382
Hurja,48777
Hurshel,3052
Hurts,1163737
Husam Al Rassam,2025015
Hussa,50180
Hussain Aljassmi,377728
Huu Khuong,4129
HuyR,506593
Hwa Sa,1412488
Hyolyn,33087
Hyper Act,1174536
Hypnosis Mic -D.R.B.- (Fling Posse),24139
Hyson Green,3852
HyunA,26341
HÄWK,8068
Hálft í hvoru,2039
Háski,5568
Håkan Hellström,16164588
Höhner,572404
Hồ Ngọc Hà,238831
Hồ Quang Hiếu,39444
Hồ Quỳnh Hương,30841
I Belong to the Zoo,140451401
I Cani,92668
I Don't Like Mondays.,15579
I WiSH,111790
I$WAAL,3798523
I.M.T. Smile,97388
I.O.I,56801
IBE,1575924
IBO,116930
ICE,3035496
ICEHOUSE,134983
ICEKIID,10338588
ICEMAIDEN,3310
ICO,2068476
IDF Bands,2057
IGO,26486
ILARI,615656
ILIRA,126317
ILLENIUM,16048200
ILOVEMAKONNEN,16424
ILUX,3342779
INAP,67825
INGER,9336
INNA,3501059
INXS,351875
IPIS蟑螂,10987
IRONBOY,156189
ISAAC MCGOWAN,17772
ISSAM,97692
ISÁK,12944
ITALIAN ALLSTARS 4 LIFE,1726341
ITZY,82012059
IU,57931174
IV Of Spades,93321383
IYKZ,10379
IZ*ONE,27534310
IZA,173432076
IZAL,4394025
Iacho,343608
Iam,109486
IamNeeta,3692704
Ian,4872602
Ian Rees,2675
Ib-Kay,16948
Ibraheem Alsultan,2410
Iccyy,24538
Ice Sarunyu,126393
Iceland Symphony Orchestra,7881
Icona Pop,565445
Icy Sabbath,7256
Ida Redig,611615
Ida Una,42441
Idahams,55127
Idaly,3385901
Idan Amedi,7334556
Idan Rafael Haviv,595893
Idan Raichel,6854441
Idan Yaniv,1116
Idde Schultz,33376
Ideaali & Jay Who?,938162
Ideal Sisters,29057
Idem Colony,6862
Idina Menzel,18182155
Idir,1009
Idris Sardi,6167
Ieva Zasimauskaitė,248528
Iggy,107374
Iggy Azalea,1018633
Iggy Pop,126620
Ihab Amir,62846
Iisa,471677
Ikimonogakari,153958
Il Pagante,14748139
Il Tre,21368637
Il Volo,2390950
Ilanit,2791
Ilgi,26748
Ilias Kampakakis,2335
Iliass,415094
IliassOpDeBeat,16213393
Ilir7,2084386
Illapu,484898
Illslick,7042662
Illusions of Grandeur,6917
Illy,15126138
Ilse DeLange,2400059
Ilta,4080855
Ily,105564
Image Suthita,1041517
Images,25969
Imagine Dragons,-243704208
Imago,5580798
Imants Kalniņš,5894
Imany,7219451
Imen Es,3801636
Imenella,2802574
Immer Hansi,52078
Imogen Heap,4645
Imran Khan,7244147
In Flames,549765
Ina,304591
Ina Wroldsen,30505322
Inas X,1967
Incognito1984,3176
Incubus,19487
Inder Chahal,1286022
India Martinez,599796
Indifferent2527,27477
Indigo,17799608
Indigo la End,1064879
Indio Solari y los Fundamentalistas del Aire Acondicionado,621123
Indochine,268493
Indrek Ventmann,1085
Ines,2321
Inez,6633086
Ingebjørg Bratland,935449
Ingi Bauer,42235
Ingo ohne Flamingo,5529557
Ingus Petersons,5810
Ingus Ulmanis,9171
Ingó Veðurguð,434255
Inigo Pascual,7617162
Ink Waruntorn,17072646
Inkonnu,444618
Innertier,168273
Inoxtag,603629
Insomniacks,10653772
Inspector,41017591
Inspector Spacetime,1231
Instinct,728521
Instinto 26,739368
Instrumenti,174177
Intelligency,470414
Intiaanikesä,349958
Intocable,9570222
Intoxicados,26671423
Ippo Hafiz,595950
Ir Sais,4272098
Irama,189285066
Irem,155107
Irene Grandi,1065228
Irfan Haris,842042
Irina,3010882
Irina Barros,20183
Irina Rimes,241654
Irish Women In Harmony,84098
Irmak Arıcı,6983740
Irokaï,7499
Iron & Wine,6857
Iron Maiden,26009
Isaac,116962
Isaac Hayes,46669
Isaac Kasule,4176347
Isaac Yong,33112
Isabel Pantoja,26121
Isac Elliot,2397338
Isah,3230997
Isaiah Firebrace,72481194
Isaias Saad,190304
Isak Danielson,393917
Isam B,10349
Isaura,2853
Ishay Ribo,13118894
IsisWampler68,3157
Isma Sane,2015358
Ismael Rivera,2746
Ismail Izzani,3354364
Ismail Mubarak,1819
Ismerős Arcok,19457
Ismo,2234847
Ismo Alanko,15710
Ismo Z17,4333
Israel & Rodolffo,60541520
Israel B,632398
Israel Novaes,488687
Istanbul Trip,5242722
Isyana Sarasvati,2445365
Italian Somali,979779
ItaloBrothers,42878259
Itay Levi,10371495
Itzo Hazarta,1090479
Iva,2543
Ivan Arcuschin,2605
Ivan Greko,51704
Ivan Roux,2155
Ivana Santacruz,770978
Ivana Wong,159365
Iveta Bartošová,73841
Ivete Sangalo,710769
Ivo Fomins,1639
Ivo Zeekar,7578
Ivri Lider,1463682
Ivy Benson And Her Girls' Band,57826
Ivy Queen,71852
Iyaz,1680684
Iyeoka,95022
Izi,120096144
Izpilda koris,2097
Izzy Bizu,996710
J Alvarez,2294164
J Balvin,1986532385
J Boog,590504
J Hus,93456279
J Pablo,254889
J Panther,1263
J Ran,6052
J SOUL BROTHERS III,8008873
J Spoolz,2436
J Vinyl,1688
J&J,77298
J'adora,1487
J'tanae,2690
J-AX,83060424
J. Brown,3145
J. Cole,1908291836
J. Karjalainen,589011
J. Karjalainen & Mustat Lasit,6991
J.A.R.,3715
J.Arie,2257
J.I the Prince of N.Y,2066461
J.Mafia,3968
J.R.Clark,5422
J.Sheon,5366866
JA The Mousses,46623
JAAIIL,188392
JACKBOYS,6826499
JADE EYES,6124
JAMIE WEBSTER,139275
JAOKHUN,250783
JAY'ED,8198
JAY-Z,3157
JAY1,47457108
JAZN,11607345
JBJ,3048
JC the Don,21260
JC 陳詠桐,23726505
JCY,2105107
JENNIE,151905401
JEPPANNA,20794
JES,143954
JETSET'ER,145740
JFC,4357
JID,3713180
JIGGO,593920
JJ Lin,87556668
JJJ,23369
JKT48,75011
JLC,5027077
JLM,115601
JLS,138252
JM De Guzman,14794367
JNP,3398
JO1,63289
JONY,326551
JOONIL JUNG,221924
JORI SJÖROOS,41213
JOSIMAR Y SU YAMBU,22703
JOWST,2030365
JOYCA,352797
JP Cooper,127031113
JP Leppäluoto,109102
JP Saxe,427801677
JP THE WAVY,6440
JRL,552155
JS,10741
JUDE,667729
JUDY AND MARY,2451222
JUJU,2258408
JUNG,4665720
JUNIOR CALLY,19775773
JURI,966931
JUUN D,268497
JVG,83448661
JW,2579686
JXO,461321
JY,2097
Jaagup Tuisk,37290
Jacek Stachursky,56262
Jacin Trill,8197173
Jack,20880343
Jack & Jack,72348
Jack Harlow,370791568
Jack Johnson,249007
Jack Savoretti,45804
Jack Stauber,29466293
Jack White,3130
Jack and the Weatherman,1593386
Jackie Wilson,138082
JackmanLyons,25865
Jackson Taps,1086
Jackson Wang,62219
Jacky Cheung,152524
Jacob Banks,2071
Jacob Forever,9426626
Jacquees,301639
Jacqueline Govaert,193442
Jada,2173177
Jaden,4257763
Jaden Bojsen,101279
Jador,1915
Jae Mansa,16199
Jae Millz,45176
Jafar Al Ghazal,42084
Jaguares,2936199
Jahn Teigen,1078001
Jahyanai,1231393
Jahyanai King,850443
Jaime Roos,16208
Jaimee Paul,48183
Jain,28393348
Jairzinho,12534926
Jake Bugg,2871
Jake Isaac,32417
Jake La Furia,11050186
Jake Owen,1095910
Jake Troth,65818
Jake Zyrus,276320
JakeAnderson,8401
Jakie Selected,27677
Jakob Birgis,1657
Jakob Karlberg,1706031
Jakub Smolik,1268
Jala Brat,92996
Jalayan,45457
Jalil,500705
Jalil Hamid,6209
Jam Hsiao,9970063
Jamaika,17183461
Jamal Abdillah,13045
Jambao,201424
James Arthur,1603783102
James Barker Band,29603
James Bay,48626802
James Blake,1219442
James Blunt,2869432
James Brown,35258
James Earl Jones,8570
James Hersey,3940981
James Hype,4769894
James Morrison,229470
James Reid,913102
James TW,47300361
James Taylor,19042
James Vincent McMorrow,5317
James Yang,12245
JamesPonder,98205
Jamie Cullum,1605639
Jamie Lawson,2571133
Jamie T,66336
Jamie Talbot,8067
Jamie xx,57398
Jamil,3072156
Jamiroquai,620482
Jamiryo,22492
Jamule,68505171
Jan Johansen,38784
Jan Malmsjö,1502522
Jan Smit,90047
Jan Thomas,68308
Jane Bordeaux,1226406
Jane Dupree,42159
Jane Huang,2533
Jane XØ,1174305
Janek Ledecky,232234
Janelle Monáe,2836332
Janet Jackson,49427
Janet Minamanaxx,9782
JanetWhitney,2032
Jani John,1058
Jani Wickholm,11302
Janice,739105
Janice Lott,16995
Janice Vidal,6929910
Janice Yan,2959914
JanieReaves,25005
Janieck,9354546
Janine Teñoso,45263063
Janji,28773
Janna,1926236
Janne Ordén,2761707
Janne Schra,46439
Jannika B,2313341
Jaonaay,6287146
Japanese,1281760
Japiaguar,126857
Jarabe De Palo,83340923
Jarami,23255
Jared Moreno,15060
Jarkko Ahola,88985
Jaromir Nohavica,6311
Jarryd James,19930
Jasko,106384
Jasmin Gabay,10605
Jasmine Kara,1105890
Jasmine Sokko,3192322
Jasmine Thompson,186340
Jason Aldean,56794062
Jason Chan,8899883
Jason Derulo,352091609
Jason Henshaw,1326
Jason Isbell and the 400 Unit,1360
Jason Mraz,366878950
Jason William,56823
Jasper Steverlinck,216088
Jass Manak,7679176
Jassem Mohammed,25052
Jassie Gill,264615
Jauns Mēness,22874
Jauns mēsess,1679
Javed Ali,38987
Javiielo,28689733
Javy Ramírez,2592940
Jawsh 685,1247421
Jax Jones,121771278
Jaxstyle,69900
Jay Chou,58230861
Jay Electronica,791210
Jay Phitiwat,79123
Jay Rock,253504246
Jay Rose,2939
Jay Samuelz,1291459
Jay Sean,784438
Jay Watts,27263
JayBe,3798
JayKii,12116
Jayac,4329
Jayboogz,962234
Jayboogz x NAVI,143300
Jaycob Duque,1261
Jayh,13431595
Jaylann,115181
Jaymes Young,1849842
Jaz,67014444
Jaze,81975
Jazz Cartier,215804
Jazz Spooknickpapiyongkookkook,29258
Jazzu,60915
Jazzy Bazz,192135
Jban$2Turnt,29575
Jd Pantoja,2592037
JeanAman,4091
Jeangu Macrooy,1505032
Jeano,306313
Jebroer,582688
Jeff Bernat,4993448
Jeff Chang,59894
Jeff Kush,9737
Jefferson Moraes,26183863
JeffreyLewis,63455
Jelassi,50510
Jelen,275091
Jemaine Clement,27637
Jemme,635584
Jen Fokal,1084
Jenn Morel,355845
Jenna Alexa,128999
Jenni Rivera,464290
Jenni Vartiainen,11610969
Jennifer Denali,5020
Jennifer Lopez,53539261
Jennifer Lurgh,7573
JenniferMach,1907
Jenny May,3791
Jeno Liu,1940
Jens Book-Jenssen,216377
Jeppe Loftager,1743175
Jer 柳應廷,12491
Jeremiah Jams Band,4128
Jeremie,96758
Jeremih,3174202
Jeremy Loops,17057
Jeremy Zucker,279476810
Jeric,46737
Jericho Rosales,5175617
Jeroen Van Der Boom,77789
Jerome,41817642
Jerry Di,482878
Jerry Rivera,52690
Jerry Smith,81426531
Jerry Williams,250990
JerryMartinez,4065
Jesper Jenset,4968976
Jesper Lindell,34775
Jesper Livid,423126
Jess Glynne,296239133
Jess Lee,820787
Jesse & Joy,34262766
Jesse Baez,16438
Jesse Kaikuranta,32903
Jesse Markin,5570
Jesse McCartney,17137998
Jessi,17486
Jessi Uribe,14463854
Jessica,2746
Jessica Andersson,1481106
Jessica Mauboy,9257995
Jessica Shy,72814
Jessica Simpson,275467
Jessie J,8283777
Jessie Reyez,1102434
Jessie Ware,431283
Jesto,640784
Jesu Bankerz,99224
Jesu Brødre,1438218
Jesús Adrián Romero,70290
Jesús Sosa,1022
Jet,203323
Jey,555898
Jhay Cortez,26238895
Jhené Aiko,61821709
Jhon Alex Castaño,44399
Jhonny Ventura,4735
Jhorrmountain,121350
Jia Jia,5270955
Jianqing Li,14295
Jigar Saraiya,135665
Jiggz,2720006
Jigzaw,419756
Jikustik,10504753
Jill Johnson,2609055
Jill Vidal,236610
JillReece,46761
Jim Croce,73327
Jim van der Zee,65711
Jimi Pääkallo,140944
Jimilian,11613190
Jimmy Assimi,1087
Jimmy Barnes,285952
Jimmy Eat World,165909
Jimmy Lin,11892
Jin Akanishi,15512
Jin Wenqi,4169
Jing Bo Ran,4866
Jing Wen Tseng,34716
Jinikarta,2390
Jinny Ng,360954
Jippu,12583
Jireel,21669539
Jiri11,816397
Jiří Suchý,27526
Jluch,78224
Jo Black,1280
JoJo,130548
Joakim Lundell,2835508
Joakim Molitor,39255
Joan Garrido,70044
Joan Jett & The Blackhearts,14896
Joan Sebastian,5518767
Joanna Dong,6508
Joanna Wang,129846
Joaquín Sabina,1841327
Jocelyn Alice,1317085
Jochy Santos,2000
Jochyy Santos,1350
Jocie Guo,323521
Joe Arroyo,233211
Joe Buck,4041337
Joe Dassin,29514
Joe Exotic,29878
Joe Kala,1340
Joe Loss & His Orchestra,66193
Joe Loss And His Band,57509
Joe Prulo,1086
Joe The Smokeman,7685
Joe Vasconcellos,205977
Joel Adams,6908939
Joel Alme,27727
Joel Corry,92404497
Joel Ighe,57966
Joey Bada$$,15683996
Joey Christ,1140004
Joey Moe,4187082
Joey Montana,3338063
Joey Yung,9930208
JoeyAK,4555156
Johanna Kurkela,248095
Johanne Holmedahl,130709
Johannes,9276
Johannes Oerding,52272
John C,8125925
John Carpenter,700426
John Daniels Band,23014
John De Bever,25479
John De Sohn,4459370
John Denver,618121
John Farnham,208927
John Gibbons,4387817
John Legend,407625690
John Lundvik,26250076
John Mayer,194894666
John McCormack,73525
John Mellencamp,223103
John Mogensen,37027
John Newman,73071
John Patiño,9767
John Prine,1003978
John Roa,30582857
John Splithoff,3466
John Williams,5058
Johnny 500,25535
Johnny Breeze,17744
Johnny Cash,1721786
Johnny Clegg,6232
Johnny Diesel & The Injectors,45356
Johnny Hallyday,2291245
Johnny Mathis,4038444
Johnny Roxx,6909
Johnny Ventura,8700
Johnny Ventura y su Combo,3710
JohnnyBug Chen,3872
Johnossi,38554
Johny Machette,159658
Joi Chua,108152
Join The Club,21992660
Joji,529162222
Jojo Maronttinni,3808718
Jok'air,27319002
Joker,3137607
Joker Bra,12643384
Joker Bratan,558094
Joker Xue,21983823
Joker y Mago,2698
Jolin Tsai,27362440
Jon,3402
Jon Bellion,165887206
Jon Bon Jovi,16291
Jon Henrik Fjällgren,8364420
Jon Lajoie,12756
Jon Lemmon,5085
Jon Pardi,18812468
Jon Z,7374456
Jon-Jon,33980
Jona,3856687
Jona Camacho,169103
Jona Lewie,12626530
Jonas Benyoub,80861
Jonas Blue,142330012
Jonas Brothers,2127896187
Jonas Esticado,40057419
Jonas Gardell,52433
Jonas Monar,32852
Jonathan Groff,3820513
Jonathan Johansson,145150
Jonathan Lee,133401
Jonathan Roy,201158
Jones,22590
Joni Mitchell,441904
Jonna Fraser,7392443
Jonna Tervomaa,12943
Jonne Aaron,172127
Jontte Valosaari,238540
Joost,327488
Jordan,89260
Jordan Chan,2012538
Jordan Davis,22135338
Jordan Rakei,2951
Jordan Smith,1866448
Jordin Sparks,101637
Jorge & Mateus,709588860
Jorge Aragão,343785
Jorge Drexler,6602
Jorge Velca,4879
Jorge Villamizar,3800
Jorge Yanez,104136
Jorja Smith,94556678
Jorspeis,5422
Jory Boy,2135797
Josbros,28166
Jose Luis Reyes,3336
Jose Manuel,78546
Jose Mari Chan,1266587
Jose Muñoz,10659
Josef Bamba,1250770
Josef Og Elias,10205350
Joseph Attieh,9325
Joseph Murray,34149
Joseph Rose,17977
Joseph Vincent,23828132
Josephine,1253822
Josh Gad,1322031
Josh Groban,15166
Josh Jips,426946
Josh Stanley,26452
Josh Turner,5754455
Josh és Jutta,6628
Josh.,13700425
Joshi Mizu,949715
Joshua Dietrich,725073
Joshua Hyslop,404774
Josie O'Connor,5924
Josimar y Su Yambú,3588412
Josman,22271831
Joss Favela,5980888
Joss Stone,29801
Josylvio,87973175
José Afonso,4239
José Alfredo Jimenez,122200
José Feliciano,162284910
José González,57186
José James,3070
José José,35545384
José Luis Perales,7311
José Malhoa,4938
José Mário Branco,10459
Jota Quest,62142
Joulupukki,44560
Journey,161737034
Jovanotti,11405947
Jovem Dionisio,2230780
Joy Williams,1113
Joyce Cheng,320637
Joyner Lucas,15847782
Jozels,6920
Jozo,49738
João Bosco & Vinicius,6862123
João Brasil,189541
João Gilberto,147994
João Gustavo e Murilo,16551305
João Neto & Frederico,1727819
João Sousa,115905
Joé Dwèt Filé,435013
Jt el Utility,94634
Juan Antonio,68474
Juan Gabriel,1392478
Juan Luis Guerra 4.40,846094
Juan Magán,9214980
Juan Oliva,1287
Juanafé,28217
Juandisemo,10526
Juanes,49992596
Juanfran,26712299
Juanka,2749134
Juanpis Gonzalez,42441
Jubin Nautiyal,12091084
Jubël,27146460
Judika,33609794
Judy Garland,22857671
Jugglerz,1846512
JuggrxDee,4457
Juha Tapio,1623419
Juhn,643464
Juice,1516831
Juice Leskinen Slam,24892
Juice WRLD,1625359467
Juicy J,1483626
Juicy Luicy,55220153
Juju,210246617
Juke,41185
Jukka Kuoppamäki,17102
Jukka Poika,979113
Jul,224903670
Julia Bergwall,23819
Julia Duclos,154127
Julia Medina,901930
Julia Michaels,535284980
Julia Peng,836138
Julia Rautio,253986
Julia Wieniawa,2942030
Julia Wu,3617323
JuliaGonzales,8421
Juliander,31648
Julie,32591
Julie & Nina,10911
Julie Andrews,9738
Julie Anne San Jose,27897995
Julie Bergan,20616631
JulieHarder67,3258
Julien Doré,74087
Juliette Armanet,39345
Julinho Ksd,20296501
Julio Melgar,261080
Julián Serrano,1384436
Julión Álvarez y su Norteño Banda,6182750
Juluka,17994
Julz,7733
Jumis,11833
Jumprava,15874
Jun Jin,3536
Jun Phạm,81416
Junainah,767861
Jung,2193603
Junge Junge,244793
Jungle,59544
Junichi Inagaki,42105
Junior Brielle,69222
Junior Bvndo,53189
Junior H,16476664
Junior Senior,46218
Junkie XL,8032
Juno,12190211
Juno Mak,5778949
Jurijus,40282
Juris,12120384
Jus2,28092
Jussi Björling,36340
Just D,4917727
Just Hush,6544261
Just Jack,307117
JustVidman,42743
JustaTee,552589
Justice,95623
Justin Bieber,-2100351854
Justin Hurwitz,7024981
Justin Jamada,1063
Justin Jesso,241651
Justin Lo,4741708
Justin Quiles,148195056
Justin Timberlake,380696805
Justin Vasquez,788548
Justinas Jarutis,95374
Juttarrrrogers,27688
Juulia,195106
Juur,644950
Juvy,11440
Jvst Fly,1477441
Jyin Poh,37775
Jão,30089298
Jérémy Frerot,3480714
Jón Jónsson,637776
Jósean Log,13979338
Júnior e Cézar,4462656
Jüri Pootsmann,1309
Jātnieki,8891
K Beezy,22301
K CAMP,16773005
K Chrys,2941
K E M A L,122086
K ONE,12221
K Rider,2941
K'NAAN,220762
K-Clique,5982116
K-ICM,12063
K-Trap,795845
K. Ronaldo,5748
K.O,4766
K27,24054906
K3,2714
KA,4015680
KADR,2601737
KAJ,6547
KALEO,22909746
KALIM,7103703
KAMI WA SAIKORO WO FURANAI,1562485
KANA-BOON,175219
KANG DANIEL,610953
KARAŚ/ROGUCKI,18737
KARD,1324821
KAROL G,339732004
KASIMIR1441,6865188
KAYEF,17178066
KAYTRANADA,68097
KAZKA,105840
KC Beck,2891
KC Rebell,78349685
KC..,2095
KD,1589568
KDA,257350
KDDO,5248
KDZ,510641
KEBABIBOIS,4468
KEIJU,13915
KEMURI,6671
KESI,67951974
KEiiNO,18695346
KH,1916
KHANS,116673
KHEA,78954459
KIAN,35155245
KICK THE CAN CREW,314850
KID FRESINO,5828
KID VICIOUS,1113880
KIDD,755477
KIDS SEE GHOSTS,98669317
KIKESA,534451
KIKI 76,91104
KILLY,4829161
KIM JAE HWAN,353980
KIMSEJEONG,115641
KING,32132
KIRA,109497
KIRINJI,11589
KK,40553
KLEAR,596013
KLEAR X YAYA,249425
KLOUD,11759
KLYMVX,5632
KM,489869
KNALLER,631637
KOB FLAT BOY,97543
KOBUKURO,3235137
KOHH,1399
KOJO,287803
KOLIDESCOPES,16348
KOMAR,11335
KOPS,27123
KREAM,13817987
KREVA,9885
KRL,2630
KS,56955
KSHMR,812220
KSI,64416311
KSUKE,13336
KT Tunstall,191820
KUILL,4955
KUMMER,17015325
KUN,108797
KURT,81199413
KUUMAA,797309
KUWATA BAND,43700
KVR,120005
KYLE,574057072
KZ Tandingan,29167733
Kaam Bhaari,222914
Kaan Boşnak,22441866
Kaan Tangöze,700328
Kaaris,69029927
Kaash Paige,1941487
Kabah,61675
Kabe,955419
Kabát,1782639
Kacey Musgraves,4893688
Kacper Blonsky,1601458
Kadebostany,391128
Kader Japonais,78773
Kadiatou,3520738
Kaela Kimura,4971
Kahitna,16596168
Kaho Hung,148887
Kahraman Deniz,60781816
Kai Hyttinen,11241
Kaija Koo,11452637
Kaio Kane,1031
Kaiser Chiefs,200876
Kajander,13626
Kake Randelin,12942
Kalash,381900
Kalash Criminel,9902789
Kalazh44,4133250
Kalben,3485766
Kale “La Evolución”,25420
Kaleth Morales,39914
Kalevauva.fi,19749
Kali,1107637
Kaliffa,15824612
Kalli,234139
Kalvijn,2860064
Kamaliya,345141
Kamaniu Silelis,2292
Kamelen,4709638
Kamferdrops,8290367
Kamikazee,11563760
Kamil Bednarek,761934
Kamufle,195984
Kan Sano,17223
Kandráčovci,21066
Kane Brown,123814345
Kano,573727
Kanon,95116
Kantos,3384
Kany Garcia,512262
Kanye West,1471418946
Kapasiteettiyksikkö,476128
Kapitán Demo,3058915
Kapitány Máté,2562
Kappa Jotta,61702
Kaptan,13462
Kapteinen,25663
Kapten Röd,608968
Kapuchino,60215
Karan Aujla,2183906
Karan Randhawa,185850
Karate Andi,703751
Kareem Kalokoh,36850
Karel Gott,1359531
Karel Zich,15411
Karen Damen,192553
Karen Gardelli,377040
Karen Harding,46030
Karen Mok,16605064
Karen Zoid,1609
Karencici,137498
Karencitta,1062972
Karetus,16852
Kari Tapio,42607
Karibe con K,20720
Karina Christy,53201
Karizman,13836
Karl William,274905
Karl-Erik Taukar,255059
Karla & Liva,162551
Karla Sofie,9736
Karlo,144538
Karol Duchoň,25234
Karpe,27194585
Karri Koira,82827
Karsu,13510572
Karthik Rao,7202
Kartky,12470000
Kary Ng,196612
Karya Çandar,334915
Kasabian,475828
Kasalla,1657830
Kasia Kowalska,141479
Kasia Lins,31111
Kasmir,8657339
Kaspars Dimiters,10275
Kasza Tibi,7941
Katarzyna Cerekwicka,401324
Katarína Koščová,6574
Katastrofe,9636875
Katchafire,298463
Kate Bush,45729
Kate Linn,24247
Kate Miller-Heidke,419450
Kate Nash,215098
Kate Ryan,84906
Kate Winslet,1207736
Katerine Duska,217804
Katherine Ho,393979
Katie Sky,15721
Katja Krasavice,18090634
Katla María,68599
Katncandix2,18469
Kato,464739
Katri Helena,939309
Katri Ylander,128073
Katrin Myrra,1497
Katrina & The Waves,704741
Katrix and Doron Beaton,1132
Katy B,179883
Katy Perry,650520353
Kauniit & Uhkarohkeat,7769
Kauriinmetsästäjät,68597
Kav Verhouzer,15181
Kaveret,52007
Kay One,6902010
Kay Starr,2982991
Kay Tse,9304318
Kaya Giray,5657638
Kayah,750196
Kaye Cal,20033878
KayeRowland,4220
Kayee Tam,984202
Kaz,22570
Kaza,26292681
Kaze,370177
Kazumasa Oda,8046
Kazuyoshi Saito,1831909
Kazzabe,66339
Kazzio,20127
Kchiporros,1553328
Ke Personajes,32681650
KeBlack,36286862
Keala Settle,146507
Keane,216136
Keanu Silva,258776
Keen Levy,500314
Keen' V,132663
Keeva Mak,261572
Kehlani,228892242
Keigo,4560
Keishi Tanaka,8076
Keisuke Kuwata,121050
Keith Urban,3861861
Keizer,1140697
Keişan,4344820
Keko Salata,18733453
Kekra,943853
Kelis,186972
Kell Smith,6392000
Kelly Cardenas,11905
Kelly Chen,3005
Kelly Cheng,58926
Kelly Clarkson,163537910
Kelly Pan,82159
Kelly Yu,29468453
Kelly 家蓁,11827
Kelsea Ballerini,4612170
Kelvin Kwan,101737
Kemio,13668
Kempi,57009
Ken Hirai,5052969
Ken Hung,105144
Kenan Doğulu,5383076
Kendji Girac,18229271
Kendrick Lamar,2134729923
Kenia OS,6483227
Kenji Wu,891145
Kenn Colt,50701
Kenneth Star,7595
Kenny Allstar,1325211
Kenny Chesney,6982236
Kenny Loggins,587100
Kenny Man,113644613
Kenny Rogers,4398335
Kenny Wade,5508
Kenshi Yonezu,4967839
Kensington,27912573
Kerava,103910
Kerispatih,250727
Kerli,4499
Kerli Kivilaan,46459
Kesha,74309962
Keston Cobblers Club,3835
Ketama126,20582762
Ketsumeishi,9346690
Kev Decor,7236
Kevcody,334988
Kevin,20840685
Kevin Abstract,235080
Kevin Boine,330471
Kevin Gates,6107501
Kevin Liao,35614
Kevin Lyttle,221878
Kevin Roldan,225724069
Kevin Tandu,179680
Kevin Walker,39836
Kevo DJ,3753521
Kevv,2712
Keyakizaka46,12987820
Keys N Krates,379839
Keyzs-Sean Sparsfa,39764
Kezzo,1281878
Kha,302412
Khac Viet,41616
Khai Bahar,1201558
Khairil Johari Johar,29855
Khalid,818725279
Khalifah,7730
Khalil Fong,505918
Khan Bhaini,329431
Khanh Phuong,52936
Khea,765201
Khea;Omar Varela,5815562
Khel Pangilinan,33873926
Khlaw,35259
Khodi,6508
Khoi My,11236
Khontkar,22277622
Khruangbin,402217
Khánh Linh,1289
Khánh Ly,1552
Khói,9637
Kiana Ledé,193734
Kianush,11422909
Kid Cudi,2308493
Kid Isak,21452
Kid Rock,62917
Kid1,55074
Kida,4955
Kidaki,609130
Kidd Keo,53057263
Kidda,332884
Kiian,30075
Kiiara,13172244
Kikki Danielsson,16729
Kiko el Crazy,3580393
Kill Billy Da Goat,11413
Killa Ben,7631
Killa Fonic,1582287
Killa Hakan,76723
Killakikitt,79386
Killer Kamal,5122770
Kim Carnes,48560
Kim Cesarion,30292
Kim Feel,345410
Kim Kyung Hee,200121
Kim Larsen,15505938
Kim Loaiza,5505072
Kim Petras,53123
Kimberley Chen,394389
Kimbo,25602
Kimmese,1669
Kina,300712374
Kina Grannis,5060976
Kinderen voor Kinderen,896936
Kinderliedjes,3206871
Kindler Shah,269685
King B,3140
King Badger,4132621
King Gnu,175455176
King Gunna,99107
King Khalil,21379730
King Monada,62308
King Monroe,122499
King Princess,176110261
KingNovAmen,3480
KingSkurkOne,23266
Kings,4088714
Kings of Leon,2588198
Kingsize,420233
Kinito Mendez y Johnny Ventura,6184
Kinokoteikoku,106727
Kiran Seymoury,42828
Kirka,277792
Kiro Akiyama,845847
Kiroro,33555
Kis Grófo,11326
Kispál és a Borz,28224
Kit Chan,153712
Kita Alexander,1599565
Kithara,39523
KitschKrieg,101904086
Kiyan,9176
Kiyo,10040943
Kiyoe Yoshioka,318842
Kizo,2601146
Kizuna AI,19701
Kjartan Lauritzen,932549
Kk Dwill,7416
Klaas,109116
Klaka Boys,101473
Klamydia,461842
Klara Hammarström,921248
Klasico,969912
Klaus Peter,224572
Klaxons,336032
Kleine B,68743
Klem Schen,509837
Kleo Dibah & Rafael,260679
Klingande,4471861
Klockrent!,117195
Klotz,6585
Klovner I Kamp,14854
Knack,4961
Knipi,44735
Knossi,4518248
Koala Liu,17104
Koba LaD,183378548
Kobi Cantillo,152381
Kobi Marimi,35630
Kobi Peretz,24668
Kobranocka,13514
Kodak Black,1462521835
Kodaline,13218172
Kodes,138155
Koffee,8271664
Kofs,82468
Kohmi Hirose,689570
Kojo Funds,13919900
Kokab,3031914
Kolassoid,54930
Kolera,496677
Kollegah,42445590
Kollárovci,11067
Kome Kome Club,3050352
Kommil Foo,5275
Konen på torget,99342
Konex,4888
Kong Huayrai,49902
Kongsted,897976
Konshens,408778
Konsta,16097
Konstantinos Argiros,1608947
Kontra K,271650508
Kontrafakt,6067274
Konyha,333054
Kool & The Gang,77280
Kool Savas,4720448
Koomz,251320
Kopp Johnson,596672
Koray Avcı,2042777
Koresawa,473433
Kortez,6421218
Kosso,380886
Kotak,70585
Kotiteollisuus,7847
Kouvaris The Universal Prince,3776
Kowalsky Meg A Vega,1296246
Kpoint,37945604
Kraantje Pappie,30180789
Kraftklub,818254
Kraken,68450
Kraloukit,31435
Kram,13903
Krass Klassenfahrt,52394
Kreisais Krasts,42257
Kreito,14748
Krept & Konan,9725051
Krezip,19089260
Kris Berry,289889
Kris Wu,224427
Krisko,317400
Krissy,2586527
Krist Austin,3140
Krista Siegfrids,519923
Kristen Bell,607115
Kristian Kjærlund,125861
Kristian Kristensen,7408220
Kristian Valen,11508
Kristin Husøy,546448
Kristjan Johannsson,1882
Kristusgutta,10009
Kristína,6759
Kroshwell,2865
Krozz,2867
Krusty200Traps,15357
Krystl,162511
Kryštof,801187
Krzysztof Kiljański,104253
Krzysztof Zalewski,3016426
Krúbi,4017471
KsFreakWhatElse,2926
Kstone,8043
Kuban,555973
Kube,4274629
Kubi Producent,16687810
Kuizz,257290
Kukon,192934
Kulbir Jhinjer,63589
Kult,9560
Kumi Koda,1091007
Kunal Tomar,60120
Kung Vladimir,2915610
KungChiKiTanpopo,92646
Kungs,58301136
Kuningasidea,121730
Kunto Aji,39408280
Kurdo,38189253
Kuroneko Chelsea,2571
Kurt Darren,1934
Kurt Nilsen,133326
Kuselofte,139147
Kush Kush,48803
Kutsi,51643
Kvelertak,120065
KvndySwing,4036334
Kwaaivines,837950
Kwabsmah,10449
Kwan Gor,362029
Kwesta,203822
Kwiat Jabłoni,245041
Kyary Pamyu Pamyu,317076
Kydbrown,20529
Kygo,490088243
Kyla La Grange,1767
Kyle Bent,14492
Kyle Dixon & Michael Stein,301389
Kyle Juliano,2662480
Kyle Watson,1121
Kylen,7600
Kylie Minogue,62557171
Kymppilinja,6676369
Kynda Gray,69228
Kyösti Mäkimattila,11962
KÁ-AKÁ,4196
KÖK$VL,130093
Kärneväl,35732
Kõrsikud,1009
Kölsch,2489
Küberünnak & Karmo,367367
Kārlis Kazāks,1228
KęKę,6195562
L D R U,540818
L'Algérino,24246140
L'Allemand,577556
L'Arc-en-Ciel,16336
L'Omy,5690
L.A. Edwards,5274
L.A. Salami,60165
L.A.B.,9848911
L.O.C.,1316796
L.Y.O.N,1064394
L1NA,81297
L7NNON,2479953
L7or,464709
LA YOUNG,49685
LA$$A,300027
LANCO,198508
LANY,346324693
LASERY,23586
LAUREN,477704
LAY,185674
LBSB,3936552
LCone,21281
LEA,47992697
LEHTISET,65433
LEN,273705
LEO,1628834
LEX,3932995
LFERDA,319933
LIAMOO,5167565
LIBERATO,27158805
LIGA,16986
LIL GRIPPIE,55732
LION,10943
LIZER,1006
LIZOT,3516488
LMEN PRALA,466649
LMF,74516
LMFAO,2494
LOAN,3782580
LOKE,751568
LOLO,10618503
LON3R JOHNY,4064213
LOONA,164135
LOTTE,71261
LOUTA,87353
LOVA,550197
LOVE PSYCHEDELICO,26740
LP,99402164
LU BACH,199575
LUDMILLA,104200579
LUISA,27538
LULU X,1901
LUNA KI,58529
LUURK,10691
LVNDSCAPE,2830990
La Adictiva Banda San José de Mesillas,129457828
La Arrolladora Banda El Limón De Rene Camacho,89197128
La Base,50483
La Beriso,8636819
La Bottine Souriante,97397
La Caratula,10481
La Champions Liga,2308935
La Combo Tortuga,753498
La Cumana,10987
La Cumbia,37544
La De Roberto,274533
La Divaza,1614
La Factoria,11308007
La Fouine,2775384
La Franja Oriente Perú,7397
La Gran Banda Caleña,30613
La Insuperable,53164
La Joven Guardia,151611
La K'onga,146833
La La Land Cast,11846420
La Maquina,3651
La Maravillosa Orquesta del Alcohol,42339
La Mosca Tse-Tse,1503207
La Máquina Camaleón,236993
La Noche,273393
La Nueva Luna,480758
La Ong Fong,12045
La Oreja de Van Gogh,11001763
La Otra Fe,47991
La Piedra Urbana,25746
La Poderosa Sonora Master,54085
La Quinta Estacion,37778963
La Raza Band,6444
La Renga,9709207
La Reserva,997942
La Rondallita,512842
La Roux,237234
La Sandonga,385365
La Sonora Blanquirroja,7025
La Sonora De Tommy Rey,607498
La Sonora Dinamita,356038
La Sonora Master,77377
La Synesia,2242691
La Triple Nelson,2215
La Tuerca,3123
La Unión,3873201
La Vela Puerca,18277586
LaLa Hsu,31980607
LaNuestra,55437
Labello,159588
Labrinth,8486327
Labvēlīgais Tips,55874
Labyrint,2519567
Lacrim,36788756
Lacy Jay,3479
Laddi,600268
Lady A,581675
Lady Gaga,1221475207
Lady Pank,83536
Lady Zamar,330777
Lagum,123770734
Lahti United,784938
Lake Malawi,1109480
Lalahuta,3074535
Laleh,33857284
Lali,25594120
Lamb of God,8097
Lamika Jones,1054
Lamin,188287
Lamix,7110625
Lamme Frans,226419
Lana Del Rey,178040331
Lance & Linton,2340485
Lance Butters,134391
Land,3146
Land og synir,119743
Landaboi$,14215
Landy,11876485
Landy Wen,30014
Lange Frans,57034
Langit Sore,5004781
Lao Che,25219
Lapiz Conciente,359763
Lara Liang,34708
Larry,49627217
Larry 44,3790610
Lars Vaular,2164324
Lars Winnerbäck,8479504
Larsiveli,26466
Lartiste,65772127
Laruzo,645991
Lary Over,524734
Laryssa Dias,268948
Las Bambitches,1670
Las Ketchup,16737
Las Pastillas del Abuelo,2734790
Las Pelotas,17759302
Lasse Berghagen,348773
Lasse Lindh,255652
Lasso,59432
Latifah,6378334
LauGadoi,40926
Lauana Prado,40344322
Lauda,1230
Laura Branigan,178600
Laura Leon,60412
Laura Marling,44913
Laura Närhi,436823
Laura Pausini,1695420
Laura Rizzotto,2999
Laura Tesoro,784583
Laura Voutilainen,2862056
Lauren Daigle,37348822
Lauren Jauregui,2193954
Lauri Haav,794190
Lauri Tähkä,25239558
Lauri Ylönen,763580
Lauris Reiniks,10938
Lauv,1735151618
Lauwtje,232601
Lavrentis Machairitsas,20029
Lawineboys,250087
LayLay,181072
Laylow,7099389
Lazyloxy,225580
Lazza,119319850
Laïoung,833635
Lbenj,1104120
Le Castle Vania,3280
Le Fvbelos,348338
Le Mousche,62272
Le Vibrazioni,4872643
LeAnn Rimes,315343
Lea Henxikizico,4476
Lea Michele,161955
Lea Rue,33311
Lea Sirk,43274
Leafs,1134366
Leah Capelle,4787
Leah Nobel,3096
Lean Trap,386759
Leander Kills,2738
Leandro & Romário,130672
Leanne & Naara,5267014
Led Zeppelin,263115
Ledri Vula,65903
Lee Brice,21889397
Lee Chan Sol,45811
Lee Hyun,4651
Lee So Ra,13698
LeeHi,4474
Leehom Wang,1002337
Leekthough,8576
Leeland,123901
Leevi and the leavings,274858
Lefa,54979696
Left Boy,398600
Legarda,988770
Legião Urbana,8483794
Lehakat Chinuch Meyuchad,2549
Lehakat HaNachal,5363
Lehakat Heyl Hayam,5375
Lehakat Pikud Merkaz,2801
Lehakat Sfataim,22699
Leikeli47,6747
Leiva,76684960
Lele,531153
Lele Blade,13609703
Lele Pons,131004562
Lelo,1555785
LemON,66313
Lemaitre,107506
LemonChanh,6406
Lena,36943858
Lena Philipsson,175247
Lena Zevgara,114643
Lenin Ramírez,691441
Lenna,88546
Lennis Rodriguez,725743
Lennon Stella,9565941
Lenny,477124
Lenny Kravitz,74474
Lenny Tavárez,244841
Leo Aberer,31646
Leo Gassmann,5376456
Leo Ieiri,18455359
Leo Ku,6204174
Leo Luthando,42137
Leo Mattioli,236904
Leo Pakarinen,106390
Leo Santana,883194
Leon Bridges,1830312
Leon Lai,26996
Leon Schuster,14187
Leona Lewis,63023417
Leonard Cohen,144842
Leonardo,2908514
Leonel García,64211
Leoni Jut,421416
Leoniden,32399
Leonora,806783
Leontine,45813
Leo王,448032
Leprom,124346
Les Frangines,6944032
Les Gordon,23270
Les Gordons,182079
Leslie Cheung,1066015
Leslie Clio,1742
Leslie Shaw,408969
Leticia Tridico,135183
Leto,47406133
Letto,21339172
Levante,12450924
Levende Lys,15263
Levent Yüksel,305312
Levi Mitchell,7710
Levi-Äijä,16782
Lewis Capaldi,-581618889
Lewis Del Mar,22338
Lexa,105990427
Lexie Liu,97259
Lexz Pryde,50744
Leyenda Barrial Boy'z,13151
Leyton Lake,244098
León Larregui,134171093
Lhast,3229488
Li Yugang,4681415
LiL CaKe,412303
LiLRos,39930
LiSA,19711016
Lia Kloud,10157
Liam Gallagher,5063478
Liam Payne,168771883
Liamsi,6795
Liang Zi,2085
Lianne La Havas,931269
Libe,1179
Liberty X,105245
Lick-G,2280
Liene somase,2142
Liepājas brāļi,3862
Life of Dillon,1912929
Lifehouse,23964871
Ligabue,4482574
Light,10988601
Lights,169195
Liis Lemsalu,192741
Lijpe,38705663
Lijpe x Ismo,2208895
Lika-Aki,77443
Likanen Etelä,181313
Like Mike,1657257
Likee,1143
Likybo,4612472
Lil Adrei,4064397
Lil Baby,1898112551
Lil Barty,195974
Lil Bege,36924
Lil Dicky,615065633
Lil Durk,5709809
Lil Eddie,1503627
Lil G. & Nemazalány,91299
Lil Gemi,359244
Lil Halima,101310
Lil Karlix,5324
Lil Keed,5901
Lil Kleine,94554249
Lil Lano,17255542
Lil Larceni,16413
Lil Monet,668889
Lil Mosey,1260073962
Lil Nas X,-1591093732
Lil Navii,8850
Lil Peep,76751900
Lil Pino,1612758
Lil Pump,322838059
Lil Silvio & El Vega,4702275
Lil Skies,693293788
Lil Tayø,1022
Lil Tecca,1634260577
Lil Tjay,252219108
Lil Trizzyverse,16065
Lil Uzi Vert,-1449376780
Lil Wayne,709199075
Lil Wesey,9461
Lil Xan,142069076
Lil Xxel,1175947
Lil Yachty,131689676
Lil Zey,3975287
Lilas ir Innomine,719895
Lili Towny,1086
Lill Lindfors,26578
Lille Per,180670
Lilly Goodman,35961
Lilly Wood and The Prick,92631
Lily Allen,1721847
Lily James,5492974
Lil’ Ashes,4653
Lime Cordiale,4084054
Limit 29,1442
Limp Bizkit,13228
Lin Hsin Yi,61460
Lina Hedlund,1901639
Linards Zarins,16117
Linda Bengtzing,669551
Linda Leen,1287
Linda Olsson,146545
Linda Pira,521107
Linda Thomoooas,21429
Linda Vidala,15477
LindaCourtney,35634
LindaTirado,60842
Linea 77,348511
Linet,128727
Linga,3533
Linh Cáo,6579
Link Corner,6791
Linked Horizon,2975
Linkin Park,102712477
Linnea Dale,17100
Linnea Henriksson,6669236
Linni Meister,47618
Lino Golden,732814
Linying,50089
Lion Music,1055789
Lion Rose,118427
Lionel Richie,210263
Lionman,266911
Lior Miara,2281
Lior Narkis,31962
Lipford,32511
Lipta,31659264
Liran Danino,3292532
Lirical,182381
Lirico En La Casa,463504
Liro Shaq,163206
Liron Amram,1039
Lisa & Xenia,39916
Lisa Ajax,8090673
Lisa Børud,651888
Lisa Nilsson,40347
LisaNester,4010
Lisandro Meza,149726
Lit Killah,63419083
Litku Klemetti,8438
Little Big,800493
Little Big Town,729272
Little Glee Monster,9221879
Little Jinder,3383923
Little Mix,463547348
Little Strong,224492
Liva,90916
Live Lounge Allstars,643109
Livi,53742
Liza Vassilieva,39012
Lizzo,1674727000
Llane,509875
Llevarte a Marte,1115
Lo & Leduc,11014981
Lo Blanquito,1417625
Lo Stato Sociale,9230492
Locnville,1252
Loco Escrito,4018893
Lodovica Comello,373630
Loftdead,6813
Logan Paul,36084
Logar,1137
Logi Pedro,1016760
Logic,608153341
Logie Boxer,1093
Lokyto,10078
Lola Brooke,16913
Lola Indigo,44174118
Lola Marsh,1242
Lollibus,2261
Lomepal,144288415
Lomosonic,2495640
London Grammar,707022
London Richards,33838
Lonely Rangers,7581
Long3,4288
Loona,14991
Loote,443975
Lord Est,102787
Lord Huron,63976052
Lord Siva,315369
Lorde,147517128
Loredana,189435727
Loredana Bertè,7848176
Loreen,3237713
Loren Allred,67134137
Loren Gray,5436
Lorentz,204072
Lorenz Büffel,1519211
Lorenzo,66704643
Lorenzo Baglioni,175793
Lorenzo Fragola,1850625
Lori Meyers,43242
Los 4,12979091
Los 50 De Joselito,102197
Los Abejorros,10458
Los Abuelos De La Nada,16782496
Los Acosta,616842
Los Ajenos,3500
Los Angeles De Charly,1091339
Los Ases del Perú,7476
Los Auténticos Decadentes,42299746
Los Betas,10863
Los Bonnitos,2391860
Los Bukis,63755
Los Bunkers,574862
Los Cadetes De Linares,168064
Los Cadillac's,27395
Los Cafres,16304
Los Cantaseries,139714
Los Cantores De Chipuco,8826
Los Charros,788653
Los Charros De Lumaco,445699
Los Chiches Vallenatos,209324
Los Chikos del Maiz,38016
Los Chiquiltines,5436
Los Corraleros De Majagual,349195
Los De La Nazza,227075
Los Diablitos,72219
Los Dos Carnales,2071957
Los Embajadores Vallenatos,113798
Los Enanitos Verdes,107814324
Los Exitos,8071
Los Fabulosos Cadillacs,40181312
Los Fatales,5941
Los Flamers,10474
Los Graduados,47828
Los Hermanos,239624
Los Hermanos Campos,716575
Los Hermanos Flores,171659
Los Hermanos Flores Y Orquesta Casino,10765
Los Hermanos Rosario,46267
Los Hidalgos,18666
Los Hijos Del Rey,10336
Los Hispanos,48390
Los Huasos Quincheros,230564
Los Huayra,403320
Los Jaivas,254957
Los Manseros Santiagueños,26663
Los Mier,3458
Los Necesarios,42466
Los Negroni,485449
Los Niños Cantores De Navidad,39432
Los Nota Lokos,9841805
Los Palmeras,16224145
Los Piojos,12384944
Los Planetas,17748
Los Plebes del Rancho de Ariel Camacho,23134098
Los Prisioneros,6800844
Los Profetas,8732
Los Rehenes,57368
Los Rodriguez,5846
Los Ronaldos,144969
Los Sabaneros de Aniceto Molina,8398
Los Secretos,143332
Los Socios Del Ritmo,365968
Los Solteroski,43310
Los Tacuazines De Oriente,1959
Los Teen Agers,19736
Los Tipitos,11511814
Los Topsys,26996
Los Toribianitos,432981
Los Toros Band,13798
Los Totora,346960
Los Tres,428497
Los Tucanes De Tijuana,1155713
Los Tupamaros,34763
Los Vasquez,30791
Los Verduleros,1162947
Los Vikings 5,121667
Los Warahuaco,7841
Los de Ramon,143072
Los del Fuego,156167
Los Ángeles Azules,9470326
LosPetitFellas,117110
Loski,6995605
Lost Boyz,13491
Lost Frequencies,68402040
Lost Kings,248568
Lost Sky,17243
Lost Society,43102
Lotta Engberg,109805
Lotto Boyzz,1768122
Lou Bega,109698
Lou Hoang,3641
Lou Monte,1342028
LouChamberlain,9347
Louane,1063840
Loubet,1047931
Loud,3055537
Loud Luxury,720711116
LouiVos,9728765
Louis,118005
Louis Armstrong,831318
Louis Koo,587726
Louis The Child,61598967
Louis Tomlinson,120296342
Louisa,4531575
Louise Attaque,722303
Louise Hoffsten,19539
Loun,2114
Lous and The Yakuza,11261629
Lov1,6345632
Love Harder,226835
Love Melo,13224
Love Potion,114140
Love of Lesbian,52932
Lovel,13000
Lovelyz,3630
Loyle Carner,421984
Loïc Nottet,4481496
Lr Ley Del Rap,34293
Lu Han,26380
Luan Santana,236221810
Luana,3507136
Luantan Ascent,4760
Luc,3706
Luca Barbarossa,84606
Luca Carboni,2584884
Luca Hänni,11562102
Luca Natale,57667
Luca Paro,1057
Lucas,2190402
Lucas & Steve,20878033
Lucas Estrada,4414
Lucas Lucco,128610809
Lucas Sugo,2004624
Lucciveli,17611
Luche,118240057
Lucho Bermúdez,5053
Lucho SSJ,1347970
Luciana,32151
Luciano,325104442
Luciano Pereyra,3247222
Lucie,501301
Lucie Bílá,7188
Lucie Vondrackova,22863
Lucifer,42134
Lucio Battisti,2811612
Lucio Dalla,42102
Luck Ra;Seven Kayne,3117501
Lucky Luke,5711443
Lucky Rose,587992
Lucky2135,27379
Lucy Beahan,48381
Ludovica Pagani,56859
Ludvig Forssell,5087
Ludwig,13296422
Ludwig Goransson,2862
Luh Kel,12580052
Luigi,382875
Luis Alberto Spinetta,20393392
Luis Anguel R,5630
Luis Eduardo Aute,77936
Luis Enrique,9635875
Luis Felipe Gonzalez,36044
Luis Fonsi,544446669
Luis Miguel,486736318
Luis Ovalles,6086
Luisa Fernanda W,787792
Lujipeka,442497
Lukas Graham,562928879
Lukas Leon,9435575
Luke Bryan,29367362
Luke Christopher,56510341
Luke Combs,464838322
Luke Kelly,45956
Lukku Láki,132354
Lula,5432761
Lulu Huang Lu Zi Yin,17703
Lulu Santos,36688070
Luna,11075177
Lunadira,11125
Lunay,1412695
Luqman Faiz,5247347
Luqman Podolski,564679
Luther Buttons,1086
Luther Vandross,19468
Luv Resval,343351
Luís Severo,8946
Luísa Sonza,98733694
Luíza & Maurílio,2719093
Lvcas Dope,93931
Lxandra,83410
Lyanno,1383509
Lydia,52648
Lykke Li,1618077
Lynk Lee,574458
Lynyrd Skynyrd,14392787
Lyodra,1507150
Lyttä,10848
LÉON,2177856
Léo Magalhães,1035656
Lê Cát Trọng Lý,10303
Lê Hiếu,60533
Lādezers,2044
Lệ Quyên,68566
M Huncho,16395892
M Shang Xue Yuan M 商学院,2171
M YOSS,99122
M-22,1110947
M-Clan,328106
M-EZY,3320
M. Nasir,1026651
M. Pokora,20251559
M.A.R,10674
M.I.A.,583971
M24,4302061
M83,788532
MACHETE,14925653
MACO,20128
MADARA,1365
MAGIC!,169585
MAI LAN,67393
MAIA,29502
MAJAN,70594
MALIQ & D'Essentials,23215860
MAMAMOO,17183775
MAN WITH A MISSION,2943916
MARCO SENTIERI,630318
MARICELLE,4085
MARINA,7042421
MARTTIN,10948
MARUV,6171
MARY,1526113
MASN,1083238
MASON,15234
MAX,89576280
MAYKEL,31056
MC Alexandre,41830732
MC Bilal,792791
MC Bin Laden,1796200
MC Bruna Alves,802957
MC Bruninho,68274402
MC Davo,3590534
MC Doni,34249171
MC Fioti,9689189
MC G15,35603486
MC Gey,168602
MC Hollywood,799829
MC HotDog,1975067
MC HotDog熱狗、ESO瘦子,8794
MC Kekel,28494481
MC Kevin o Chris,263113783
MC Kevinho,219051295
MC LEO,89341
MC Lan,8436246
MC Levin,8012803
MC Loma e As Gêmeas Lacração,19559259
MC Marks,1525347
MC Menor Mr,8196369
MC Mirella,560478
MC Nego da Marcone,60923
MC Paulin da Capital,956923
MC Rafa 22,15425377
MC Rahell,81116
MC Rita,1941924
MC Teteu,120052
MC WM,124506910
MC's Jhowzinho & Kadinho,42058729
MDD,12891
MEAN,29813028
MEANDI,1005
MEDUZA,296944
MEGA-Ertsi,2687897
MELO,237001
MELODYFM全體DJ,4429
MERO,385561760
MEROL,2029947
METRICKZ,2255088
MEYOU,19599881
MFÖ,32930
MG,1321171
MGMT,848940
MGP Allstars 2018,27344
MGP Allstars 2019,89720
MGP Allstars 2020,34377
MGP Allstarz 2017,72520
MHD,28284979
MIKA,71042
MILAN,10532
MILLI,2191129
MILOU SKY,4555
MIMI,22368
MIN,2615957
MINACELENTANO,57004
MINO,627739
MIROxNIKI,36478
MISIA,2674829
MISSIO,4224
MIST,6402251
MK,23531263
MKDMSK,12925333
MKTO,1037014
MMZ,2069445
MNEK,546706
MOMOLAND,47733422
MONGOL800,25279111
MORGENSHTERN,176691
MORTEN,521284
MOTi,1115416
MRC,737490
MRF,126976
MUNA,41041
MYAstro Artist & DJ,9645
MYMP,35144378
MYRNE,56514
MYXE,22357
MZ,685809
MZK,1500
Maan,71270247
Maan On The Moon,1375850
Maanam,451512
Maarja,9959
Mabel,1065190486
Mabel Matiz,47398755
Mac Ayres,85828
Mac Miller,526464699
Macaroni Empitsu,1496551
Machine Gun Kelly,334045493
Macklemore,143319396
Macklemore & Ryan Lewis,58355149
Macky,5008039
Macky Gee,227682
Macy Gray,389857
Mad Clip,4817350
MadMan,71092535
Madalen Duke,45757
Madame,4061897
Madame Monsieur,471868
Madcon,391083
Madd,882562
Madden,4520559
Maddie & Tae,1008760
Made,1228
MadeinTYO,37866329
Mademoiselle,33808
Madi Banja,415031
Madina,203695
Madison Beer,129194261
Madison Mars,2604332
Madonna,25060309
Madrigal,1764161
Mads Christian,26773
Mads Hansen,20845536
Mads Langer,10297166
Madstreet,1139
Maejor,3964414
Mael,1114
Maelo Ruiz,19012
Maes,189225133
Maestro,3676857
Mafia Spartiate,75595
Mafikizolo,15356
Mag Lam,1035504
Magda Steczkowska,208634
Maggie Chiang,468774
Maggie Fu,536260
Maggie Lindemann,127963570
Maggie Rogers,3688071
Magic Power,13982
Magic System,238286
Magneoton Sztarok,12676
Magnolia1982,18780
Magnus Bokn,84362
Magnus Carlson,809668
Magnus Haven,43180284
Magnus Millang,44535
Magnus Uggla,8851414
Mahafather,10249
Mahalia,5282615
Mahalia Jackson,112312
Mahen,32665213
Mahkenna,1759
Mahlano Da'don,13623
Mahmood,241138415
Mahmoud Al Turky,1496935
Mahmoud El Esseily,74786
Mahmut Orhan,1165102
Maialen,77224
Maian,25171
Maiara & Maraisa,237472888
Maihuen de los Angeles,1808724
Maija Salon musiikkileikkikoulun lapset,48815
Maija Vilkkumaa,4194872
Maikel Delacalle,33846613
Maisie Peters,217956
Maite Perroni,22373755
Maiyarap,205405
Maja & Annika,7683
Maja Francis,83908
Maja Ivarsson,28734
Majed Al Esa,38039
Majid Almohandis,237812
Majid Jordan,652670
Majk Spirit,245379
Majka,1589981
Majoe,13283919
Major D-Star,12931
Major Lazer,545751656
Major7,6097
Majself,35435
Mak7teen,3718
Maka,3418048
Makasi,1319
Maki,674190
Makkie,26574
Mala Rodríguez,28414
Malacates Trebol Shop,87507
Malaika Terry,2984
Malaka,171393
Maldestro,52312
Maldita Nerea,7227991
Malik Montana,17930973
Malik Vadheim,45507
Malin,47060
Malique,419123
Malka,51294
Mall,1023
Mallrat,20346907
Malmö,122063
Malou Prytz,5924004
Malte Ebert,3418251
Maluma,-2018737130
Malú,4022617
MamMam,15392
Mama's Jasje,30094
Mamat,87574
MamboLosco,64981200
Mamta Sharma,106766
Manal,692585
Mancha De Rolando,4528399
Mando Diao,706552
Mandoza,1877
Mandrage,843426
Mandy Moore,31323
Manel,36171
Mange Schmidt,17966
Mango Groove,1636
Maniak,23480
Maninder Buttar,30151173
Mankirt Aulakh,129034
Manna,16403
Mannakorn,2241
Mannarino,367618
Manny Cruz,2676
Mano Arriba,11420179
Mano Walter,53831951
Manolo Escobar,102764
Manos,48849
Mansesteri,36256
Mansionair,218549
Mansur Ark,217659
Manu Dibango,36262
Manu Gavassi,5021744
Manu Pilas,4193543
Manuel,4697951
Manuel Carrasco,44216632
Manuel Medrano,31083888
Manuel Turizo,649417925
Manuellsen,987744
Manuş Baba,13096859
Maná,12207471
Maor Cohen,1180
Maor Edri,994757
Mapei,24860
Mar de Copas,76964
Mara Sattei,1918118
Mara Zommere,3763
Maracaibo 15,3295
Marama,7623607
Maranatha! Latin,3409
Marc Anthony,4098499
Marc Cohn,134136
Marc E. Bassy,2895
Marc Tatchapon,3454918
MarcMuller,5885
Marca MP,7320733
Marcela Gandara,9001
Marcell,23817573
Marcelo Falcão,76812
Marcin Maciejczak,943591
Marcin Sójka,57410
Marco Antonio Solís,98041
Marco Borsato,184764
Marco Masini,2061702
Marco Mengoni,58484127
Marco Pastor Estelles,31802
Marco Rahim,837339
Marco Romero,27139
Marcos & Belutti,130016665
Marcos Menchaca,992311
Marcos da costa,188078
Marcosus,3516
Marcus & Martinus,4966434
Marcus Chang,6795
Marea,154114
Marek Grechuta,65858
Marek Ztraceny,905861
Maren Morris,98785627
Mares,43552422
Margaret,9814470
Margaret Island,20105
Mari-Leen,1125
Maria,9055
Maria & Bea,73632
Maria Aragon,134942
Maria Becerra,25769834
Maria Cecília & Rodolfo,975974
Maria Mena,7439048
Maria Simorangkir,63129
MariaBrewer62,3191
Mariachi Vargas De Tecalitlan,824243
Mariah Angeliq,7156965
Mariah Carey,685727180
Marian Hill,50063459
Marianas Trench,1047408
Marianne Borhaug,92023
Maricarmen Marin,181527
Marie Fredriksson,810905
Marie Key,34810
Marie Rottrova,14430
Mariette,6553734
Marijonas Mikutavičius,6793
Marilia Monzón,953362
Marilyn Manson,1626454
Marimba Chapinlandia,3989
Marina Jade,34050
Marina Maximilian,142451
Marina Satti,4753
Mario,1516438
Mario Bautista,118373268
Mario Biondi,194784
Mario Cash,31830
Mario Fresh,122976
Mario G klau,81762
Mario Hart,630344
Mario Luis,77523
Marion Aunor,15685802
Marion Jola,9722158
Mariska,606039
Marito Rivera Y Su Grupo Bravo,27628
Marius Müller,12347
Mariya Takeuchi,7873
Mariza,97960
Marié Digby,82235
Mark B.,34337
Mark Carpio,40343892
Mark Forster,47801618
Mark Morrison,48212
Mark Ronson,592282644
Mark Stam,2392
Mark$man,44705
Marka Akme,787336
Marko Damian,13783
Marko Glass,659815
Marko Hietala,90766
Markoolio,1004400
Markus Krunegård,206281
Markus Riva,1020
Marlena Shaw,37004
Marli Space,23985
Marlon,4212486
Maroon 5,-514379031
Marpo,147303
Marracash,229112821
Marshmello,239082980
Marsimoto,166604
Marso,28215
Mart,224320
Mart Inc.,2839
Marta Kubišová,8985
Marta Sango,131101
Marta Soto,472138
Marteria,3765314
Marthe Wang,30873
Martin Almgren,1002854
Martin Garrix,1170271640
Martin Heier,200066
Martin Jensen,250082883
Martin Solveig,3365948
Martin Stenmarck,1180096
Martina Attili,10955934
Martina Kaiser,224364
Marts Kristians Kalniņš,1987
Martyna Jakubowicz,94349
Martín Quiroga,4925
Maruego,13260
Marvel B,399838
Marvelicious Music,9637
Marvell Boi,597544
Marvelous Mosell,8088
Marvin Gaye,700268
Marwa Loud,63922601
Marwan,74281
Marwan Moussa,1702879
Marwan Pablo,2030860
Mary J. Blige,318442
Mary See the Future 先知瑪莉,36673
MarySchroeter,45718
Maryla Rodowicz,10654
Marz23,694479
María Escarmiento,2261518
María Parrado,33038
Marília Mendonça,1278268073
Masaharu Fukuyama,4442040
Masaki Suda,64339420
Masayoshi Oishi,2177
Masdo,65925
Mashael,19341
Masno,45816
Mason Ramsey,11631081
Massaka,168715
Massiv,82045
Massive Attack,4440
Master KG,38009
Mastermind,55407
Masticate,7623
Mata,60523077
Mateus Carrilho,218205
Mathea,23835875
Matheus & Kauan,273153868
Matheus Yurley,668310
Mathias Vergels,1321
Mathilda,3972
Mathilde Caffey,7628
Matias Damásio,2964864
Matilda,63218
Matinbum,341944
Matisse,2128746
Matoma,5246128
Matrize,27573
Mats Olin,92255
Mats Paulson,85191
Matt B,1186
Matt Corby,3785998
Matt Herrero,15499
Matt Johnson,60935
Matt Luther,7681
Matt Nathanson,2262
Matt Simons,54248092
Matt Terry,2269016
Matteo,185063
Matteo Faustini,439832
Matthaios,26371828
Matthew Koma,449869
Matthew Mole,1539
Matthew Wilder,38014488
Matthias Matthiasson,1100
Matti Nykänen,90662
Matty Valentino,7855
Matuê,119758413
Maty Noyes,665411
Matzka,23250
Mau y Ricky,4055416
Maudy Ayunda,3745245
Maurane,35505
Maurice,116263
Mauro Scocco,42119
Maustetytöt,1828731
Maverick Sabre,15177151
Mavi Gri,1675041
Mavis Hee,2487
Mavrick,59593
Mawar de Jongh,40152671
Mawat,24239
Max Brodie,573503
Max Gazzé,575754
Max George,224501
Max Giesinger,5978101
Max Herre,501435
Max Hurrell,234584
Max Jenmana,2570220
Max Korzh,150218
Max Lin,6923
Max Richter,10618
Max Styler,116631
Maxi Trusso,120526
Maxim Schunk,25468
Maximillian,10528800
Maxwell,549104
Maybon,14106
Maycon e Vinicius,182386
Mayday,30731905
Mayonnaise,11339497
Mazhar Alanson,86848
Mazzoni,558182
Małpa,179448
Mc Anônimo,14535165
Mc Davi,10796194
Mc Don Juan,80352482
Mc Einar,2715727
Mc Gw,20807981
Mc IG,54888851
Mc Jacaré,858409
Mc Kevin,568351
Mc Kitinho,408308
Mc Leléto,5467749
Mc Leozin,31054517
Mc Livinho,52275907
Mc Maha,361726
Mc Neguinho do ITR,8150513
Mc Poze do Rodo,448623
Mc Smálán,1204
Mc Th,3253038
Mc Vitão,359389
Mc Zaac,9686569
Mc's Zaac & Jerry Smith,3285668
McFly,48671
Mcs Nando and Luanzinho,6215439
Me & My,33307
Mecano,88947
Mecna,216074
Medial Banana,27288
Medina,4501425
Meeia Foo,77196
Meek Mill,1098042727
Meekz,156372
Mef,55865
Meg Mac,465496
Megan Thee Stallion,446508246
Meganedska Z. Wynn,1025
Meghan Trainor,85907917
Mehdi Mozayine,556130
Mehmet,5659934
Mehmet Erdem,2669141
Mehmet Güreli,5294100
Meir Ariel,161612
Meir Banai,9958
Meisin Tan,13434
Meital Trabelsi,3104
Mel & Kim,6913271
Mel Ramlan,3695
Mel Tormé,425453
Mela Koteluk,301189
Melanie Martinez,167601159
Melanie Thornton,21625184
Melek Mosso,20742026
Melendi,59643381
Melihcan,8414
Melike Şahin,17092948
Melim,356625260
Melina Johnsen,1650303
Melis Güven,10207
Melis Kar,140041
Melissa & Victoria,55893
Melissa Horn,575334
Melisses,1000915
Mell & Vintage Future,141324
MellemFingaMuzik,23414367
Melly Goeslaw,4544
Melodia Kong,12890
Melody Club,33172
Meltdown Yellow,3534
Memento Mori,2153
Memoniks,1005
Memory Fabricators,13822
Memphis Depay,622569
Memphis May Fire,8010
Men At Work,3034254
Mena Massoud,12348
Menace Beach,2276
Menace Man,2725
Mendez,8334025
Menningarmyndir,2134
Menor Menor,26327
Mensa,922526
Mensajeros del Amor,1590
Mental As Anything,75516
Mente Fuerte,2599738
Menuets,19327
Meownbb,2927
Mercedes Band,20324
Merengues Acusticos,1669
Meresha,1238
Mergui,3024081
Merilin Mälk,23690
Merk & Kremont,12554666
Merlyn Uusküla,2358
Merro8,70889
Mert,52888811
Mert Şenel,21334232
Merve Özbey,51926531
Mesa,192075
Mesita,2917475
Meso,380897
Mesto,207239
Metallica,741153
Metejoor,512734
Methyl Ethel,48779
Metro Boomin,481950212
Metro Station,56435
Metronoms,3792
Metsada Eish Yemini,1716
Mez Mariye,3615
Mezzosangue,2832037
Mfr Souls,691270
Mi Banda El Mexicano,14979936
MiC LOWRY,8618717
Mia,148810
Mia Rose,69313
Miami Yacine,62503034
Mic Christopher,3012
Micar,4646940
Michael Ball,44264
Michael Bolton,19292
Michael Bublé,731215342
Michael Dutchi Libranda,27201464
Michael Giacchino,60482
Michael Hodges,25471
Michael Jackson,24019761
Michael Jalink,29859
Michael Kaneko,2889
Michael Kiwanuka,385221
Michael Learns To Rock,42733
Michael Pangilinan,56188709
Michael Patrick Kelly,506843
Michael Prins,224430
Michael Rice,155189
Michael Schulte,31734277
Michael Wendler,4223879
Michael Williams,1457488
Michael Wong,8809
MichaelEvans,10439
MichaelSoto,2061
Michal Dočolomanský,12586
Michal Hruza,232396
Michalis Hatzigiannis,63693
Michał Szczygieł,2194661
Michel Teló,6277691
Michela,1902543
Michele 69,232794
Michele 99,226950
Michele Bravi,3939812
Michele Morrone,3150910
Michele Zarrillo,575382
Michelle Cadreau,6935
Michelle Williams,14163927
Mick Jagger,2023
Mick Jenkins,2248
Mick Konstantin,41762
Mickie Krause,263019
Micky Skeel,26083
Micro TDH,185256
Midel,83479
Midi Yang,7864
Midian Lima,65930
Midnight Fusic,655778
Midnight Meetings,499258
Midnight Oil,204635
Miel San Marcos,55702
Mig 21,90142
Migos,931801538
Migrantes,59505
Miguel,72074723
Miguel Alves,97795
Miguel Bosé,152593
Miguel Moly,40937
Miguel Teran,4983
Mihail,7073488
Miika,5769
Miike Snow,127615
Mijares,308630
Mika & Tobias,301128
Mika Nakashima,324588
Mikael,12569360
Mikael Gabriel,17966841
Mikael Rickfors,131313
Mike Bahía,25974369
Mike Mostert & The GoGo Tuner Family,40454
Mike Oldfield,774707
Mike Perry,32794875
Mike Piromporn,1607
Mike Posner,107108446
Mike Shinoda,11761
Mike Singer,1502404
Mike WiLL Made-It,10921690
MikeJePan,26603
Mikee Mykanic,116375
Mikey.Otx,104241
Miki Núñez,15992517
Mikko Harju,4829812
Mikko Kuustonen,145359
Mikko Pohjola,205924
Mikolas Josef,11914599
Mikromusic,8388
Mikros Kleftis,74916
Miky Woodz,2110173
Mila Crowell,246099
Mila Jam,2603
Milano,2064258
Milano Ovest,414494
Milbo,4241279
Mild,992172
Miley Cyrus,438847286
Miliyah,164119
Miljö,65315
Milky Chance,19080637
Mille,172430
Millennium Magnet,46840
Millonario,1406164
Milly Quezada,27703
Milly y Los Vecinos,1784
Milo,7026
Milo K,222821
Milow,71134
Mimi Werner,176225
Mimigumo,21727
Mimiks,150507
Min,1786
MinChen,14104
Mina Lund,175303
Mindbenderz,10952
Minelli,320268
MinervaJames,1970
Minguito 283,42048
Minhyun,8116
MiniByte,45517
Ministério Zoe,347871
Minitrapper,509499
Mink Slide,3062
Minna,7651
Mint Pattarasaya,7444
Minus,7201
Miquela,125302
Mira Luoti,714854
Mirai,3530367
Miramor,1066
Miranda!,188246
Mirei Toyama,89777
Mireya Bravo,36475
Miri Mesika,2396
Miriam Bryant,44670091
Miriam Rodríguez,6227261
Miriam Yeung,5881173
Mirkoeilcane,24290
Miro Miikael,109960
Miro Žbirka,21997
Mirrr,6190769
Misha Omar,4042543
Miss Caffeina,78617
Miss Ko,413806
Miss Li,64284673
Miss May I,4619
Miss Montreal,605694
Misshmusic,671874
Missy Elliott,253106
Mister Claude,112261
Mister V,26730124
Mister You,418000
Mitch James,14031591
Mitchell Tenpenny,4490151
Mithat Can Özer,169130
Mithoon,8208586
Miu Chu,139027
Miu Lê,65440
Miwata,137984
Miway,248482
Miyagi & Andy Panda,34142
MizOrMac,330218
Mizuki Nakamoto,92844
Mizuki Ohira,39158
Mlindo The Vocalist,85594
MoStack,32203066
MoTrip,4456479
Mocci,68319
MocroManiac,162762
Model,2219962
Modo Diablo,8919786
Mods,184912
Moe Phoenix,31993664
Moha La Squale,94970438
Mohamed Al Shehhi,616481
Mohamed AlSalim,1208119
Mohamed Hamaki,2000855
Mohamed Mounir,5063
Mohamed Ramadan,224915
Mohammad Alsawagh,3812
Mohammad Assaf,930795
Mohammed Alsahli,9963
Mohammed Bin Grman,36258
Mohammed Bin Grman Al Omari,84466
Mohammed Saeed,80425
Mohit Chauhan,1704250
Mohmood Al Ghaiath,9029
Mohombi,12597120
Moira & Nieman,1926
Moira Dela Torre,158799993
Mois,4226378
Moji x Sboy,305589
Mok Saib,342969
Mokita,2684
Mokoma,477809
Molchat Doma,60010
Molina Molina,46130
Molly Hammar,769863
Molly Kate Kestner,8118
Molly Sandén,150315962
Molo,21591783
Molotov,201512
Momo,559971
Momoe Yamaguchi,38745
Mon Laferte,51459805
Mon Monik,180617
Monali Thakur,171715
Moncho,1453497
Mondo Gascaro,9154
Mondo Marcio,752487
Mondo Rock,31879
Mone Kamishiraishi,110712
Monet192,15449805
Moneybagg Yo,10278975
Moneybrother,30250
Monica Sex,3779
Monica Zetterlund,146465
Monika Absolonova,7177
Monika LIU,82988
Monika Linkyte,11985
Monique,85611
Moniris,45458
Monita Tahalea,2734068
Monja Mari Achi,35443
Monkey Circus,39176
Monkey Majik,34046
Monotone 813,10906
Mons,360421
Monsieur Charlem,1202
Monsieur Periné,4406582
Monsta X,34572
Monstar,71160
Montaigne,13962
Monterrojo,10832
Mood Life,5322
Mooki,305496
Moon Chew,2336
Moon Lights,1124
Moon Taxi,25383072
Moonstar88,36888277
Mor,388248
Morad,13658593
Moral Distraida,20334140
Morat,288731068
Morgan,44388
Morgan Evans,8456827
Morgan Sulele,2602935
Morgan Wallen,185272612
Moro,604767
Morphiend,1726
Morrison 馬仕釗,38348
Mortal Frame,224403
Morten,477471
Mosa,3577
Mosh Ben Ari,13829
Mosh36,69757
Moshe Peretz,298654
Moshik Afia,4777
Moshiko Mor,1868269
Mostafa Shawky,16332
Mostro,6430747
Mota JR,43060
Motez,316306
Moti Taka,37005
Motive,1468950
Motohiro Hata,34173540
Motta,2178921
Moubarak,51039
Mouhous,12000239
Moustafa Hagag,1016
Movetron,15134
Movimiento Original,2808023
Moving and Cut,2162416
Movits!,522823
Mozart La Para,6409948
Mozzik,17393419
Mozzy,2617848
Mr T,58348
Mr.,17959
Mr. Elämänpeli,73889
Mr. Happyman,1563
Mr. Polska,1356219
Mr. President,67773
Mr. Probz,21529932
Mr. Saik,209949
Mr. Zeus,19591
Mr.Children,49186611
Mr.Rain,52664535
Mr.Siro,12517
Mr.Team,2201
MrbeenRoy Lopez,11970
Mrozu,522565
Mrs. GREEN APPLE,103194204
Ms. Dynamite,41060
Ms. Lauryn Hill,61314
Ms. Williams,26604
MuchMellow,189778
Mud,6484231
Mudimbi,1056001
Mueva Records,837809
Mugen Rao,5529
Mugisho,443341
Mugison,7399
Mukaybin Mukayze,56625
Mula,8706
Mula B,42849913
Mullally,46065
Mumford & Sons,14033593
Mumuzinho,6409387
Mundy,10964
Mungo Jerry,16071
Muniek Staszczyk,3101999
Mura Masa,941021
Murat Boz,6086021
Murat Ceylan,10139
Murat Dalkılıç,10423387
Murat Göğebakan,293796
Murda,25542558
Murilo Huff,1508155
Murro,178309
Murta,1611269
Musa Eroğlu,851951
Musas,41893
Muse,3352065
Mushroom Hunter,11045
Music Hero,2806764
Music With Edgar,41248
Musicologo The Libro,223826
Musikimia,8948
Musiqq,18891
Musketeers,1990500
Muslim,572358
Musso,281355
Mustafa Al Rabeii,209911
Mustafa Al-Abdullah,23548
Mustafa Ceceli,9415519
Mustafa Sandal,10848631
Mustard,1139341114
Mustasch,271049
Musti,14336
Mwuana,11557597
My Chemical Romance,358954
My First Band,5950
My Life As Ali Thomas,2981
My Little Lover,3811381
My Radiant You,12282
My Silent Bravery,1131
Myke Towers,526876283
Mynthe,33133
Myra Granberg,15988860
Myriam Fares,2136
Myslovitz,36490
M¥SS KETA,113376
MÉLOVIN,218739
MØ,26150295
Mäk Gälis,172817
Mäkki,3985390
Måneskin,117261488
Måns Zelmerlöw,5286518
Médine,59477
Mötley Crüe,1542420
Möwe,311108
Mørland,11904
Músicxs De Chile,341241
Mümin Sarıkaya,39975
Müslüm Gürses,42459008
Męskie Granie Orkiestra,369479
Mœnia,742246
Mỹ Linh,17343
Mỹ Tâm,14217558
N'Samble,9452495
N'seven7,4699478
N3LLY,7911
NAP A LEAN,527082
NAUME,7482
NAV,359888402
NAVI,168966
NAVID,12701204
NAZAAR,7006
NCT 127,9335072
NCT DREAM,10029523
NCT U,51639
NDG,14700192
NEIKED,3625554
NERVO,815599
NEVO,16842
NEW CITY,2005812
NF,469422999
NGC Daddy,4367297
NGEE,2142070
NHD media,1785
NIA,90718
NICECNX,5820766
NICKTHEREAL,3980926
NIKI,48000802
NIKOL D.,12233
NILETTO,180043
NINE BY NINE,968167
NK,2218333
NKD,473914
NLE Choppa,487201442
NLSN,7032
NO ONE ELSE,2907
NOAH,1514834
NODE,27471533
NONONO,38705
NOTD,136479986
NOËP,767877
NSG,19749275
NTS,16589
NU'EST,16161
NU'EST W,44569
NYK,24768
NaFF,3185146
Naar,617191
Naaz,94804
Nabiha,256592
NabilTime,27969
Nabila Razali,1426010
Nacha Pop,1005436
Nacho,52681108
Nacho Fano,1573
Nadav Guedj,961743
Nadia Nakai,1848
Nadin Amizah,27372635
Naestro,8706469
Naezy,160798
Nafe Smallz,4357192
Nafthaly Ramona,411312
Nahaze,6290904
Nahide Babashlı,6080612
Naiara Azevedo,37361485
Naif,5859091
Naim Daniel,7800750
Naim Darrechi,37190
Naiwen Yang,219892
Najwa Latif,43849
Nakary,163592
Nakry,776126
Namewee,103305
Namie Amuro,652505
Namika,34115858
Namm Ronnadet,11937
Nan Quan Mama,83082
Nan Vatiya,30917
Nana Ou-Yang,13941
Nando Reis,31601
Nane,8040115
Nann,49725
Nanne,467424
Nano,10991105
Nao,11787
Naod,1004871
Naomi,359252
Naomi Scott,49651585
Naotaro Moriyama,503844
Naoto Inti Raymi,154644
Naoui,294074
Naps,26483311
Nas,3797154
Nash,6022002
Nashley,5107324
Nasrin Kadri,167078
Nass,2495320
Nassi,193194
Nassif Zeytoun,7524
Nassim Al Fakir,16481
Nastia,355072
Nasty C,294381
Nat King Cole,181221552
Nat King Cole Trio,3728617
Natalia,12322
Natalia Kukulska,131161
Natalia Lacunza,5880733
Natalia Lafourcade,30200128
Natalia Nykiel,9944
Natalia Oreiro,21435
Natalia Przybysz,92783
Natalia Szroeder,979204
Natalie Cole,250961
Natalie Imbruglia,334124
Natalie Perez,735499
Natalie Taylor,29519466
Natanael Cano,53896039
Natasa Theodoridou,86626
Natasha,4612
Natasha Bedingfield,2105206
Nathan Dawe,19627888
Nathan Goshen,8416286
Nathaniel Rateliff & The Night Sweats,14373
Natiruts,10541068
Natnael,15742
Natos y Waor,28661186
Natsuko Nisshoku,20703
Natti Natasha,31780958
Natural,4958
Naughty Boy,18759
Naura Ayu,34918
Nause,7430483
Nawal,169667
Naxxos,7043
Nayt,6789402
Naza,44849226
Nazar,51986
Ne-Yo,29186387
Nea,101598673
Nebezao,230393
Nebu Kiniza,15578604
Neck Deep,92300
Neele Ternes,610854
Nef Medina,49867
Nego do Borel,36568358
Negramaro,6267971
Negrita,496949
Neha Kakkar,2166027
Neil Diamond,1061661
Nek,1125210
Nekfeu,167910162
Neljä Ruusua,25438
Nella Kharisma,31841
Nelli Matula,8431802
Nelly,49284
Nelly Furtado,50364
Nelonie,14949
Nelson Freitas,219629
Nemo (CH),780034
Nenny,11139374
Neno,269003
Neny,13105
Neo Pistea,4656819
Nephew,403541
Neptunica,151865
Nerea Rodríguez,124277
Nerieš,3097541
Nesbeth,171753
Nesim Najih,133713
Nessyou,6894
Nestor En Bloque,145688
Netsky,928365
Netta,18186621
Nevena Bozovic,2895
Neves17,10749350
New & Jiew,3956
New Hope Club,17788
New Order,1285940
New Radicals,78114
NewFlo Brody,6500
Newkid,20550898
NexXthursday,4055849
Neya,4362
Neşet Ertaş,35088
Nfasis,27595
Ngoc Dolil,78212
Ngoc Nguyen,1458
Nguyen Dinh Vu,35931
Nguyen Ha,2205203
Nguyen Nam Quang,16199
Nguyen Van Hoan,7294
Nguyễn Trần Trung Quân,14008
Nguyễn Trọng Tài,49981
Ngô Kiến Huy,1721012
Ngọt,5056640
Nhiều người hát,101454
Nhu Quynh,4145
Những Đứa Trẻ,1173
Niack,29894291
Niall Horan,354911623
Nibal,657009
Nic & The Family,33855
Nicholas Naison,105689
Nicholas Teo,437850
Nicholas Tse,92323
Nick & Max,1025
Nick Cannon,17165
Nick Cave & The Bad Seeds,133802
Nick Drake,454457
Nick Jonas,4765
Nick Lopez,1229
Nick Mavromatis,1006
Nick Mulvey,43985
Nick Nittoli,21886
Nickelback,185031
Nicki Minaj,559321801
Nicki Nicole,57309162
Nicklas Sahl,12261886
Nicky Jam,259062837
Nicky Lee,943703
Nico & Kim,36399
Nico & Vinz,1003388
Nico Clinico,15829
Nico Santos,63504475
Nicola Siciliano,4330108
Nicolas Mayorca,516842
Nicolay Ramm,17255919
Nicole Cherry,34125
Nicole Favre,54084
Niels & Wiels,3052
Niels Destadsbader,994786
Nielson,45420986
Nienke Plas,1981418
Nigar Muharrem,14453
Night Skinny,59639053
Nightcall,853572
Nightcrawlers,44896
Nightwish,1415874
Nightwork,24840
Nik & Jay,5928095
Nik Makino,7930802
Nik Tendo,8402456
Niki's Project,36054
Nikk,27961
Nikke Ankara,18768359
Niklas,2868414
Niklas Strömstedt,2129326
Niko B,4387917
Nikos Oikonomopoulos,1633317
Nil Karaibrahimgil,5373256
Nil Moliner,36874404
Nilipek.,5650845
Nilotpal Bora,17822
Nils Bech,1797693
Nilüfer,196517
Nimo,94127267
Nina,23957988
Nina June,78727
Nina Nesbitt,12337508
Nina Zilli,85319
Nine Chen,307168
Nineb Youk,116764
Nines,7811573
Ninet Tayeb,3280
Ning Baizura,314253
Ninho,711658054
Ninja,205342
Ninni Poijärvi,15769
Nino B,37204
Nino Xypolitas,300323
Nio Garcia,181974
Nipsey Hussle,91347139
Niran Ünsal,214665
Niro,10342063
Nirvana,1839779
Niska,222032168
Nissebanden,240250
Nissy,15748819
Nitche,1565
Nitche OG,7258
Nitro,19847215
NiziU,613791
Nks,452025
No Doubt,18398
No Method,968299
No Money Enterprise,10201735
No More Vips Allowed,11495
No Nonsense,3623
No Party For Cao Dong,2106280
No Rome,255773
No Te Va Gustar,22511786
No. 1,720543
No. 4,691601
No.1,20642922
Noa - Noa,162804
Noa Kirel,4891847
Noah,10139900
Noah And The Whale,198154
Noah Carter,3074503
Noah Cyrus,281840907
Noah Kahan,12013979
Noah Schnacky,202775
Nobuo Uematsu,3477
Noche de Brujas,4697142
Nocny Kochanek,98576
Noel Coward,74895
Noel Gallagher's High Flying Birds,57317
Noelia Franco,669950
Noemi,616422
Nofar Salman,52129
Nogizaka46,18681082
Noisettes,52116
Noiseworks,80290
Noizy,30588146
Non Tanon,11496934
Nona,538221
Noname,434203
Noo Phước Thịnh,4867340
Noord-Hollands Kinderkoor,2633527
Noorkumalasari,706203
Nopsajalka,1111455
Nora Bumbiere,9981
Norah Jones,916184
Nordman,30475
Noriel,19820406
Noriyuki Makihara,7136815
Norlie & KKV,19047745
Norm Ender,86231354
Norma John,12515
NormaChan,2166
Normani,220582894
NorthKid,101625
Nosequien y los Nosecuantos,15416
Nosowska,233744
Nosoyo,28895
Not From England,6132
Not3s,25772286
Notes Left,2488
Nothing But Thieves,10680
Notis Sfakianakis,1036
Nouamane Belaiachi,92177
Noureddine Tahiri,1013
Nova,21883
Nova Cloud,1768
Nova Norda,53956
Novastar,227986
Novelbright,14255114
Novo Amor,2805
Now United,262321
Nowhere Band,5441
Nox,16021
NoxBe,12959
Noy Fadlon,2262603
Noyz Narcos,13019570
Nuela,574826
Nulbarich,1397561
Nullzweizwei,414923
Num KALA,1132768
Number Girl,17760
Numcha,189213
Numidia,3730090
Nuno Ribeiro,23007
Nura,12101837
Nurit Galron,4984
Nyanyian Ramai,526077
Nyno Vargas,10704681
Nyoy Volante,19939
Nyt Huudetaan,13468
Népal,2147849
Néstor Ló y Los Caminantes,357057
Néstor Zavarce,116882
Nína Dagbjört,3741
Nýdönsk,37502
O-Pavee,11275888
O-Zone,19555
O.G,74087
O.S.T.R.,2527570
OBOY,995173
ODESZA,236050
ODZ,360954
OFB,53466
OFFAIAH,374157
OG,18546
OG Eastbull,17977175
OG Ulla-Maija,1368152
OG Version,605320
OG-ANIC,1665259
OG3NE,375238
OH MY GIRL,299668
OHMYMEITING,3178
OK Go,42957
OKAMOTO'S,6175
OKDAL,2597
OMI,7282440
ONE OK ROCK,89948149
ONEFOUR,25897332
ONEMANSHOW Foundation,3003630
ONG SEONG WU,25375
ONSC,43190
OOHYO,4020
ORANGE RANGE,7043786
OSH,503178
OT,78307
OUENZA,57952
OV7,144537
OVÖ,210625
Oaker,12701
Oasis,480743773
Oat Pramote,5020789
Oat Pramote ft. Urboy TJ,827324
Oberg,141715
Obywatel G.C,11688
Ocan Siagian,549506
Ocean Alley,31811506
Ocean Park Standoff,357906
Ocs,1325312
Octave Lissner,887618
Octavian,7970410
Odd Nordstoga,1104425
Oddworld,3858
Of Mice & Men,11669
Of Monsters and Men,745234
Ofek Hamalach,35827
Ofenbach,53305786
Off Bloom,50601
Offended,2495
Offended.biz,2418
Official HIGE DANdism,295511593
Offset,849031965
Ogge,1532
Oh Wonder,465306
Ohash,117029
Ohashi Trio,44350
Ojos de Luna,72074
Ojārs Grīnbergs,3484
Okash,2945
Oki,1291972
Okmalumkoolkat,13134
Okz Life,1058
Olav Haust,20861
Olavi Uusivirta,2686874
Old Dominion,81734688
Olexesh,46492932
Olimpia Rey de Copas,3406
Oliver,53512
Oliver Heldens,23315
Oliver Moldan,7176
Oliver Mtukudzi,1106
Oliver Tree,1589981
Olivia,7711
Olivia Eliasson,1060172
Olivia Holt,85754861
Olivia O'Brien,190972
Olivia Rodrigo,71168279
Olivia Sabates,7671
Olli Antonio,72537
Olli Herman,7567
Olli Lindholm,97199
Ollie,3844783
Ollie Gabriel,7717
Olly Murs,3959746
Olvidate!,6742833
Olympic,5138
Omar,17008102
Omar Montes,71201985
Omar Rudberg,6071348
Omar Velasco,1728
Omarion,166491
Omega,11422
Omer Adam,22996045
Omer Netzer,8759
On1Beat,1041
Once Tiros,999542
One Acen,4815543
One Avenue Band,5198697
One Direction,1622487
One Function,19565
OneRepublic,673721119
Oni One,51841
Onirama,1382
OnklP,288616
OnklP & De Fjerne Slektningene,13377
Onur Can Özcan,21357005
Operación Triunfo 2017,1719686
Operación Triunfo 2018,4433351
Operación Triunfo 2020,321192
Opick,42835
Opitz Barbara,3082
Opor Praput,338590
Opus,14755
Opus Pro,3279
Orange & Lemons,31241539
Orange Blossom,40096
Orelsan,64412179
Organek,426773
Organización X,34434
Ori Ben Ari,2130141
Oriana,114557
Orkundk,39909
Ornatos Violeta,115625
Ornella Vanoni,234938
Ornly You,395668
Oro Bianco,1876328
Orphée La Fine,32741
Orquesta Bembé,56597
Orquesta Caña Brava,283624
Orquesta Internacional Hermanos Flores,52438
Orquesta La Tribu,1979
Orquesta San Vicente,12648
Orquesta Zaperoko del Callao,398718
Orquestra e Coro Cid (Flabanda),447824
Orup,2217187
Os Barões Da Pisadinha,22190727
Os Cretinos,110028
Os Parazim,28799997
Osad,4448
Osama Naji,118528
Oscar Athie,377426
Oscar D'León,1166501
Oscar Enestad,3615255
Oscar Zia,217249
Oscar and the Wolf,1013229
Oscu,8617934
Osher,3409
Osher Cohen,2992677
Oskar Linnros,6533112
Oskar Rohde,6961
Oskar Westerlin,438591
Oslo Gospel Choir,1305886
Osman,383442
Osnat Paz,4000
Oterom,7579
Otis Redding,2382998
Otm Yo,11507
Oto Nemsadze,1078
Otra Puse,2127
Otsochodzi,26540457
Otto Brandenburg,119158
Otto Knows,576490
Oualid,385356
Our Part,387203
Ouse,11315
Outkast,9879280
Owe Thörnqvist,896912
Owen,979689
Owl City,130886
Oxymorrons,4987
Ozark Henry,12277
Ozawa Kenji,77310
Ozbi,3114085
Ozols,31356
Ozuna,1961225371
OzzeyDoesIt,7790
Ozzy,914150
Ozzy Osbourne,2122763
Oğuzhan Koç,24213074
P Tee Money,11800
P!nk,300426393
P.J,603248
P.M.,4537
P.N.P./daPimP&daPLaYa,2672
P.O.P,168737
P.S.A.,36295
PA Sports,8002495
PAENDA,1109
PAM (แปม ศิรภัสรา),1693
PAM ANSHISA,3450
PARK JI HOON,60818
PARTYNEXTDOOR,74070525
PASSEPIED,10869
PASSION,222025
PAY,1498007
PBE PLUTO,67180
PEDRO SAMPAIO,89102373
PENTAGON,2186736
PEaCH,5205
PHARAOH,2149
PIERXE,2710
PILLS,20634
PLEUN,87439
PLK,159627641
PMMP,92098
PNAU,23091759
PNL,465951890
POCAH,60625580
POLKADOT STINGRAY,159203
PORTRAIT,4302025
POWERKRYNER,532225
POWERS,2180
PRETTYMUCH,790927
PRIME,1378911
PRINCESS PRINCESS,1948627
PRISTIN V,225162
PRO8L3M,55778216
PRODUCE 101 JAPAN,371229
PRODUCE 48,948754
PRODUCE X 101,536934
PS1,666331
PSH,58219
PSICOLOGI,17517574
PSL,16414
PUBLIC,82768661
PUNPEE,10010
PURE,3934795
Pabllo Vittar,125580771
Pablo Alborán,25846856
Pablo Chill-E,20170338
Pablo López,9678029
Pablo Montero,48011
Padi,1300007
Pae Arak,4576
Page Four,3926857
Paige Su,3080
Pajafella,55417
Pakho Chau,5395813
Pako Ramirez,29718
Paky,15635338
Palak Muchhal,621501
Palavra Cantada,5247
Paleface,266044
Palmy,16707952
Paloma Faith,2957
Paloma Mami,183699928
Paluch,12106582
Pam Eloy,7578
Pam Juned,1090
Pamela,2197393
Pamela Stone,145060
Pamkutya,950295
Pamungkas,119952685
Pancake,113413
Pancho Barraza,22509622
Pandora,584438
Panetoz,168475
Pang Nakarin,175015
Pango,3236
Panic! At The Disco,1594592393
Panos Mouzourakis,6859
Pantelis Pantelidis,11032
Panteon Rococo,56927467
Panter Music,1260084
Paola,10361
Paola Jara,47745
Paola Turci,1461859
Paolo Jannacci,430381
Paolo Nutini,115579
Paolo Sandejas,202005
Papa Roach,2940850
Paperi T,1389799
Papi Hans,138471
Papi Mambo,2285
Papichamp,1377302
Papillon,3127324
Papillón,9871
Papito,242239
Papon,30728
Pappa Razzi feat. Laureen,112405
Pappo,15134563
Parachute,209278
Paradise Hotel 2019,2572923
Paradox,814837
Paramore,2842153
Parangolé,5471449
Paranormales,3336
Parazitii,983029
Parcels,849584
Parchis,103900
Pardison Fontaine,1927938
Parham,626620
Pariisin Kevät,821875
Park Bom,246251
Parlaments,8260
Parmish Verma,514370
Parokya Ni Edgar,41223541
Parov Stelar,2838115
Parson James,58942
Partenaire Particulier,200429
PartyReynir,1004
Paryente,13749
Pasa,30959
Pase Libre,60076
Pashanim,87947516
Pasi ja Anssi,11425976
Passenger,72859406
Pasto,21574225
Pastor Lopez,1017315
Pastor Lopez Y Su Combo,151198
PastoriPike,99064
Patch Quiwa,90573
Pate Mustajärvi,534148
Patent Ochsner,569199
Patience Hardy,17103
Patricio Rey y sus Redonditos de Ricota,11844461
Patrick Brasca,95216
Patrick Knight,112100
Patrik Blomberg,44780
Patrik Isaksson,45938
Patrik Jean,15064
Patrisha,4148
Patron,84961828
Pattesutter,7520699
PattyVernon,2183
Paul Anka et son orchestre,233725
Paul Elias,120574
Paul Elstak,25604
Paul Haslinger,17203
Paul Kelly,1634078
Paul Lechart,7585
Paul Less,7589
Paul McCartney,178736500
Paul Partohap,9467
Paul Rey,10445184
Paul Rosenberg,37719470
Paul Severs,5330
Paul Simon,1887359
Paula Cendejas,533251
Paula Mattos,16845184
PaulaPrescott,6061
PaulaSanchez,57750
Paulie Garand,88408
Pauliina Kokkonen,37198
Paulina Rubio,1993133
Paulius Jurgaitis,5890
Paulo,832309
Paulo Londra,2048046343
Pause,2885835
Pav Dharia,13751
Paveier,582423
Pavel,3533
Pavel Callta,44475
Pavel Diferente,3681
Pavol Habera,19234
Paweł Domagała,9503884
Payung Teduh,46770235
Payy,4369823
Peach Tree Rascals,15081198
Pearl Jam,544368
Peck Palitchoke,994609
Pectus,159971
Peder Elias,96829
Pedro Capó,12851322
Pedro Fernández,323317
Pedro Paulo & Alex,6052015
Pedro Suárez-Vértiz,4937458
Pee Wee Gaskins,145864
Peer Tasi,268456
Peg Parnevik,8409123
Peggy Hsu,79328
Peggy Lee,1060361
Pei-Yu Hung,1545951
Pekar,4172
Pekeño 77,5755560
Peking Duk,32079047
Peled,108529
Penny Tai,986532
PennyNakamura,14015
Pentagram,65336
Pentatonix,53890233
Penthox,1611624
Pepe Aguilar,3181199
Pepe Quintana,385192
Pepe Willberg,601391
Peps Persson,608093
Per Asplin,1574671
Per Gessle,278714
Pera,781818
Perdenin Ardındakiler,8362524
Pereza,26205445
Perfect,37920
Perfume,684748
Perikles,273193
Perkons,41211
Perry Como,4344945
Pesh mayweather,7776
Pesso,8476
Pet Shop Boys,50231
Pete Mello,8464
Pete Parkkonen,4676794
Pete Pol,264440
Peter Andre,48726
Peter Bjorn and John,66742
Peter Cavall & Chor,7613
Peter Jöback,9705485
Peter Lundblad,359370
Peter Manos,14717659
PeterDavis,14781
Peterpan,4854029
Petit Biscuit,117856191
Petit Papa Noël,44937
Petra,127636
Petra Marklund,4085779
Petri Nygård,12555974
Petros Iakovidis,121705
Pets Tseng,148714
Petter,21100282
Pezet,13122681
Pham Thi Khuyen,57143
Phan Mạnh Quỳnh,2140426
Phantom Caine,71155
Pharrell Williams,367027
Phats & Small,53332
Phil Chang,2565
Phil Collins,170012
Phil Lam,1531437
Philip,3200338
Philip Emilio,554082
Philipp Poisel,133233
Philly Moré,27448
Phlake,5776381
Phoebe Ryan,47508
Phoenix,3193
Phoenix Rdc,4513321
Phum Viphurit,852327
Phuong Dung,2148
Phuong Linh,7779
Phuong My Chi,2224
Phùng Khánh Linh,1455504
Phạm Anh Duy,16383
Phạm Toàn Thắng,11523
PiA,75028
Pia Mia,1505
Pica-Pica,1474
Picture This,25083627
Pienvedēja piedzīvojumi,5363
Piero,13174
Piero Pelù,2804382
Pierrii,1697542
Piersi,16837
Pietju Bell,802314
Pietro Lombardi,59225917
Pihlaja,681209
Pijama Party,108663
Pika Chiu,5244751
Pikku G,20296370
Pil C,1697480
Pilfinger,10777
Pimeys,55702
Pinguini Tattici Nucleari,33221840
Pinhani,41287287
Pink Floyd,1260972
Pink Martini,45896
Pink Sweat$,516364
Pinkfong,4407321
Pinpin,8023
Pins & Dimeh,26239
Piotr Ziola,808559
Pipa Para Tabaco,750879
Pipe Bueno,2475237
Piruka,16568359
Piso 21,766527438
PistePiste,23298
Pitbull,69561874
Pixa,4034
Pixote,57263233
Pizza Express,7566
Pizzera & Jaus,3963224
Pk,130609945
Place On Earth,231536
Plain White T's,371909
Plan B,1078547
PlanBe,7008401
Planet SAHH,75616
Plastic Plastic,2624
Platino Musik,61263
Play69,282935
Playboi Carti,204042072
Playground,1026946
Ploychompoo,2777
Plumbo,4691582
Plutónio,29740509
Pluuto,280129
PnB Rock,41482293
Podulka,38071
Poeta Callejero,10699
Poetika,3673
Poets of the Fall,7406
Pojkarna,79025
Poju,10810538
Poke,1838697
Poko,39589
Pokáč,1745734
Pol 3.14,71089
Pol Granch,1462518
Pole.,1031636
Polo & Pan,242557
Polo G,588610175
Polycat,41670640
Pong Nan,2756
Pop Pongkool,14926586
Pop Smoke,153771751
Popeda,302568
Poppy ชัชชญา,42783
PornoGraffitti,179407
Porsche Boy,801427
Porter Robinson,284429
Portillo,23709
Portion Boys,8689112
Portugal. The Man,346531882
Positive Mind,1117
Pospieszalscy,30200
Post Malone,2105539247
Postgirobygget,4914594
Potato,823491
Potret,7444910
Potter Payper,689669
Poundz,11566823
Powderfinger,1185262
Power Station,24260
Pramote Vilepana,814223
Prateek Kuhad,298783
Praw Kanitkul,54834
Prem,206635
Prem Dhillon,180609
Premoni,2355
Preslava,562714
Preston Hudman,20039
Preston Hudman TG,15009
Preta Gil,897530
Pretenders,11589267
Preto no Branco,215665
Pretty,664910
Priestess,427481
Prim,1927
Prince,328477
Prince Bishop F,38056
Prince Paris,5767
Prince Royce,167140868
Princesa Alba,12441413
Princess Ai,114769
Princess Nokia,496430
Prinssi Jusuf,254738
Prinz Pi,416557
Prinz Porno,65868
Priscilla Abby,10378
Priscilla Alcantara,1336476
Pritam,62777
Prod Rabbit,6155
ProfJam,28949004
Professor Green,217547
Projector Band,1712471
Projekts “Tev tuvumā”,6716
Projota,12078140
Pronto,619728
Proyecto Uno,64642
Prusax,61818
Prxnce Iron,3509
Prāta Vētra,1458200
Psirico,182925
PsycLover,2427
Psych,1022
Psychedelic Boyz,5559022
Psycho Rhyme,678438
Psyfiction,25784
Psyfonic,5740
Puan Sri Saloma,923227
Pudding-TV,65760
Puerto Rican Power,500770
Pugh Rogefeldt,216758
Pulp,55332
Pun Basher,12982
Punch,46446
Punnany Massif,2519582
Punxgoaran,61215
Purple Disco Machine,2192422
Pusha T,32008335
Putera Band,156348
Putnu Balle,10580
Pyhimys,32276396
Pykäri,69852
Pyrus,131706
PÄÄ KII,24117
Páll Óskar,49825
Pálmi Gunnarsson,150476
Pápai Joci,236725
Pää-äijät,6137
Péricles,8250554
Púr Múdd,178628
QARAN,3184881
QUEEN BEE,251705
QUIN,94766
Qaayel,1068
Qbik,4982919
Qiff,6446
Qlas & Blacka,4898748
QoryGore,110212
Qtdabutcha,4381
Quality Control,222937299
Quang Huy,10601
Quang Long,1751
Quarter to Africa,5824
Quarterback,226105
Quatro Vision,209782
Quavel,4580
Quavo,217056600
Qucee,908584
Quebonafide,18020733
Queen,-1231976354
Queen G,441771
Queen Naija,234331
Queen Wei,36645
Queens of the Stone Age,54186
Quentin40,175501
Querbeat,2133298
Quessswho,137908
QuietKind,1961
Quim Barreiros,15894
Quinn XCII,509780
Quintino,226629
Quor,1796
Quruli,221138
Quân A.P,1633
Quỳnh Trang,13392
Qzeng,17584744
R Nait,12526
R-chord,6504876
R. City,52396
R. Kelly,14120967
R.E.M.,611781
R.LUM.R,3293
R3HAB,4857312
RADWIMPS,8885915
RAF Camora,185716327
RAN,27074661
RANKKALINNA,6994
RAY BLK,848567
RAYE,11670437
RBD,175664
RED DIAMOND DOGS,34414
REDZED,438399
REYKO,1194290
RH,11296026
RHYMESTER,45374
RIDSA,6861658
RIKI,2820097
RIN,294538722
RINI,555560
RIP SLYME,14134
RIRI,1693668
RK,109734763
RM,2373777
RMT,8062
RMT EN EL PRODUCTO,1003
ROLLÀN,133559
RONDÉ,323385
ROSALÍA,289399517
ROZES,793738
RPG,121631
RRILEY,520653
RSAC,55772
RUBY,350192
RUF Jugendreisen pres. Bahia Kings,11303
RY X,419876
Ra'is,3331233
Ra:tio,3080
Raad And Methaq,2422905
Raappana,2400158
Rabbani,15135
Rabeh Saqer,390442
Rachel Liang,12234416
Rachel Mason,71751
Rachel Platten,125630
Rachel Stevens,46623
Rachelle Ann Go,68384
Rachid Taha,1873
Racoon,37628886
Radical Redemption,29012
Radikal Chef,395352
Radiohead,2603352
Rae Sremmurd,138880083
Rae Xie,39899
Rafael Allmark,605835
Rafaga,4495058
Rafał Borzozowski & Małgorzata Burdzel,234846
Rafał Brzozowski,52869
Rafeah Buang,324642
Raffa Torres,2553352
Raftaar,364331
Rafy Arias,1672
Rag'n'Bone Man,163422096
Rage Against The Machine,5069
Ragnar Bjarnason,42146
Ragnhildur Gísladóttir,156754
Rahimah Rahim,893750
Rahma Riad,2573635
Rahmania Astrini,2281059
Raiden,9893
Raim,19217
Raimonds Pauls,3819
Rain Lee,46623
Rainhard Fendrich,25799
Rainie Yang,8234795
Raisa,15259310
Raj Ranjodh,418156
Raja Kumari,111680
Raja Rose,1414
Rajaa Belmir,5999
Rajat Nagpal,25099
Rajaton,757311
Rak-Su,284754
Rake,6193539
Rama Rubat,13617
Rambo,246482
Ramengvrl,40073
Rami,3199085
Rami Kleinstein,2868
Ramin Djawadi,204140
Ramlah Ram,54804
Rammstein,122230209
Ramon Roselly,717917
Ramy Ayach,3843
Ramy Gamal,7748
Ramy Sabry,180856
Ramz,132234064
Ran Nishihara,12127
Rancore,5302789
Random,90706554
Randy Newman,3030
Ranjith Govind,6117
Ranveer Singh,687297
Ranzel,3896
Rao Zi Jie,27595
Raoul Vázquez,125157
Rap AR Anime,10980
Rap Against Dictatorship,103139
Rap Viet,1407
Raphael,262262
Raphael Gualazzi,1472134
Rapyourbae,29691
Rari Boys,279123
Rarri,39115
Rascal Flatts,17301
Rasel,2365662
Rashed Al-Majed,800239
Rashid,14660627
Rasmentalism,165881
Rasmus Gozzi,1372553
Rasmus Rändvee,2404
Rasmus Seebach,14662172
Rasmus Walter,226575
Rasmussen,1902624
Rasputin,26950
Rat City,47197
Rationale,29583
Rauf & Faik,21952727
RaulGonzalez,2118
Rauli Badding Somerjoki,86449
Raulin Rodriguez,11986
Rauw Alejandro,243493812
Raveheart,3476
Ravid Plotnik,5353138
Rawayana,1189
Raxtu Raxti,61620
Ray Dalton,3141370
Ray Dee Ohh,1293325
Ray J,257177
Ray LaMontagne,12380
Ray Medixi,7378
Ray Parker Jr.,8057413
Ray Polanco,150066
Raya Real,1135775
Rayden,107478
Rayi Putra,62713
Rayito Colombiano,343963
Raylee,2757019
Raymix,421703
Raymond & Maria,28712
Raymonee,2746
Raz Dwa Trzy,33146
Razika,22377
Razorlight,48773
Raça Negra,520723
Raí Saia Rodada,44755596
Rc $pitta,3313
ReN,71880
Rea Garvey,2354767
Real Imaj,1345
Real Phantom,8836
RealDeal Berns,78289
Realonyechi,4025
Rebecca,11058
Rebecca & Fiona,21546
Rebecka Karlsson,1588075
Reckless,101789
Recycled J,42375
Red Athena,18214
Red Bull Pilvaker,42454
Red Hot Chili Peppers,16077103
Red Velvet,128051167
RedOne,192301
Reda Rwena,1530763
Redbone,7324510
Redgum,35538
Redimi2,182068
Rednex,34421
Redone Berhil,9350
Redrama,153821
Reem,981315
Reese Lansangan,247184
Refew,239255
Regard,851818294
Regev Hod,3029
Reggaetones,1059
Regi,4407288
Regula,219090
Reigani,2379
Reign,3199
Reijo Taipale,9358
Reik,703326059
Rein Alexander,87373
Reino Nordin,20673576
Rekami,52431
Reket,1473685
Rekishi,37839
Rels B,85380626
Remady & Manu-L,26558
Remedee,3750859
Remioromen,2097000
Remix,4621
Remmy Valenzuela,2358414
Remy Cooper,1767
Ren Ran,509753
Renaida,2040474
Rendy Pandugo,84127
Rene Alonso Y Su Banda Lasser,7909
Rene Karst,902535
Rene Liu,3895
Reneé Dominique,12607586
Rengin,17745
Renne Dang,5346360
Renz,3416
Renza Castelli,204775
Replikas,8145
Republic,4517
Residente,50594381
Ressu Redford,470591
Rest,1345962
Resul Dindar,24217
Reto,21022021
Retro,42002
Retroll Hip Hop 重操嘻哈,12467
Returning Visitors,56764
Rex Orange County,46830511
Reykon,78938462
Reyli Barba,30608452
Reyn,1004068
Reynmen,132616139
Reza Artamevia,14861185
Rhye,34217
Rhymastic,1989229
Rhys,6467650
Rhys Lewis,234503
Ricardo Arjona,4095859
Ricardo Marinello,21547
Ricardo Montaner,3525528
Ricardo y Alberto,35246
Riccardo,345085
Riccie Oriach,304922
Rich Brian,41549227
Rich Homie Quan,4287
Rich The Kid,762457242
Richard Farum,1092
Richello,19853
Richie Campbell,4614469
Richie Jen,21983
Richie Ray & Bobby Cruz,20009
Rick Astley,32849
Rick Ross,36025005
Rick Springfield,1360675
Rick Van Regteren,10028
RickSpencer,15382
Ricky Breaker,4768
Ricky Hsiao,363175
Ricky Martin,137257245
Ricky Rich,972419
Rico,68072
Ricus Nel,344122
Rida Radar,160636
Riffi,2128329
Riga Reggae,1430
Rigormortiz,2737
Rihanna,170471835
Riky Rick,5660
Rilès,4057044
Rim'K,10562390
Rima Zeidan,29466
Rina,2698
Rina Sawayama,8637
Ringnes-Ronny,37065992
Rino Gaetano,384774
Rin音,3116981
Rio Febrian,4548705
Rise Against,11304
Rita Ora,736209506
Rita Pavone,604440
Riterika,5630
Riton,35156
Ritviz,27215997
River Tyne,112216
Rivermaya,8561141
Rixon,5850
Rixton,62937
Rizky Febian,30292381
Rjóminn,128528
Rkomi,112784529
Road,3589
Road Of Major,393649
Roan,139706
Roan Ash,1473
Rob $tone,52777461
Rob Dekay,46584
Rob Nunes,12727999
Rob Zombie,36183
RobGz,2452476
Robbie Williams,4118685
Rober Hatemo,231540
Robert Broberg,125052
Robert Falcon,210597
Robert Philip,11756
Roberta Campos,1903570
Roberto Torres,4176
Roberts Gobziņš,1742
Robin,2740015
Robin Bengtsson,11326159
Robin Packalen,3340515
Robin S,107012
Robin Schulz,267341841
Robin Stjernberg,70315
Robin Thicke,18890
Robin Von Locksley,9224
Robin Zoot,535846
Robin og Bugge,15237
Robinson,14148204
Robyn,9234078
Robynn & Kendy,4829
Roc Boyz,1173198
Rocazino,3965829
Rocco Hunt,110592709
Rochelle,21204
Rochi Errede,53525
Rochy RD,1584941
Rocka Sockorna,21282
Rockwell,2226628
Rocío Dúrcal,503874
Rod Stewart,2554705
Rod Wave,55591131
Roddy Ricch,1999599658
Rodolfo Aicardi,693342
Rodolfo Bueso,12768
Rodrigo,5849989
Rodrigo Marim,534200
Rodrigo Tapari,1422337
Rodríguez,18181
Roger Pontare,670702
Roger Sanchez,53886
Roger Waters,30321
Rohff,2612270
Roi Méndez,4331767
Roko,2490
Roksana Węgiel,1634432
Rolandz,2498865
Rolf Sanchez,3165791
Rolf Zuckowski,7659869
Roma Vander,13048
Rombai,72313806
Romeo Santos,36408589
Romey,1090
Romstar Vyškov,1559
Romu,87773
Roméo Elvis,62704285
Ron,89487
RonTurner,66485
Ronald Cheng,2306130
Ronan Keating,5546752
Ronghao Li,30822080
Roni Dalumi,61092
Ronja Mariela,167968
Ronnie Drew,74319
Ronnie Ferrari,20428181
Ronnie Flex,21457566
Ronny & Ragge,117359
Ronny J,242032
Roo Panes,261448
Rooftop,318705
Room 39,11820309
Roope Salminen & Koirat,11560706
Rooz,17996852
Rosa Chemical,1414286
Rosalba,446108
Rosana,229682
Rose Liu,316317
Rose Sirintip,2852
Rosemaria,53181
Roshelle,802240
Rosi,14875
Rossa,31328378
Rossy War y Su Banda Kaliente,13391
Rota,190601
Rotem Cohen,1784787
Rotlaus,16676066
Rouge,609950
Rowen Reecks,5825
Roxana,14600
Roxeanne Hazes,26712
Roxen,470134
Roxette,1057084
Roxie,19285
Roy Orbison,118969
Roy Woods,1056064
Royal Blood,126685
Rozalén,4805307
Rozh,4080175
Rozz Kalliope,1527977
RubberBand,2745540
Rube Claws,356789
Ruben,56925077
Ruben Annink,227832
Ruby Fields,382870
Rubén Blades,124443
Ruchama Raz,3610
Rude-α,331659
Rudimental,796906661
Ruel,45873318
Ruffedge,9815
Rufo El Travieso,1478
Rui Orlando,405337
Ruj Suparuj,49395
Rukhsana Merrise,45175
Ruma,214863
Run The Jewels,6435
Run–D.M.C.,974137
Rush,268978
Ruslana,3186
Russ,202986781
Russ Millions,17592524
Russ Nonz,3311
Russell Dickerson,17566081
Rusted Root,367171
Ruth B.,3931372
Ruth Kueo,66170
Ruth Reginalds,196524
RuthAnne,39233
Ruudolf,1014421
Ruusut,769499
Rvfv,54054737
Rvssian,1316791
Ryan Cabrera,3505562
Ryan Gosling,3856658
Ryan O'Shaughnessy,470155
Rybičky 48,1207856
Ryland James,55636
Ryoko Shinohara,389582
Ryokuoushoku Shakai,1041379
Ryota Fujimaki,3995062
Ryszard Rynkowski,431609
Rytmeklubben,70519
Rytmus,126951
Ryuji Imaichi,3954
RÜFÜS DU SOL,6949131
Régulo Caro,1681244
Rémy,5471760
Rén with the Mane,4188
Río Roma,749734
Ríó tríó,41345
Röya,151481
Röyksopp,17459
Rúnar Eff,5094
Rīgas Modes,1485
Rūta Loop,3448
RŮDE,1469
S Club 7,260108
S!sters,102687
S-Crew,419843
S-Pion,482282
S. Jibeng,12039
S.D.F,16665
S.H.E,600810
S.Pri Noir,3521024
S.T Sơn Thạch,5237
S1K,6397
S1mba,69014551
S4MM,10702
SAARA,1702807
SAFIA,15585
SAINT PHNX,1109310
SAINt JHN,980797058
SAL Soloman,1084
SALES,2713676
SALTI,10993
SALU,137499
SAMI,5919020
SAMMY & LESEN,101243
SAMSONS,28359862
SANARI,73777
SANNI,32613181
SARA,3369
SAYGRACE,156367
SB19,1019983
SBMG,6662122
SCH,119606934
SCRUBB,16801155
SDM,1163305
SDP,3843012
SECRET NUMBER,2106129
SEKAI NO OWARI,17068154
SEOHYUN,15467
SERIOUS BACON,13804
SERVED,18828
SEUNGRI,300729
SEVENTEEN,4729118
SFATAYIM,31109
SFB,11615341
SFDK,73419
SHAED,378884983
SHANGUY,12277836
SHAUN,72965889
SHE'S,608552
SHELOW,28054
SHINee,172841
SHISHAMO,8417430
SHRTY,17400
SHY Martin,5903247
SIN,386712
SINAN,1034946
SINI YASEMIN,4830916
SIRUP,1397131
SISTAR,35422
SIX60,78729382
SIXC (6 crazy),701423
SIYYU,101224
SJUR,12287020
SKAAR,931221
SKG,3237013
SKII6,7433
SKY-HI,17474
SKiNNY BARBER,77296
SL,2823445
SMC Lähiörotat,30443
SNBRN,30599
SNIK,14325456
SOB X RBE,40075809
SODA,202983
SOMI,11431390
SONNY,363062
SOYOU,1234797
SPACESPEAKERS,91300
SPITZ,42978269
SPiCYSOL,98634
SRNO,2951771
SRTW,1530159
SSIO,32560286
SSSól,3338
STEADY&CO.,48272
STEFAN,40103
STEIN27,7195505
STEREO,12851217
STIG,917701
STOR,7433761
STUK,654366
STUTS,17221
SUD,49187602
SUN (GR),3973
SUNMI,6665540
SUPER JUNIOR,263043
SUPER JUNIOR-D&E,27180
SUPER JUNIOR-K.R.Y.,5764
SURA,1237
SV Stallone,10686
SVEA,166657
SWF K1nG,7478
SXTEEN,742264
SXTN,20073732
SYML,2036289
SYRO,68992
SZA,70193472
SZK,864861
SaINt,3845
Saad Lamjarred,1262432
Saamoh,25914
Saara Aalto,2133959
Sabaton,738910
Sabela,290881
Sabina Ddumba,5353266
Sabine Moncler,12964
Sabrina Carpenter,54118342
Sabrina Claudio,2906
Sabyan,1723442
Sabyan Gambus,10871107
Sacal,10773
Sad Eye,97245
Sade,58200
Sadek,31564310
Sadon,3599
SafahMusic,234942
Safeplanet,19969603
Safiey Illias,571529
Safri Duo,19605
Sage The Gemini,100886836
Sagopa Kajmer,90751720
Sahara Hotnights,33244
Saian,57216
Said P.,39390
Saif Amer,3024386
Saif Nabeel,263773
Saint Etienne,1215
Saint Motel,41001
Sairas T,67948
Saiths,3771
Sakanaction,31206133
Sakis Rouvas,18985
Sakura Band,47729
Sakura Fujiwara,9635
Sakurako Ohara,170409
Salah Al Zadjali,18289
Saliboy,1883745
Salman Khan,40026
Salmo,433786561
Salvador Sobral,188940
Sam Feldt,360849721
Sam Fender,16040079
Sam Fischer,83127921
Sam Hui,8896
Sam Hunt,211461920
Sam Kim,600531
Sam Kneale,11069
Sam Lee,2672
Sam Martin,106494
Sam Rui,3801
Sam Smith,-959039835
Sam Sparro,135299
Sam The Kid,1563096
Samae Koskinen,165644
Samantha Jade,363065
Samantha Mumba,3499
Sambomaster,40137
Samer Elmedany,41712
Samey,1814263
Samir & Viktor,34941441
Samir Badran,659777
Sammi Cheng,5170031
Sammy & Falsetto,31256
Sammy Davis Jr.,167520
Sammy Sum,2620
Sampha,107895
Samppa Linna,34548
Samra,298073288
Samthing Soweto,87289
Samu Haber,7782250
Samuel,878558
Samuel Bath,12999
Samuel Daayata,8423
Samuel Deturo,34950
Samuel E. Wright,49745
Samuel Hernández,4726
Samuel Heron,179652
Samuel Lindon,18383
Samuele Bersani,44903
Samuli Edelmann,81539
Samuli Putro,228912
Samuray,56137
Samy y Sandra Sandoval,97819
San E,3056
San Holo,20294304
San Troki,6314
Sanam,425319
Sancak,11664363
Sandee Chan,4704
Sander van Doorn,21003
Sandra Hussein,9905
Sandra Lyng,382399
Sandrina,480256
Sandro Cavazza,5843793
Sandy Lam,56779
Sandy Reyes,1468
Sandy e Junior,282525
Sanfara,26120
Sangre Morena,1960
Sani,160261
Sanisah Huri,583215
Sanja Ilic & Balkanika,21146
Sanluis,16375
Sanna Nielsen,1224161
Sansa,7754
Sansar Salvo,1651278
Santa Cruz,7565
Santa Danelevica,15888
Santaferia,89891962
Santana,66788
Santesh,55828
Santiago Cruz,552654
Santiz,3923087
Sapir Saban,1074
Sara Bareilles,135233
Sara Farell,91722
Sara Hartman,5849
Sara Siipola,237458
Sarah Close,52968
Sarah Connor,39961603
Sarah Dawn Finer,4364703
Sarah Geronimo,38745142
Sarah Klang,37431
Sarah Lombardi,6158762
Sarah McLachlan,2517093
Sarah McTernan,25357
Sarah Suhairi,1022931
SarahStiltner,94277
Sarahchess Traugott,4366
Sarek,122633
Sarhad,996647
Sarit Avitan,5042
Sarit Hadad,54782
Sarita Lorena,78575
Sarius,2785793
Sarsa,3542585
Sartiboy,13122
Sasha Sloan,3154941
Saske,6290901
Satra B.E.N.Z.,51507
Saucy Dog,2787528
Saul,1871432
Saulės Kliošas,2025
Savage Garden,546639
Saveus,492888
SawanoHiroyuki[nZk]:mizuki,5207
Saweetie,70040364
Sayuri,56189
ScHoolboy Q,200041784
Scandinavian Music Group,51737
Scarface,505508
Scarlet Pleasure,20850874
Scatterface,5994
Scene Writers,2701
Schubi AKpella,874964
Schuster,485793
Schwesta Ewa,139551
Scissor Sisters,89677
Scooby072,1814052
Scooter,66071
Scot Rula,1093
Scott Helman,65752
Scott Storch,1135494
ScottHall41,3187
Scouting For Girls,9252934
Screamerboys,7307
Screamin' Jay Hawkins,248027
Scridge,4573079
Sea,48871
Sean Banan,397061
Sean Dhondt,505662
Sean Kingston,73666
Sean Paul,616992
Season Five,5584536
Sebastian,3409
Sebastian Cerrato,1100
Sebastian Riedel,26159
Sebastian Stakset,109597
Sebastian Walldén,4015383
Sebastian Yatra,490782794
Sebastian Zalo,18763
Sech,147807136
SecondT3,171743
Secondcity,109219
Secondhand Serenade,7562026
Secta,22766
Sedef Sebüktekin,2026324
SeeS,8641
Seedy,12319
Seeed,21236580
Seezy,133817
Seffelinie,38872
Sefo,8310486
Seiho,3810
Seiko Matsuda,1449
Seiler und Speer,2961849
Seinabo Sey,1824567
Seizur,66299
Seksendört,6012030
Seksikäs-Suklaa,534338
Selah Sue,61568
Selena Gomez,-1902351126
Selina,64432
Selma Björnsdóttir,2530
Selma Omari,604125
Sem Thomasson,2925
Semisonic,25972
Sena Şener,18796095
Senidah,202167
Senleja,2061
Senna Gammour,1431570
Sennek,157714
Sensey,123307
Seorsia,1142
Separ,2223001
Seppe & Gama,7411
September,218943
Serbako,2388
Serdar Ortaç,1307815
Serena,1989234
Sergei Barracuda,624443
Sergey Lazarev,233905
Sergio,27428
Sergio Contreras,28686025
Sergio Denis,168302
Sergio Sylvestre,1157866
Sergio Vargas,25310
Serhat,74036
Serhat Durmus,2927919
Serkan Kaya,27504
Serlina,273592
Sero El Mero,31992726
Sertab Erener,11957797
Server Uraz,500961
Serú Girán,80565
Sestā Jūdze,3633
Seven Kayne,18842454
Seven Qi,13640
Seventeen,5649006
Severina,3781
Sevn Alias,53768657
SexMasterka,7840
Sexmane,697632
Seyed,195240
Sezairi,550468
Sezen Aksu,41272384
Seçil Gür,26775
Señor Loop,87237
Sfera Ebbasta,309662577
Sha Sha,1076917
Shaa,15295
Shaarib Toshi,54938
Shablo,29103492
Shad,3938
Shade,93304637
Shado M,13042
Shadow Blow,28176
Shadow Mcloud,3654
Shadya Lan,290498
Shaggy,484735
Shahid Mallya,6088
Shahyn,334054
Shaked Komemy,61614
Shakin' Stevens,115827162
Shakira,365446267
Shakka,23731759
Shalom Hanoch,7780
Shamma Hamdan,38084
Shane Cao,4333
Shane Eagle,48981
Shania Twain,7030429
Shannon K,34471
Shannon Purser,7314
Shanon,1002
Shanti Dope,56334474
Shapeshifter,62344
Sharief,131191
Sharikaaokayo'neill,63362
Sharmoofers,4129
Sharon Kwan,69138
Sharon Shannon,6269
Sharon Van Etten,11617
Sharon West,3935
Shawn Mendes,-1581808220
Shay,6727284
Shay Gabso,3352
Shayfeen,104786
Shaylee Atary,2392
Shaymaa Sulaiman,14485
She & Him,2033
Sheck Wes,842992222
Sheen & Jickson,698044
Sheena Ringo,13647870
Sheffield,538160
Sheila On 7,97932190
Shelley FKA DRAM,94894115
Shelow Shaq,52159
Shenseea,23664
Sheppard,13956920
Sherine,635487
Sherman Chung,10479
Sherol Dos Santos,422548
Sheryl Shazwanie,166765
Sheryl Sheinafia,2034610
Sheuria,3776
Shi Shi,2776895
ShiGGa Shay,12181
Shia Bauk,7579
Shiga Lin,1728285
Shila Amzah,1014900
Shin,65885
Shin Rizumu,10939
Shindy,201814895
Shino Lin,5613
Shio,10521
Shion Iser,3810
Shir Levi,1099
Shira,6968
Shiri Maimon,3449
Shirin David,177832516
Shiritsu Ebisu Chugaku,4742
Shirley Chen,24068909
Shirley Kwan,2650
Shiva,131987248
Shiyu,3204
Shizzle Dizzle,2811
Shlomi Saranga,2200
Shlomi Shabat,2146
Shlomo Artzi,2262366
Shlump,20140
Sho Madjozi,239424
Shock Elias,153329
Shola Ama,78142
Shooter Gang,4449705
Shordie Shordie,12363017
Shorta Kigger,268144
Shota Shimizu,39769608
Shouse,418030
Shout Out Louds,22916
Show Luo,332487
ShowtimeKwan,6888
Shreya Ghoshal,5921285
Shu-Bi-Dua,2128487
Shula Chen,2554
Shuli Rand,4167
Shunji Itani,64633
Shunza,20134
Shuta Sueyoshi,1114526
SiR,3123502
Sia,284774502
Sibel Can,217499
Siboy,4713829
Sid Sriram,9339138
Side Baby,16864032
Sidecars,7217692
Sidemen,1248146
Sidhu Moose Wala,1853387
Sidhu Moose Wala featuring The PropheC,797471
Sido,87265831
Sidoka,18957735
Siemacha,91684
Sierra,16334484
Siff,56845
Sigala,217491
Sigga Ózk,1277
Sigma,91813
Sigmund,7727
Sigrid,53149725
Sigrid Bernson,2391578
Sigríður Beinteinsdóttir,48952
Silence Wang,7806
Silence2001,26142
Silent Sanctuary,77428722
Siles,16111
Silly Fools,2526260
Silva,16665955
Silvana Imam,115150
Silverchair,19755
Silvestre Dangond,9794538
Silvia Infantas Y Los Condores,107203
Silvy,67676
Sima,1123176
Simge,38342071
Simmy,44980
Simon Samaeng,10129
Simone,199259
Simone & Simaria,78212291
Simone Cristicchi,1823604
Simone Emilie,7815
Simple Minds,501350
Simply Red,51199
Simran Kaur Dhadli,190494
Simsey,3568346
Sin Bandera,2453922
Sin Boy,8414958
Sinan Kayabaşı,26401
Sinan-G,3723845
Sinds,138384
Sinead Harnett,25816
Singapūras Satīns,163860
Singer Dr. B...,6281
Singga,32702
Singto Numchok,1503278
Sini Sabotage,166701
Sinterklaasliedjes,444769
Sinéad O'Connor,11045
Sipo,347675
Sippinpurpp,5316918
Sip€lga 14,36786
Sir Alixandir,3450
Sir Scratch,4891
Sirius,163342
Sirpoppa,152124
Sirra,7928
Sirvan Khosravi,43170
Sisir Tanah,98711
Sisqo,57656
Sissel,9153
Sisters On Wire,165944
Sita Chan,142747
Sitek,419791
Siti Badriah,6971210
Siti Nordiana,216742
Sitti,2964281
Sivas,24782146
Sixpence None The Richer,1026217
Sjaak,126277
Sjava,74997
Sjöroos & Vesala,38084
Ska-P,28614
Skaldowie,344437
SkandaU,169372
Skandaali,443626
Skank,18704766
Skardu,15918
Skegss,101430
Skei & PT,22462
Skepta,6742626
Ski Mask The Slump God,377715071
Skinny Days,127032
Skinnyfabs,13328248
Skinz,24523971
Skip the Use,73510
Skrillex,97220
Skusta Clee,44371196
Skwor,1954184
Skye,149773
Skylar Grey,14788524
Skyler Ridzer,50085
Skítamórall,112269
Skólafélag MR,2240
Slackjoint,4856
Slade,21091755
Slank,10485
Slavik,3307204
Sleepy John,1025
Sleiman,6277049
Slender2003,29986
Slim Mill,262264
Slimane,588957
Slimso,37030
Slipknot,12914973
Slogan,501113
Slot Machine,36400
Slovak National Symphony Orchestra,124134
Slow J,10348619
Slue,2023
Slur,8108
Slza,22918
Smack,138428
Small Lonely,62063
Smallx,6978
Smash Mouth,6810252
Smilers,17113
Smith & Burrows,172207
Smith & Thell,28749863
Smokepurpp,56355724
Smolasty,2817561
Smuggler,73176
Snakehips,1737133
Snarri,2532
Sneakbo,54518
Sneazzy,1954086
Snelle,158944072
Sniglabandið,230441
Snipe,2990631
Snoh Aalegra,34231
Snollebollekes,3329432
Snook,235304
Snoop Dogg,778132
Snor,278909
Snotkop,138105
Snow Boyz,20253
Snow Dept.,27498
Snow Patrol,22673643
Snowstorm,290265
Snuffi,49676
So Solid Crew,41431
Sobel,785648
Social House,45017459
Soda Stereo,68620435
Sodagreen,2139764
Sodré,661008
Sofi Tukker,18354517
Sofia Carson,99332
Sofia Ellar,87992
Sofia Källgren,143242
Sofia Tornambene,1737011
Sofiane,28080195
Soft Cell,186116
Soft Lipa,14709
Sofía Reyes,577630057
Soge Culebra,83169
Sokrat St,2781624
Sokół,6152790
Sol Calor,23808
Sol y Lluvia,499111
Solange,10291722
Solange Almeida,19780607
Solar,624736
Solarkreis,33424
Soleima,12795
Solguden & Mannen,323098
Solo Ansamblis,141563
Somewhere to Call Home,2271
Somkiat,323082
Son Feci Bisiklet,1358384
Son Tentacion,7168
Son Tuyen,21941
SonaOne,40850
Sondia,95850
Sondr,2097671
Sondre Justad,13356512
Soner Sarıkabadayı,18228894
Song Ga In,233463
Songkarn Rangsant,39096
Sonideros de MEX USA,2176999
Sonido Cristal,8335
Sonido De La Costa,64441
Sonja Aldén,1002452
Sonny,18207
Sonny Alven,34380
Sonny Rollins,1119
Sonoko Inoue,155197
Sonora 5 Estrellas,106631
Sonora Malecón,132348
Sonora Palacios,281436
Sons Of Funk,10704
Sons Of Zion,11518958
Soo Wincci,106573
Soobin Hoang Son,1481468
Soolking,55555828
Soph,11219
Sophie Elise,1737727
Sophie Ellis-Bextor,84349
Sophie Francis,1481812
Soppgirobygget,14792672
Soprano,43668651
Soraia Ramos,4108
Sordal,131496
Sorriso Maroto,7698749
Soso Maness,11973178
Sossa,6803
Souf,1183647
Souff,95865
Soufian,200711
Soufiane Eddyani,7038924
Soul After Six,5353
Soul System,37198
SoulChef,1306
Soulja Boy,19632
Soulstice,13011853
Soulwave,2015
Sound Of Legend,441017
Soundwave,326962
Soushi Sakiyama,13584
South Border,56872029
Spacey Jane,68258
Sparksi,20550
Speak,2029
Spekti,11630726
Spice Girls,2995324
Spiff TV,93833
Spike,1637850
Spirituals & Gospel Singers,86680
Spoegwolf,83197
Spoky1911,1228
Sponge Cola,154300
SpongeBOZZ,592975
Spookey Ruben,4246
Spoon,2730
Sputnik,34444
Squeezie,217759
Srbuk,25706
Srene,53743
Stabil,3180522
Stam1na,1531407
Stamp,21527054
Stan,40419
Stan Kenton,16276697
Stan Walker,3249134
Stanaj,49715491
Stanisław Soyka,826045
Stard Ova,54491
Stargate,137189
Starley,287533617
Stars and Rabbit,639263
State of Sound,2205537
Static & Ben El,1913762
Stavangerkameratene,10803719
Stay Flee Get Lizzy,2079176
StaySolidRocky,201033057
Staysman & Lazz,1025149
Stealers Wheel,90287
Stebin Ben,178313
Steel Banglez,57463956
Steerner,208329
Stefan Hjort,56798
Stefan Hrusca,17841
Stefania,29366
Stefanie Sun,6017997
Stefflon Don,1649913
Stefán Hilmarsson,99296
Stein Berge,861941
Stelair,2224
Stella,116645
Stella Huang,5169
StellaWhalen,15820
Stepa,26158
Stephane Legar,953361
Stephanie Cheng,2836392
Stephanie Ho,221325
Stephanie Nash,2924
Stephanie Poetri,69461669
Stephannesssdkir Bergmann,6399
Stephen Puth,1707769
Stephen Speaks,14412322
StephenFlint24,3237
Stephy Tang,49832
Steps,97275
Stepz,17668411
Stereo Luchs,7042
Stereophonics,195145
Steve Aoki,110206922
Steve Chou,33595
Steve Kroeger,38552
Steven Halpern,17586
Steven Kingjjuon,9234
Steven Moooppenheimer,38753
Stevie Ann,49431
Stevie Wonder,38668006
Stevie Wright,91824
Sticky Fingers,9627697
Sticky Rice,32937
Stiftelsen,887617
Stig Dogg,331842
Stiko Per Larsson,17785
Still Fresh,5749494
Still Woozy,245783
Stillaround,47377
Stina Talling,8911157
Stine Bramsen,10323
Sting,28949
Sto zvířat,276359
Stockholms Gosskör,27268
Stokoff,1226
Stolen Beat,72831
Stone Heart,23273
Stoney Bull,1087
Stoondio,32214
Stormy,658509
Stormzy,522611617
Strange Imagining,12791
Strapo,94601
Stray Kids,4003314
Street Rappers,6346728
Stromae,509997
Stubete Gäng,35761
Studio Killers,970423
Stunna 4 Vegas,16185358
Stupeflip,239216
Stupid Goldfish,2555
Sturla Atlas,537770
Stuðkompaníið,186374
Stuðmenn,259676
Styl Mo,30491
Style,228420
StzCorp,2478
Su Presencia,4788
SuRie,88616
Sub Focus,3690194
Sub Urban,11886597
Sublime,406548
Suboi,104442
Subsonica,66701
Suchmos,4230090
Sudden Lights,8856
Sue,30866
Sueco,4353910
Suede,3396
Sufi Rashid,134518
Sufian Suhaimi,8666577
Sufjan Stevens,46839
Sufle,615675
Sugababes,139263
Sugar MMFK,2980645
Sugarland,1329257
Suikon Blaz AD,334524
Sukhwinder Singh,12889
Sukima Switch,25605273
Sukkerchok,22432
Sulman Sako,1465
Sultan El Omani,575320
Sum 41,124467
Suming,19605
Summer Cem,335144612
Summer Lei,4427
Summer Walker,131786831
SummerFoster,76541
SummerWish,20661
Sun Diego,20244029
Sun Rai,497681
SunCity,233103
Sunloverz,11365
Sunny Day Service,137987
Sunrise Avenue,1086018
Sunset Bros,201640
Sunset Rollercoaster,65609
Sunset2002,17474
Sunstroke Project,648959
Supa Squad,6178721
Super Sako,1335332
SuperM,11664999
Superfly,25369189
Supergaande,2988381
Superorganism,42999
Supersub,16306
Supper Moment,7607261
Sura İskenderli,18289754
Surf Mesa,303737491
Surfaces,544294674
SuriBeats,214768
Suro Solar & Camila Recabarren,39021
Survive Said The Prophet,1163
Survivor,262748
Survivors,2503
Susan Boyle,486088
Susan Ochoa,26510
SusanCarter,33336
SusanMiller,59032
Susanne Sundfør,97704
Sushi x Kobe,23982
Suspekt,22535305
Susumu Hirasawa,5941
Suur Papa,131993
Suurlähettiläät,8891
Suvi Teräsniska,3665283
Suzan & Freek,92868468
Suzanne Paalgard,14372
Suzi,1315999
Suzi P,196428
Sval,134201
Svala,142714
Svanhildur Jakobsdóttir,84521
Svante Thuresson,133503
Sven-Bertil Taube,146926
Sven-Ingvars,189951
Sverrir Bergmann,13230
SviMA,12991
Svingenkoret,2117895
Swae Lee,53042181
Swarmz,9070425
Swaroop Khan,15754
Sweat16!,5161
Swedbank koris,3274
Swedish House Mafia,224157
Sweet,4763
Sweet California,16448
Sweet Female Attitude,389434
Sweet Mullet,34497
Sweetsound,1468
Sweety,2839
Swinging Dudes,7577
Syakir Daulay,485678
Syamel,605592
Sylver,86598
Sylvester,51074
Sylvia Catz,1425
Sylvia Landers,28637
Sylvia Ratonel,18172
Sylwia Grzeszczak,13758
Symba,16577944
Synapson,303938
Synbby,7951
Sys Bjerre,86938
System Of A Down,146737
Szabó Benedek és a Galaxisok,1398
Szakács Gergő,3302
Szpaku,33758261
Sálin hans Jóns míns,352214
Säkert!,58390
Séra Bjössi,3222884
Södra Station,32945
Søren Poppe,49441
Søs Fenger,434982
Sıla,20209375
Sławomir,434021
Sơn Tùng M-TP,4100149
T Team,187110
T-Bone and Grandpa-E,15168
T-Pain,9915
T-Roy Aka Reezy,2490
T. Danny,852488
T. McCrae,22455
T.I.,737373
T.Love,11335
T.O.T,8323
T.R.I,2696
T2,388139
T2R,1456070
TAAR,1163
TAEMIN,27573
TAEYANG,222872
TAEYEON,9218468
TAEYONG,124517
TAL,63587
TANK 呂建忠,1295916
TAY,5775837
TCTS,60401
TEEKS,53960
TEEN TOP,15837
TEN,2860
TERRA,3250
TGD,310769
THE BOOM,228569
THE OLD ISE,215694
THE ORAL CIGARETTES,127947
THE PACES,6430
THE RAMPAGE from EXILE TRIBE,128318
THE ROOP,644534
THE RUBE,15182
THE YELLOW MONKEY,69225
THEMBA,1086
THEY.,19965
THREE1989,5234
TIKA,15392
TINA LTT,36325
TINI,10710174
TIPPA,10076143
TIX,68454861
TJ Monterde,16255173
TJ_beastboy,7766509
TK,158863
TK from Ling tosite sigure,173431
TKX,2645
TLC,14724995
TLDK,341582
TM NETWORK,422504
TNS,159149
TNT,6971
TOKYO’S REVENGE,96726178
TOMGIRL,3484
TOMORROW X TOGETHER,17895413
TOOL,26857365
TOOMANYLEFTHANDS,31322
TOQUEL,13393944
TOR Saksit,3477350
TOSSAKAN,14933
TOTO,459909512
TRINITY,235733
TRISHES,1133
TRXD,2852858
TVTwixx,37503
TVXQ!,1070
TWICE,252830831
TYSM,18433
Tabaré Cardozo,3359
Tabb And Sound`N`Grace,437729
Tabitha,9201325
Tabitha Nauser,88623
Taburete,27581514
Taco Hemingway,93232438
Tagtraeumer,32970
Tahribad-ı İsyan,15735706
Tai Orathai,10544
Taichi Mukai,348025
Taif,11859
Tainy,546888819
Taio Cruz,308193
Tajul,648692
Takagi & Ketra,5871016
Takako Matsu,14159
Take That,190553
Takeoff,43843793
Takida,190218
Taladro,429766
Talento de Barrio,46822
Tali,3078
Talisman,2889
Talitha.,328145
Tamara Todevska,60343
Tambó Tambó,211563
Tame Impala,263735807
Tameem Youness,434495
Tamer Ashour,333008
Tamer Hosny,320671
Tamia,26333
Tamino,11309
Tamio Okuda,4639
Tamta,1454728
Tamuz,1112
Tan Sri P. Ramlee,667676
Tan Taşçı,305453
Tan Weiwei,9897
Tanel Padar & The Sun,2481
Tang Siu Hau,30053
TangBadVoice,1402527
Tangerine Wong,274889
Tangga,5601748
Tankcsapda,1227311
Tankurt Manas,2687564
Tanya Chua,5794969
Tanya Stephens,148163
Tapani Kansa,18787
Tarek K.I.Z,2569305
Tareq Al Harbi,449959
Tareq Al Harbi And Bader Al Shaibiii,39538
Tarharyhmä,595112
Tarkan,9279307
Taro Urashima,2319611
Tasché,1429
Tash Sultana,5247634
Tate McRae,5889761
Tatiana,531964
Tattoo Colour,5268766
Tauro Boys,86272
Tautumeitas,11855
Tawsen,137720
TaxKiller,12874
Tay Kewei,9510
Tay-K,10441076
Tayc,1131776
Tayla Parx,22688
Taylor Cash,72410
Taylor Swift,-1700803838
Tayna,89422
Tayá,52815
Teamheadkick,10207
Teapacks,1968
Tears For Fears,88811
Tears of Happiness,1638
Techy Fatule,5695
Tecla,747756
Ted Claude,7583
Ted Ferley,7577
Ted Gärdestad,11674910
Ted Linus,3819
Tediolya,2341
Tedua,551822
Tee Grizzley,48932837
Tee Lonzo,8350
Teflon Brothers,11836708
Tego Calderon,43206
Tehosekoitin,32008
Tehuelche,2363
Teleks,7903
Telex Telexs,327226
Tempalay,363190
Temple Sour,341548
Temur,43967
Ten Typ Mes,8543
Ten2Five,39883382
Teo B,2488
Teoman,12585561
Tep No,1109
Tepki,1890737
Tercer Cielo,1282
Terence Lam,917387
Terence Siufay,3117803
Tereza Kerndlová,15731
Terhi Kokkonen,263403
Terminaator,2181
TerryFerrell,119345
Tesher,63067
Teske,129811
Tess,1857600
Tessa,26321512
Tessa Violet,28942
Tetsuya Komuro,10018
Teure,7586
Tev tuvumā,6478
Tevin Campbell,18604
Teyana Taylor,292802
Tez Cadey,163288
Teza Sumendra,8067
Tflow,1656
Th' Dudes,9126
Thaeme & Thiago,2533282
Thalia,17550419
Thanh Hung,1159
Thanos Mikroutsikos,2037
The 17 Experience,7581
The 1975,90043204
The 2 Johnnies,185279
The 38 Years Ago,19101
The 7 Dimensions,1152416
The Aces,1428
The All-American Rejects,46990
The Amity Affliction,55728
The Andrews Sisters,149886
The Angels,104771
The Animal,182466
The Atif,15750
The Avener,98053
The Band Of H.M. Royal Marines,61272
The Band Of Her Majesty's Royal Marines & Pipes & Drums Of The Argyll & Sutherland Highlanders,71311
The Band Of The Royal Corps Of Signals,87384
The Beach Boys,262027
The Beatles,7648686
The Beverley Sisters,99067
The Bilz & Kashif,476532
The Birthday,5515
The Black Keys,1870099
The Black Seeds,366135
The Blaze,31999
The Blues Brothers,22404
The Bonfyre,2980
The Brian Setzer Orchestra,82578
The Brothers & The Sisters,3009
The Calling,6892636
The Cardigans,59160
The Carters,152161438
The Cast of RuPaul's Drag Race UK,272845
The Chainsmokers,1638751587
The Chemical Brothers,67902
The Chicks,883866
The Chieftains,13361
The Citizens of Halloween,4015112
The Clash,2810817
The Company,1204774
The Coral,254472
The Coronas,27694
The Corrs,73988
The Cranberries,4351939
The Crystals,2629321
The Cure,209958
The DURCH Project,7586
The Dai Dai,2844
The Darkness,1236551
The Doobie Brothers,1879749
The Drive,50507
The Dubliners,81754
The Dumplings,1889356
The Easybeats,77496
The Endorphins,11438
The Exponents,74855
The Face 1234,23772
The Faim,11107028
The Farm,96244
The Foundations,266311
The Frank And Walters,13541
The Fratellis,789543
The Fray,3046948
The Freshman,148408
The Future Kingz,5766
The Goo Goo Dolls,28741435
The Greywolf,44466
The Henningsens,39155
The High Kings,9972
The Hotpantz,89791
The Human League,110395
The Itchyworms,6157614
The Jackson 5,101396969
The Juans,37685042
The Jungle Giants,3100260
The Kid LAROI,48336511
The Killers,260983151
The Kingdom Choir,3796279
The Knocks,23533
The Kolors,17578300
The Kooks,49781119
The La Planta,865173
The La's,51100
The Landers,216759
The Latin Brothers,142439
The Legendary Fruitman,901196
The Lidls,76380
The Life Journey,11507
The Local Train,81129
The Lovers Of Valdaro,526233
The Ludvig,18277
The Lumineers,10270725
The Macarons Project,8715420
The Main Level,400161
The Makemakes,75415
The Mamas,7158328
The Mayries,221779
The Middletonz,9633
The Minds Of 99,18000143
The Motans,506685
The Mousses,77652
The Mulligan Brothers,91803
The National,59883
The Neighbourhood,1541877
The New Boyz,243018
The Notorious B.I.G.,1326325
The Notorious Rio,17117
The Nuts,2691
The Offspring,4738
The One & Only Boyband,7679
The Panas,63048
The Panasdalam Bank,11884330
The Panturas,1188170
The Paper Kites,4303666
The Parkinson,13340790
The Party Band,2234
The Partysquad,53528
The Platters,1041979
The Plug,12548425
The Pogues,108383111
The Pointer Sisters,151783
The Police,112460520
The PopBrokers,7397
The Preatures,2625
The Prince Karma,37838112
The Proclaimers,69592
The Prodigy,1773820
The Promise,21883
The Pussycat Dolls,31169815
The RRR Mob,249079
The Rasmus,282008
The Raveonettes,1666
The Ray Conniff Singers,5482
The Real Group,535595
The Real Thing,36360
The Relics,1101
The Rolling Stones,1539418
The Ronettes,126581055
The Royal Guardsmen,186006
The Rubens,30454059
The STROBOSCORP from 映画『君と100回目の恋』,11574
The Sam Willows,2110638
The Saturdays,44200
The Saw Doctors,23433
The Screaming Jets,104564
The Script,53440770
The Second Level,145389
The Shoos,2864
The Sound Poets,17718
The Starlings,1278548
The Strokes,9671843
The Strumbellas,1962338
The Stunning,5351
The Sundays,20368
The Supremes,144673
The Swingers,1371
The Tallest Man On Earth,18121
The Tech Thieves,114807
The Temper Trap,719696
The Temptations,677410
The Tesca Country Clan,253209
The Tokens,1092
The Toys,28511918
The Tragically Hip,82623
The Turtles,1115
The Ultras,1465
The Undertaking!,2180
The Undertones,3233
The Untouchable,48037
The Urashima's,51285
The Vaccines,44329
The Vamps,6696340
The VenomKing,59693
The Verkkars,1277575
The Veronicas,2342674
The Verve,720532
The Waitresses,625787
The Waked,566525
The Wannadies,50315
The Wanted,414665
The War On Drugs,10905
The Waterboys,7172
The Wave,36973
The Weeknd,103255403
The White Stripes,11163260
The Who,64005
The Wolfe Tones,154587
The Wombats,2049815
The Yers,1485934
The Zen Circus,783718
The Zutons,50215
The lion man,101724
The sPlayers,5564060
The xx,14330863
TheDoDo,2327226
TheOvertunes,76129231
Thea Gudmundsen,64975
Thee JAE,32231
Thegiornalisti,133356330
Thelma Plum,979288
TheoFuego,137241
Theoz,2554823
Therapie TAXI,42096422
Theresa Rex,3352
Thiago Brava,31070052
Thiago Carvalho,6520
Thiaguinho,32107742
Thien Phuong,1194
Thin Lizzy,99609
Thinh Suy,28547
Third Eye Blind,27223
Thirty Seconds To Mars,576802
This Band,167847624
Thoi Nguyen,1179
Thomas DGX YHL,59342
Thomas Dybdahl,12155
Thomas Helmig,573685
Thomas Rhett,111432147
Thomas Ring,8245
Thomas Stenström,8387708
Thomston,17008
Thorsten Flinck,133148
Three Man Down,18105550
Three Man Down X Tilly Birds,294102
Thrife,4064876
Throttle,38367
Thu Minh,10731
Thundamentals,219519
Thundercat,3325
Thurl Ravenscroft,10761100
Thái Đinh,2035671
Thùy Chi,24551
Thịnh Suy,345857
Tia Lee,419061
Tia Ray,1919692
Tiago Bettencourt,9250
Tiago Iorc,25375367
Tiagz,1186873
Tiah,12131
Tiahzzi Cherrelle,3847
Tiara Andini,3830670
Tibz,3101032
Tien Tien,60168
Tierra Adentro,344895
Tierry,1010431
Tifa Chen,4138
Tiffany Young,59353
Tiger Hu,13738408
Tiiwtiiw,129104
Tik Shiro,16618
Tiki Taane,1505855
Tiktak,8200
Tilly Birds,5965477
Tim Arisu,18112
Tim Bendzko,29825988
Tim Berg,4355881
Tim Christensen,330942
Tima Belorusskih,1431249
Timal,74676142
Timbiriche,15764227
Timbuktu,2346385
Time Memrion,3812
Timeflies,310588
Timelock,14865
Timi Lexikon,15254
Timmy Trumpet,11127957
Timo Odv,7976
Timo Rautiainen & Trio Niskalaukaus,22340
Timo Turunen,11339
Timuçin Esen,418824
Tina Dickow,18916
Tina K. Goodlow,1142
Tina Shafer,2932
Tina Turner,61031
Tinashe,1240096
Tinie Tempah,12177443
Tino Martin,22916726
Tino Rossi,430655
Tiny Jackal,2658
Tion Wayne,9648564
Tisci,4333
Tita,10636
Titiyo,1258857
Tito Fernández,855883
Tito Nieves,38947
Titta,348810
Tiziano Ferro,19762138
Tizzy Bac,3197
Tiësto,40361950
Tjuvjakt,18020144
ToNick,3202503
ToTo H,34279
Tobee,1271030
Tobi,1320107
Tobias Rahim,24139
Toby Keith,648709
Toby Oby,10482
Todd Helder,4735
Todiefor,108557
Toivon kärki,913773
Toko,4253280
Tokyo Incidents,743633
Tokyo Ska Paradise Orchestra,16476
Tolay,89843
Toledo,55174
Tom Gregory,18627744
Tom Grennan,4566287
Tom Isara,42638
Tom Jones,69986
Tom Morello,1639
Tom Odell,434144
Tom Petty,1420523
Tom Petty and the Heartbreakers,4703722
Tom Walker,292713563
Tom Zanetti,9102553
TomHapbia,3933
Toma,117871
Tomas Andersson Wij,19088
Tomas Blank,29033
Tomas Ledin,2236959
Tomer Yosef,193018
Tomgang,12468
Tomi Amor,69743
Tomi Saario,7476
Tomine Harket,31949
Tommaso Paradiso,41798587
Tommy Ballisa,1085
Tommy Boysen,61151107
Tommy Cash,73577
Tommy Körberg,4196927
Tommy Nilsson,613888
Tompi,94638
Ton Thanasit,149375
Tone Damli,1405926
Tones And I,-1007480055
Tong Phanturak,1494
Toni Gonzaga,946829
Toni Kakko,42437
Tony Bennett,50629528
Tony Camargo,457692
Tony Deans,266450
Tony Dize,30255
Tony Kakkar,6794538
Tony Lieberman,148755
TonyGallagher,8047
TonyJones,121982
TopGunn,20620378
Topi Latukka,200094
Topic,1920107
Toploader,28389482
Tore,150622
Tori Amos,7140
Torine,90618
Torito,23175
Torrebruno,43622
Tory Lanez,344925019
Tosca,735484
Touch Sensitive,708433
Tourist LeMC,229395
Tove Lo,13557781
Tove Styrke,411923
Towers Mix,15242
Toy,731172
Toño Rosario,591368
Tracy Chapman,240872
Tracy Wang,3489
Trad.Attack!,121143
Tradición,18832
Traffic,93814
Trailerpark,2378449
Train,38735319
Tramper Torben,45830
Tran Thu Ha,3904
Trance Demon,62252
Tranell,69779
Trang,426903
Trap Travolta,53374
Trash,325065
Trash Boat,3051
Travelle,79899
Travellin' Strawberries,678671
Travie McCoy,4334
Travis Scott,1448735522
Trebunie-Tutki,200181
TreeHill,307871
Trench Mafia Locco,3331
Tres Dedos,1500108
Tres Hermanas,32118
Trettmann,255413
Trevor Daniel,1213438530
Trey Songz,2502034
Treyjan,1417
Triad,8904399
Triana Park,40161
Tribalistas,2354215
Trifecta,34086
Trill Ryan,86760
Trinh Thang Binh,285436
Trio Alma de America,1184945
Trio Lestari,502022
Triple H,118173
Triple One,2247291
Tripleaidan,16669
Trippie Redd,470734560
Trippjones,19104
Tripple 2,1014
Trisouls,45743
Trobi,77582
Troi Irons,1792
Trois Cafés Gourmands,25307431
Troll,674137
Trong Hieu,3089
Tropijazz,6213768
Trouble,186686
TroutFresh,9105
Troye Sivan,107878008
Truc Nhan,4224119
Trucci,11501
Trueno,16786
Trung Quan,326913
Trío Añoranzas,159798
Trío Los Josefinos,4939821
Tsaki,26779
Tsevet Havay Chativat Hatsanhanim,1979
Tsevet Havay Hanachal,2665
Tsew The Kid,1192280
Tshego,1449
Tsuyoshi Nagabuchi,1687
Tsvetelina Yaneva,199453
Tu Kukito,1591
Tuan Alto Sax,51379
Tubecon Allstars,6944
Tublatanka,2827
Tuborg Juleband,23791
Tujamo,235619
Tulia,7515
Tulus,96260715
Tumsa,1717
Tuna,2758804
Tuna Ipek,118146
Tund3,3592
Tungevaag,6950454
Tuomas Kauhanen,1749172
Tur-G,1739316
Turab,40352
Turf,19354279
Turma do Pagode,113469352
Turmion Kätilöt,1345423
Tus,179496
Tusse,1366195
Tussimond,7572
Tutto Duran,33075
Tuuli,22294
Tuure Boelius,6144886
Tuure Kilpeläinen,855962
Tuure Kilpeläinen ja Kaihon Karavaani,490603
Tuxedo,3993
Tuğba Yurt,7149307
Tuğkan,11826653
Tuğçe Kandemir,35325837
Tuấn Hưng,117567
Twelve,33141
Twenty One Pilots,591789503
Twenty★Twenty,466173
TwickBeats,20513
Twin n Twice,89167
Twinko,4317
Twins,2121577
Two Door Cinema Club,6778479
Two Feet,511134
Two Popetorn,1684733
Twopee Southside,2207535
Txarango,826685
Ty Dolla $ign,29810455
Ty Nikdy,85456
Ty Talaban,3472
Tyga,1849831009
Tyla Yaweh,38926139
Tyler Bates,7740
Tyler Childers,240799
Tymek,27506999
Typhoon,33689
Tyrees Tyr,249058
Tyrone Wells,357715
Tzamal,491229
Tzanca Uraganu,269213
Tzemer,5038
Tzvi Silberstein,3867
T»MA a.k.a. Falco,1715
Tóc Tiên,20631
Töölön Ketterä,386344
Tøsedrengene,10640
Tři Sestry,3665
Tố My,38108
U.S.A. For Africa,500755
U2,1603938
UB40,3024346
UDG,537879
UM44K,52543392
UNDRESSD,8067387
UNISON SQUARE GARDEN,3069122
UQiYO,22861
USNK,1022030
UVERworld,2003359
UZI,7651275
Ude Af Kontrol,27748929
Uffe Holm,439373
Ufo361,240120668
Ufogrupa,5501
Ufuk Beydemir,47561351
Ugly God,21497415
Uivaris,3778
Uji Rashid,13801
Ukendt Kunstner,1213020
Uku Suviste,22767
Uldis Stabulnieks,4144
Ulf Lundell,537610
Ulfuls,4208
Ulices Chaidez,16207551
Ulises Bueno,17376861
Ulpiano Vergara,18817
Ulrik Munther,429727
Ulrike Hansen Døvigsen,61836
Ulrikke,3558743
Ultimo,483776565
Uma Mohan,28490
Umberto Tozzi,240004
Una Sand,14980
Uncle Kracker,4372
Uncle Murda,72448
Undecided Future,5495
Under Lover,66844
Ung Cezar,84131
Unge Beirut,13014
Unge Ferrari,26868326
Uniekgrace,1999
Uniklubi,41393
Unique Salonga,22287666
Unittick,3099
Unknown T,12927167
Unnsteinn,5448
Uno Svenningsson,1563793
Unstxble,2235
Unwill,17536
Up Dharma Down,47862389
Upplyfting,3535
Urban Cone,2079082
Urban Zakapa,342206
Urband,74405
Urbanda,31616
UrboyTJ,754913
Ure Gia,3820
Uriah Heep,1424
Urszula,219098
Uru,8422969
Usher,361879
Ushera,19357
Usop,2390518
Ute,21318
Uu,20083
Uudo Sepp,51793
Uyên Linh,288322
UØ,14252
V,6163334
V:RGO,421032
VA,1062
VAPAE,2068
VAS,426372
VAX,4665353
VERIVERY,6271
VG+,15314
VI-EM,75721
VIC MENSA,1485954
VICE MENTA,86986
VICTON,3976
VICTORIA,11051
VIIVI,7992
VILA XON,1386
VILDE,13402
VIZE,31884742
VKL,3529
VLOSPA,2472581
VM Holdet,94733
VV,134792
VaVa,98246
Vacca,78490
Vadak,69565
Vadi Akbar,5568
Vahtera,42248
Vaidava,6281
Vakero,1438
Valas,642628
Vald,104514027
Valdimar,2085
Vale Lambo,118487
Valen Hsu,536608
Valentina Ploy,188055
Valentino,23902294
Valentín Elizalde,13340863
Valeria Gau,38696
Valerio Mazzei,36135
Valete,374486
Vallatud Vestid,3408
Vallis Alps,1633261
ValsBezig,18288884
Valvomo,322512
Vampire Weekend,6341663
Van Echelpoel,1679744
Van Halen,85729
Van Morrison,10890788
Van Ness Wu,37216
Vance Joy,121300388
Vandana Bhardwaj,15691
Vanek Andor,108265
Vanesa Britos,1681
Vanesa Martín,6603057
Vanessa Carlton,13681506
Vanessa Mai,4655699
Vanessa y Los Punto Com,45725
Vangords,7575
Vanic,226745
Vanilla Muffins,7424
Vaolight,25011
Vargas & Lagola,19374254
Various Artists,180020
Vasco Rossi,2290705
Vassendgutane,3090841
Vaughn Monroe,57909
Vaundy,2333818
Vayu,261104
Vazelina Bilopphøggers,197801
Ved Sharma,13995118
Veeno,29653
Vegas Jones,90462084
Vegedream,80409081
Velet,24455993
Velvet,49361
Vengaboys,467180
Venjulegir Gaurar,4446
Vennaskond,1324
Ventino,87762
Vera Blue,3521227
Vera Lynn,540878
Vera Yen,7457
VeraQuintana,61187
Veronica Effertz,34332
Veronica Maggio,70645477
Veronica Verse,1065
Versaille,7527
Versatile,5762904
Vesa-Matti Loiri,1151999
Vesala,12811211
Vesta,9985519
Vesterinen yhtyeineen,241481
Vetusta Morla,765855
Veul Gère,57373
Veysel,83177837
Veysel Mutlu,413659
Via Vallen,5916048
Vianney,7897278
Vibe2Vibe,3530623
Vic Teo,9724
Vic9,53780
Vice,49685795
Vicente Fernández,1395703
Vicente Garcia,674805
Vicentico,3520
Vicetone,2583
Vickeblanka,3631996
Vicky Chen,3437565
Vicky Corbacho,2420371
Victor Crone,3569611
Victor Jara,466772
Victor Leksell,122202664
Victor Wong,587138
Victoria Nadine,66892
Vida Abundante,34449
Vidar Villa,17099985
Vidas Bareikis,19419
Vidi Aldiano,155971
Vidiek,6169
Viejas Locas,42789
Vieno Kekkonen,50433
Viento En Contra,75215
View,42739
Vieze Jack,72405
Vigiland,9978613
Vigro Deep,2724
ViibesFromNetto,37666
Viito,81506
Viki Gabor,5396828
Viktor Sheen,18678216
Viktoria Birkeli,10541
Viktors Lapčenoks,2165
Vild Smith,598062
Vilde Skogen,32304
Vilen,230316
Vilhjálmur Vilhjálmsson,91186
Villa Cariño,20108745
VillaBanks,162891
Village People,22017
Villagers,14333
Villancicos,1360
Villancicos de Navidad y Canciones de Navidad,850385
Ville Valo & Agents,824588
VilleGalle,4655992
Villemdrillem,118890
Vilma Alina,7906388
Vilma Palma e Vampiros,7384
Vin,2373
Vince Guaraldi Trio,13162612
Vince Staples,18867486
Vinchenzo,719257
Vinida Weng,3469
Vintage Culture,97188
Vintage Lee,11248
Vinzzent,186762
Vio,832678
Violent Soho,115145
Violette Wautier,2394344
Virginia To Vegas,1275662
Virgoun,9468286
Virgul,1268246
Virlan Garcia,74897223
Virzha,30906492
Vishal Dadlani,21941
Vishal Mishra,24688269
Vita de Vie,1522
Vitaa,18440121
Vitor Kley,99519107
Vitão,73530040
Vivian Chow,2224
Vivian Hsu,30627
Vivian Lai,2727
Vkation,66297
Vlad Reiser,2208794
Vladimir Misik,3936
Vladirmir Mez Vedez,7989
Vo Vinh Du,1021
Voices of Winter,48129
Void,67653
Volbeat,530917
Volkan,1445316
Volkan Konak,313014
Von Wegen Lisbeth,144902
Vonneke Bonneke,198928
Vox Rea,35807
Vu Cat Tuong,3117682
Vu Thi Tam,9363
Vuokko Hovatta,10823
Vuvanhy1985,23463
Vybz Kartel,1596974
Vytinho NG,28953017
VÉRITÉ,5128464
Václav Neckář,345459
Víctor Manuelle,2669000
Věra Špinarová,1193
Vũ.,9629105
W&W,163462
WALK THE MOON,10914778
WANIMA,15880400
WANYAi,33844746
WATEVA,9582
WEDNESDAY CAMPANELLA,179193
WESTSIDE BOOGIE,254881
WHIPPED CREAM,16774
WHTKD,915139
WIL,3788074
WILLOW,11105715
WINNER,5554026
WNDR,16822
WONFU,78857
WONK,27127
WOODZ,71767
WOOSEOK X KUANLIN,3820
WOS,191549496
WRKINSILENCE,4948
WRLD,3942
WSTRN,148223
WUANT,283753
Waa Wei,6640681
Wac Toja,3434599
Wafia,319344
Wakin Chau,28736
Waldo's People,12170
Wale,21294279
Walid Sevran,865643
Walk Off the Earth,959324
Walker Hayes,2046299
Walking On Cars,47029
Wallows,18611506
Wally,303206
Walmart Yodel Kid,125631
Walter Olmos,165495
Waltteri Torikka,157968
Wan Thanakrit,4098188
Wanakin,1355651
Wanda,612462
Wanfang,39075
Wang Jun Qi,884560
Wanna One,3635640
Wanna One - Lean On Me,9454
Wanna One - No.1,8712
Wanna One - The Heal,10387
Wanna One - Triple Position,22085
Wanting,12327
Wany Hasrita,1312099
Warez,31916
Warhola,3989
Warner Music Malaysia All Star,90203
Warren Zevon,568798
Watson Baez,1098
Watzreal,3958
Way-G,4903
WayV,1114881
Waylon,866568
Waze,525707
Wazzzay,7882
We The Kings,3642
We The Lion,351836
Wean,40601
Weeping Willows,31277
Weezer,899305
Wegz,4509704
WeiBird,358618
Wejdene,8621827
Weldon S. Kesterson,48014
Wellhello,267085
Welshly Arms,4362423
Werner & Werner,1061586
Wesley Safadão,271481419
Wesome,992020
Westlife,13854434
Wet Bed Gang,50719120
Whadi Gama,9157626
Whal & Dolph,21007557
Wham!,431958764
What Century,4307
Whatcharawale,1008082
Wheatus,467406
Whethan,2126129
White 2115,62773721
Whiteberry,228526
Whitney Houston,30506571
Why Don't We,201667700
Why Not,4339
Wiccid Lo,6008
Wiktoria,17489580
Wikw,3702
Wild Youth,22234
Wildstylez,1083478
Wiley,7217330
Wilfred Lau,189775
Wilfrido Vargas,3319
Wilkinson,186513
Will,1074
Will Finder,2172
Will Pan,912573
Will Smith,3743321
Willem,121638
William,23200
William Segerdahl,1104628
William So,2614
William Stridh,1593284
Willie Colon/Hector Lavoe,7223
Willie Colón,440954
Willie Peyote,3514483
Willow Sage Hart,126730
Wilson Phillips,52304
Wincent Weiss,25785858
Windy Guai,112823
Wink,183052
Winne,51438
Winnie Ho 何芸妮,22043
Winston Surfshirt,346876
Wisin,193283955
Wisin & Yandel,79693974
Wistful2010,26149
Within Temptation,7305
Witt Lowry,2026410
Wiz Khalifa,163879759
WizKid,4501794
Wizzard,13107311
Wobo,7581
Woenzelaar,1988621
Wohnout,3781469
Wolf Alice,82164
Wolfine,275488940
Wolty,2674442
Wolvo,3495
Womack & Womack,45872
Wonderframe,4335726
Wood Star Lane,105019
Woosung,46276
Wordz,1971
World Wildes,1247
Woro Widowati,4762081
Wouter Dewit,5551
Wowkie Da,2428
Wrabel,170271
Wu Bai,1980989
Wu Jia Hui,7257
Wulf,7467292
WØODY,34171
X Ambassadors,1724741
X Daniel,415573
X JAPAN,278639
X-Tense,1631528
X1,4941201
XATAR,482759
XINDL X,114667
XO Cupid,18626764
XPOSE,555864
XXX Rottweiler hundar,4318
XXXTENTACION,507721045
XYLØ,59604
Xabski,703275
Xand Avião,16611529
Xander,1198117
Xander Llc Lihuel Doble,667817
Xavier Naidoo,487810
Xavier Rudd,14298
Xen,90721
Xenia Ghali,5195
Xian Zi,230587
Xiao Qiu,475566
Xiao Yu,771805
Xiety 7,65137
Ximena Sariñana,6731138
Xir,12723727
XitLes,7755
Xmas Classics,139414
Xo Muzik,11040
Xriz,1412696
Xuitcasecity,49800
Xxanaxx,38043
XƎN,2102
Y-Kay,2850
Y2j,3307
YBN Nahmir,145704299
YELLOW,7550
YENTED,3807089
YERM,1734328
YEiLY,1039
YFN Lucci,9921941
YG,550816350
YG Pablo,4854262
YHWH,6946
YK Osiris,66471251
YKKUR,28956
YL,12964361
YNW BSlime,12115
YNW Melly,1622425595
YOASOBI,14641527
YONII,4537178
YOUNGHEARTED,2323274
YOUNGOHM,7989361
YSY A,16053441
YUI,1751420
YUNGBLUD,73617772
YURI,4948
YUZI,114571
Yabai T-Shirts Yasan,663772
Yacine,57479
Yacine Laghmari,37700
Yade Lauren,2822273
Yago Roche,9386601
Yall,420055
Yalın,29205751
Yam Refaeli,1541969
Yandel,55728949
Yanga Chief,19158
Yanitsa,100730
Yanki Din,67744
Yann Tiersen,49837
Yannou JR,30426
Yashua,4733809
Yasin,51824916
Yasmeen,642676
Yasmin Santos,142125371
Yasser Abd Alwahab,19757
Yasser Desai,243881
Yasutaka Nakata,117679
Yazid Izaham,1052020
Yağmur Yaman,12733
Yaşar,725649
Yaşlı Amca,14587147
YbGelo,8488
Years & Years,159653374
Yebba,4164
Yeezys Activist,96803
Yehoram Gaon,6558
Yehuda Poliker,8574
Yehudit Ravitz,5324
Yeison Jimenez,5497672
Yella Beezy,9141
Yello,35163
Yellow Claw,3912186
Yemil,1397639
Yener Çevik,1121961
Yeng Constantino,11408822
Yerba Brava,2882
Yerin Baek,1755116
Yes Mccan,413752
Yetisports,19007
Yhung T.O.,11859
Yianna Terzi,40345
Yico Tseng,3630
Yida Huang,42759
Yigal Bashan,13261
Yisa Yu,9411123
Yiyo Sarante,2187104
Yksi Totuus,13850875
Ylva,223523
Ylvis,360292
Yma Sumac,16232
Yo Gotti,20207227
Yo Hitoto,6667169
Yo La Tengo,496164
Yo Lee,3317950
Yo Yo Honey Singh,3265071
YoWis Ben,74388
Yoga Lin,28422231
Yohanna,1100
Yoi Carrera,14806
Yokez,23941
Yomi,400878
Yona,178944
YonnyBoii,971348
Yoon Mirae,2286549
Yoskar Sarante,38210
Yosra Saouf,48628
Yossi Halfon,1051
Yossi Shitrit,44092
Yosui Inoue,24899
You Me At Six,61629
You Salsa,11534829
Young Cister,58775
Young Da Gawd,3711
Young Dolph,210334
Young Ellens,9213537
Young Igi,42248216
Young Juu,1386269
Young Karin,1951
Young M.A,13493564
Young Man and the Sea,2681
Young Miles,591864
Young Multi,3152598
Young Nudy,24134
Young O,3584
Young Rame,98476
Young T & Bugsey,101719325
Young Thug,830214487
Young Vito,27184
Young Wavee,42808
YoungBoy Never Broke Again,260881378
Youngcuzzoo,8230
Youngn Lipz,12112788
Youngr,12069
YoungstaCPT,1186
Younha,1612625
Youp van 't Hek,87896
Youssoupha,384976
Yovie & Nuno,2531883
Yoyo Sham,10731686
Yseult,1803189
Yssi SB,339961
Yue Chun Giu,6214
Yugen Blakrok,1183
Yumi Arai,189154
Yumi Matsutoya,813298
Yuna,642894
Yung Beef,27634
Yung Felix,2412181
Yung Hurn,8670785
Yung Kafa & Kücük Efendi,945217
Yung Lean,27994
Yung Nigo Drippin',229422
Yung Nnelg,32693
Yung Ouzo,100669
Yung Pinch,10148
Yung Potato,2680756
Yung Raja,151091
Yungen,15672932
Yura Yunita,1959646
Yuri,500888
Yuridia,32212472
Yurufuwa Gang,12298
Yusuf / Cat Stevens,137422
Yusuke,123919
Yuta Orisaka,10899
Yutaka Ozaki,81471
Yuval Dayan,2288847
Yuzi Qin,3306
Yuzmv,1196300
Yuzu,10319939
Yves V,489238
Yvonne,156600
Yvonne Catterfeld,575401
Yxng Bane,34466001
Yzomandias,6915545
Yö,1797101
Yölintu,72580
Yön Polte,22843
Yüksek Sadakat,14320293
Yüzyüzeyken Konuşuruz,179784719
Yıldız Tilbe,241071
Z,553389
Z-Chen,395585
Z-Scars,1645
Z.E,83816545
Z.TAO,162688
ZANO,1592
ZAYN,258078580
ZENA,109833
ZHU,37974
ZICO,28747572
ZINNIA,7579
ZK,26984535
ZL-Project,171212
ZONE,391607
ZUTOMAYO,12430940
ZUZ,23129
Zac Brown Band,3397364
Zacari,9611829
Zacarias Ferreira,507061
Zack Ink,2010268
Zack Knight,6233
ZadeKing,599629
Zaeden,480494
Zahara,32792
Zaho,53201
Zak Abel,1500324
Zakaria Ghafouli,24881
Zakkum,2389872
Zakopower,162879
Zanger Kafke,79593
Zanto,53709
Zara Larsson,603389489
Zato DJ,4345550
Zayed Al Saleh,195552
Zayo,192234
Zaz,11452
Zbigniew Preisner,134569
Zbigniew Wodecki,103906
Zeal,3384155
Zeamsone,3285904
Zeana,2977111
Zeballos,227713
Zedd,466600009
Zeeba,1189758
Zeeno,8849
Zefanio,9650455
Zehava Ben,1552
Zehra,124110
Zeki Müren,14226
Zen Cafe,85913
Zepidix,1272
Zero12Finest,251717
Zetazen,21784
Zetec,13284
Zeynep Baksi Karatağ,4132495
Zeynep Bastık,50051667
Zeynep Casalini,172540
Zhang Bichen,170304
Zhang Zhen Yue,85860
Zhao Chuan,8115
Zhavia Ward,56966
Ziana Zain,78599
ZieZie,30948154
Ziedu Vija,4192
Ziggy Alberts,3115629
Zikxo,192909
Zion,254748
Zion & Lennox,741041329
Ziva Magnolya,522268
Zivert,24224
Ziynet Sali,17788018
Zizan Razak,174955
Zoda,20557106
Zoe Wees,8249087
Zoee8,38328
Zola,128211157
Zom Marie,3308142
Zooey Wonder,5202
Zookeepers,1653076
Zouhair Bahaoui,1013692
Zoupouti,80103
Zoé,43451994
Zséda,9860
Zukimond,7579
Zuna,17725447
Zupermaria,10223
Zvaigžņu koris,5650
Zwangere Guy,1677914
Zweed n' Roll,9588
Zynde,11568
ZÖE,1037
Zé Felipe,3121993
Zé Neto & Cristiano,1125165125
Zé Ricardo & Thiago,140101
Zülfü Livaneli,16751
Zēnu koris,3754
[Alexandros],29300989
a-ha,9752566
aiko,5396710
alt-J,852074
amazarashi,22673
andreas odbjerg,1056044
androp,300246
anna RF,6409
ansis,12585
at Wendys,200679
awais,188866
ayaka,12417659
ayokay,22731
azul azul,43731
ba.,111841
back number,82786640
badmómzjay,12194868
balloon,1800023
banvox,106586
be vis,17788910
benji price,5344
benny blanco,-2038521236
blackbear,1066604947
blessthefall,4609
blink-182,3735878
bobby shams,35672
bonobos,11457
boy pablo,80398
brb.,56274
bülow,2368176
chay,27117
chillwagon,63698781
chris nov & I MEAN LOVE,9757
costee,11501613
deLillos,198628
dePresno,61793
deadman 死人,9230
diGi,20454
dodie,387745
dvsn,386133
eMMa,1862406
edi,2532010
eetu,619052
electric.neon.lamp,734078
emre aydın,1420092
ent,2107
estraden,17204378
evening cinema,1364
fellow fellow,16628062
flumpool,13831332
for KING & COUNTRY,33158
fromis_9,73420
fun.,1045268
fuse.,1057
girl in red,105016
globe,90457
gnash,60668195
grandson,207854
gugudan,14160
hiperkarma,11212
iKON,50932123
iLL BLU,869205
iLLEOo,3897327
iMarkkeyz,26646
iann dior,13087666
ibe,4516161
ikikardesh,24948
illion,140675
iri,7624299
j mena,31334543
j-hope,7435979
j.rabid,175970
jautì,101103
jens,116136
joysad,205793
juan karlos,77851610
jxdn,6395289
kaw,5891
kef LAVÍK,40656
kent,4758811
kenzie,23271
keshi,684416
kimbureyhan,4519863
kizaru,7192
kouz1,94521
krassasig,6485
krissy & ericka,372646
la Pandilla Rd,1046
lab spitta,4080
le Shuuk,3960981
leegof,40320
lil joujou,1905
lost spaces,36615
lovelytheband,10855948
lowlow,3110432
m-flo,77318
maNga,33594423
marp$,7032
micem,3751
miky wood,7577
milet,7690653
millennium parade,61546
mishlawi,5157466
miwa,15332168
mor ve ötesi,47554921
my little airport,3103
natos,84340
negatiiv OG,64149
never young beach,28569
nublu,4325063
okeiokei,7444
p n v .,6682139
pd stone,197291
per se,53877
pins.ku,90443
prettieboy johnson,99340
reezy,35587661
remme,192718
rohan welly,164862
sanah,15614847
schafter,40546629
senjasa,1024
shaftee pa,13740
slchld,562855
slowthai,1415816
sp'ACE,1462
sudannayuzuyully,1133
sumika,19790861
supercell,79976
säm,34371
t.A.T.u.,69787
tha Supreme,386193241
the bird and the bee,1646732
theAngelcy,1412
thisisNAMASTE,23080
tofubeats,285975
twinsmatic,155719
twocolors,4743601
uPsTa!Rs,7286
una schram,1065
vad fruttik,54408
w-inds.,66097
wacci,11176136
why mona,1172067
will.i.am,1279
william,4137653
xumingming,13348
yahyel,12491
yama,3736439
yui (FLOWER FLOWER) × ミゾベリョウ (odol),116610
zalagasper,177623
zelinen,16123
Á Móti Sól,8618
ÁTOA,409543
África,190255
Ákos,22719
Ángela Aguilar,261166
Árbol,265884
Ásgeir,59763
Çağatay Akman,2590164
Çağatay Ulusoy,82699
Çağla,77010
Í svörtum fötum,388517
Írafár,3403
Ñejo,7820
Ñejo & Dalmata,2852095
Ñengo Flow,190525
Óðinn Valdimarsson,3015
Öed,327115
Östen Med Resten,114658
Özdemir Erdoğan,36969
Özgün,1078595
ØZI,732135
Ødyssey,1494722
Øystein Hegvik,2586129
Úlfur Úlfur,83753
Þorri,67916
Āris un Saulceris Ziemeļi,6247
Čikāgas piecīši,8578
Đen,121902
Đông Nhi,284213
Đạt G,346786
Đức Phúc,1589405
İbrahim Erkal,84700
İdo Tatlıses,25515581
İkiye On Kala,16613668
İlyas Yalçıntaş,9043201
İntizar,128242
İrem Derici,2342913
İyi Olacak,340327
Łobuzy,572862
Łona I Webber,105650
Łąki Łan,134931
Şam,7245404
Şanışer,22988621
Şebnem Ferah,659236
Şehinşah,80225241
Şimal,362704
Šorty,72565
Żabson,30976510
Žoržs Siksna,4683
Ν.Ο.Ε.,363263
Грибы,66527
Мэвл,262358
אושר ביטון,3939
אייל גולן ומשה פרץ,239685
בן זיני וטיילור,1281
דקל וקנין,40004
מרקש אקספרס,4695
רועי סנדלר,60255
שבט אחים ואחיות,1984628
שקד קוממי,1044
بدر العزي,4325
بندر بن عوير,683425
بو خطيف,588113
دحوم الطلاسي,11985
ريكلس,1700945
سلطان الفهادي,1602
شبل الدواسر,11446
شيمي,1672271
عايل,3417
علي جاسم ومحمود التركي ومصطفى العبدالله,219475
علي خالد,74512
غريب ال مخلص,1608540
فالح الطوق,25023
فلاح المسردي,24187
معاذ الحربي,515422
مونستر,5447
คริส พีรวัส,149383
คลื่นลูกใหม่สุนทราภรณ์,2863
คิงส์ ชนาวิทย์,167998
ตูน อาทิวราห์,26454
ต้าเหนิง กัญญาวีร์,1340898
นนน กรภัทร์,24872
นายนะ,89772
น้อย พรู,60750
ปรีชา ปัดภัย,65053
ภูมิจิต,1436
มิน พีชญา X เบล สุพล,43758
ลำเพลิน วงศกร,47433
ลำไย ไหทองคำ,1345
ศรีจันทร์ วีสี,2390
สมอารมณ์,2000656
หนามเตย สะแบงบิน,435727
ออฟ กัน,3629
อุ๋ย บุดดาเบลส,1327869
ฮันแนว,10853
เขียนไขและวานิช,5715322
เทิดศักดิ์ จันทร์ปาน,7988
เบลล่า ราณี,1700
เล็ก พงษธร,300659
โป๊ป ธนวรรธน์,2146
โหด มัน หวาน,3809
ใหม่ ดาวิกา,6083
りりあ。,574707
ササノマリイ feat. ぼくのりりっくのぼうよみ,2104
サザンオールスターズ,838856
シン & ふうか,159339
ジュディ アンド マリー,41662
ヒプノシスマイク -A.R.B- (Division All Stars),91665
ヒプノシスマイク -D.R.B- (Bad Ass Temple),406311
ヒプノシスマイク -D.R.B- (どついたれ本舗),762197
フレンズ,1191
ヨルシカ,33659065
三代目 J SOUL BROTHERS from EXILE TRIBE feat. Yellow Claw,295196
中國娃娃,2202
二珂,14523
井谷俊二,6174
伊雪,24102
何夏,190877
何書宇,3090
何潔,8509
余佩真,4104
依錚依靜,12123
信樂團,9771
優里,847057
冬夏雨晴,8361
刘人语,502873
利綺,13202
劉卓軒 Hinry Lau,2399
劉惜君,24867
劉星冶,14199
劉瑞琦,420899
劉芷融,357406
劉虹嬅,5215
卓文萱,14811
卓義峯,8248
又仁,2960
同恩,40442
吳亦帆,46868
吳青峰,6323150
呂孝廷,38866
呂莘,28549
呂薔Amuyi,81823
告五人,7381637
周星星,4446
唐一嘉,39184
嚴藝丹,21859
四堅情WOLF (邱鋒澤、陳零九、黃偉晉、賴晏駒),133047
夏寧杉,3169
奇哥,10783
好妹妹,10072
姚亦晴,160978
姚晨,14732
婁峻碩,1452062
婁藝瀟,12687
孫楠,2986
孫羽希,5709
孫雪寧,3382
安溥 anpu,109970
安琥,93915
宋楚琳,609087
寶石Gem,11071
小男孩樂團,13820
屁孩 Ryan,13284
展翼(ZAYIN),63713
嶋 大輔,20906
左顏,8346
巴奈,3807
康康,1731
康樹龍,61857
廖士賢,10038
廖文強,9065
廖竟淳,67367
张希,8351
张紫豪,3179582
張傑,92874
張思琪,2804
張涵真,8101
張淦勛,3037
張玉華,68103
張簡君偉,4971
張粹方,23456
張紋嘉,23074
張與辰,15085
張若凡,434954
張語噥,72334
徐天佑,12188
徐澔韋 (澔志),12135
思衛,7022
慢慢說,47605
慶慶,6899
戴祖儀,2394
手塚 翔太,743944
新樂塵符-賀子玲,11067
方宥心,14286
方玥,27831
方鉑深,7948
方雅賢,27819
易桀齊,8347
是元介,3461
曲肖冰,11712
曾昱嘉,36481
曾樂彤,28406
有感覺,2975
木良真真,23904
朱浩仁,11528
李佳歡,39518
李千那,2082546
李夢尹,3927
李崗霖,10039
李德筠,12717
李振源,216197
李浩瑋 Howard Lee,163745
杜小喬,22208
林凡,286927
林宇中,6102
林文荪,34155
林生祥,12094
林隆璇,8270
柯文哲,31592
柯智棠,93289
梁釗峰,387410
梦然,334625
棉子,10922
棱镜,21282
楊培安,32651
楊炅翰,10252
楊紫,4583
楊適維,11101
橙草,3900
殷悅,110768
永邦,3582
江松霖,5601
汪定中,9635
汪睿,42239
洛客班,3735
流氓阿德,13527
浜田雅功と槇原敬之,68376
深白色2人組,52921
清水 翔太 feat. 加藤ミリヤ & SHUN,1265
湯瑪仕與眾香港人,1078805
演唱：蘇打綠,243661
潘裕文,159647
熊仔 | BOWZ 豹子膽,40199
牛奶白,36740
王笠人,42107
王貳浪,37318
玖壹壹,140413
理想混蛋,1381326
瑞瑪席丹Rima Zeidan,7558
璽恩,7265
田亞霍,4494
癲佬 dlo,26602
盧子杰 James Lu,896461
盧學叡,7876
稲村オーケストラ,84294
管罄,27797
簡弘亦,7502
繆以欣,46244
缪如婷（1022）,6899
罗文裕,7640
羅大佑,8505
羅文裕,9316
羅美玲,5660
老王樂隊,6800890
聖結石,2405
肖坤侖,12937
肖懿航,145567
脫拉庫,25448
自然捲,3756
茶凉粉,5814
莫非定律More Feel,4075
葉巧琳,2375
蔡孟臻,33114
蔡詩蕓,93539
蔡黃汝,51726
蕭秉治,963265
蘇慧倫,7509
袁惟仁,4380
許孟哲,6125
許慧欣,16801
許莉潔,53961
許鈞,5079
許魏洲,2536
詹森淮,8240
詹雯婷,87974
謝博安,45384
謝春花,3989
路嘉欣,56713
輕鬆玩樂團,30238
過又嘉,34454
那吾克熱-NW,2756
那英,38380
邱詩凌,45032
邵雨薇,59278
鄧福如 AFÜ,377358
鄭淳元,1944
鄭興,78058
鄭興琦,22784
金志遙,3365
金莎,18243
阿佐,9646
阿信,298226
阿冗,1263213
阿桑,4423
阿沁,26050
阿涵,4119064
陈敏,8964
陳予新,11174
陳以桐,386210
陳健安,162039
陳卓賢,74533
陳嘉唯,21582
陳妍元,19431
陳威全,4767
陳思函,6381
陳惠婷,2843
陳柯宇,25070
陳欣斈,139670
陳珮茹,167281
陳詠謙,4585
陳輝陽 x 女聲合唱,16169
陳雪燃,36207
陶晶瑩,112373
韻マン,18271
頑童Mj116,3140678
顏卓靈,3128
颜慧萍,3855
香港人,5022
馬念先,3867
高爾宣 OSN,38782772
魏奇奇,46122
黃乙真,6731
黃奕儒Ezu,18163
黃宇韶,29234
黃宣,264331
黃小楨,2901
黃小琥,12777
黃立行,48229
黃維德,3188
黃荻鈞,7733
黃莉,114617
黃齡,38184
黄旭 | 艾熱,7534
黄靖伦,8848
黎曉陽,2936
龔詩嘉,125326
하숙자,5885
